css-901oao,product_image-wrapper__wHSJ6 src,product_title__t7dLU,product_category__MfZs_,product_price__hgX1S,product_old-price__72yeH,product_description__C_5ER,product_code__HvsVs
7% OFF,https://firebasestorage.stagebeta.kyte.site/v0/b/kyte-7c484.appspot.com/o/z8ceXb8w02TssUbULtdA08LxbUz1%2Fthumb_280_MkdWM6Qn5bswBeQb4LrhA%3D%3D.jpg?alt=media,Carretilla 75Lts Rueda Plastica,FERRETERIA,"ARS 55,900.00","ARS 59,900.00",x10 unidades $52.900 c/u,
3% OFF,https://firebasestorage.stagebeta.kyte.site/v0/b/kyte-7c484.appspot.com/o/z8ceXb8w02TssUbULtdA08LxbUz1%2Fthumb_280_28DBE88D-EE6F-4372-BF8C-173A0CB61788.jpg?alt=media,Trompo Hormigonera 130L 3/4HP Maciza,FERRETERIA,"ARS 329,000.00","ARS 339,000.00",x4 unidades 309.000 c/u,
8% OFF,https://firebasestorage.stagebeta.kyte.site/v0/b/kyte-7c484.appspot.com/o/z8ceXb8w02TssUbULtdA08LxbUz1%2Fthumb_280_3BF12E27-1948-4144-87EC-CBB9EC634F9C.jpg?alt=media,Bomba Periférica 1/2hp GardenPlus BP150G-7,GARDENPLUS,"ARS 33,900.00","ARS 36,900.00",x12 unidades $29.900 c/u,
7% OFF,https://firebasestorage.stagebeta.kyte.site/v0/b/kyte-7c484.appspot.com/o/uNiBt23xEeTLHc6qq0SczvMaNPf1%2Fthumb_280_0A8753B3-F0CB-4F0D-A843-0988831038A3.jpg?alt=media,Generador 2500w GardenPlus GP2500,GARDENPLUS,"ARS 255,000.00","ARS 275,000.00",x3 Unidades $245.000 c/u,
,https://firebasestorage.stagebeta.kyte.site/v0/b/kyte-7c484.appspot.com/o/kO7PxYkhJuh8ulF3RSBup3HgPoo1%2Fthumb_280_CBA3418C-6AB3-47F2-984B-B70116233F5C.jpg?alt=media,GP8000 Generador GardenPlus 15HP,GARDENPLUS,"ARS 727,700.00",,,
,https://firebasestorage.stagebeta.kyte.site/v0/b/kyte-7c484.appspot.com/o/ZFyc7Bt6RkXUMOZjV0nJrgbWuBK2%2Fthumb_280_YYNQ%2Bc2HjkrGQ3snlrvIw%3D%3D.jpg?alt=media,LH-199BK TALADRO ATORNILLADOR INALAMBRICO BRUSHLESS GARDEN PLUS,GARDENPLUS,"ARS 74,900.00",,MANDRIL METALICO 10MM TECNOLOGIA BRUSHLESS (SIN CARBONES) BATERIA DE 18V MALETIN CON ACCESORIOS,COD: LH-199BK
,https://firebasestorage.stagebeta.kyte.site/v0/b/kyte-7c484.appspot.com/o/z8ceXb8w02TssUbULtdA08LxbUz1%2Fthumb_280_9C93jr1oasawiNFskvDh1Q%3D%3D.jpg?alt=media,"GP2002 Pinza Universal 8"" GardenPlus",HERRAMIENTAS DE MANO,"ARS 4,830.00",,,COD: GP2002
,https://firebasestorage.stagebeta.kyte.site/v0/b/kyte-7c484.appspot.com/o/z8ceXb8w02TssUbULtdA08LxbUz1%2Fthumb_280_ZIVHazSptW6vvg1l9G34hA%3D%3D.jpg?alt=media,GP2004 Alicate Corte Oblicuo 6” GardenPlus,HERRAMIENTAS DE MANO,"ARS 3,830.00",,,COD: GP2004
,https://firebasestorage.stagebeta.kyte.site/v0/b/kyte-7c484.appspot.com/o/UxJDx4tXqVMwdhW1pLbTXZQNXC03%2Fthumb_280_6ldiISmRsG6QR6fghxGf%2BQ%3D%3D.jpg?alt=media,L4300 Pinza de Presión Mordaza Recta 7” 180mm Lusqtoff PRO,HERRAMIENTAS DE MANO,"ARS 8,230.00",,Llevando x6 unidades [5% OFF],
,https://firebasestorage.stagebeta.kyte.site/v0/b/kyte-7c484.appspot.com/o/UxJDx4tXqVMwdhW1pLbTXZQNXC03%2Fthumb_280_H%2BHguat%2B1LsBGMYCFGan1g%3D%3D.jpg?alt=media,L4302 Pinza de Presión Mordaza Recta 10” 250mm Lusqtoff PRO,HERRAMIENTAS DE MANO,"ARS 9,880.00",,Llevando x6 unidades [5% OFF],
,https://firebasestorage.stagebeta.kyte.site/v0/b/kyte-7c484.appspot.com/o/ZFyc7Bt6RkXUMOZjV0nJrgbWuBK2%2Fthumb_280_HT2GmDXVSZB%2BW1L5qHw%2B7Q%3D%3D.jpg?alt=media,L7474 Tijera Corta Tubo PVC 42 mm,HERRAMIENTAS DE MANO,"ARS 6,990.00",,,COD: L7474
,https://firebasestorage.stagebeta.kyte.site/v0/b/kyte-7c484.appspot.com/o/ZFyc7Bt6RkXUMOZjV0nJrgbWuBK2%2Fthumb_280_x1lOUc9yXSiSsdDMSk93EQ%3D%3D.jpg?alt=media,L7510 Martillo Galponero Mango de Fibra Lusqtoff,HERRAMIENTAS DE MANO,"ARS 8,070.00",,Llevando x6 unidades [5% OFF],COD: L7510
,https://firebasestorage.stagebeta.kyte.site/v0/b/kyte-7c484.appspot.com/o/ZFyc7Bt6RkXUMOZjV0nJrgbWuBK2%2Fthumb_280_159E8EF8-CB7A-4F3B-808A-8B83C34E2536.jpg?alt=media,L7532 Maza de Albañil 1250g Lusqtoff PRO,HERRAMIENTAS DE MANO,"ARS 12,760.00",,Llevando x6 unidades [5% OFF],COD: L7532
,https://firebasestorage.stagebeta.kyte.site/v0/b/kyte-7c484.appspot.com/o/ZFyc7Bt6RkXUMOZjV0nJrgbWuBK2%2Fthumb_280_B14FDEA1-956C-413D-9E91-248DF6BADA88.jpg?alt=media,L7702 Remachadora Manual 260 mm Lusqtoff PRO,HERRAMIENTAS DE MANO,"ARS 7,820.00",,Llevando x6 unidades [5% OFF],COD: L7702
5% OFF,https://firebasestorage.stagebeta.kyte.site/v0/b/kyte-7c484.appspot.com/o/z8ceXb8w02TssUbULtdA08LxbUz1%2Fthumb_280_053C1FF4-CA5A-4E9C-9D52-5CEAC384D6E9.jpg?alt=media,Bordeadora 700W Mega Indelplas,INDELPLAS,"ARS 52,900.00","ARS 55,900.00",~ PROMO TEMPORADA ~ [x5 $51.890 c/u] [x10 $50.490 c/u] [x25 $48.890 c/u],
5% OFF,https://firebasestorage.stagebeta.kyte.site/v0/b/kyte-7c484.appspot.com/o/z8ceXb8w02TssUbULtdA08LxbUz1%2Fthumb_280_2DBF8F6F-56BB-4189-9FF9-5A053BB065EB.jpg?alt=media,Amoladora 720w Lusqtoff L-820,LUSQTOFF,"ARS 40,900.00","ARS 42,900.00",x10 unidades $38.940 c/u,
10% OFF,https://firebasestorage.stagebeta.kyte.site/v0/b/kyte-7c484.appspot.com/o/kO7PxYkhJuh8ulF3RSBup3HgPoo1%2Fthumb_280_2C669D48-DE4C-43A1-AB5A-07E732FA4727.jpg?alt=media,Hidrolavadora 1200w 70bar Lusqtoff HL100-7,LUSQTOFF,"ARS 84,900.00","ARS 94,395.00",🚨 SUPER BAJA DE PRECIO VERANO ☀️⛱️,
,https://firebasestorage.stagebeta.kyte.site/v0/b/kyte-7c484.appspot.com/o/kO7PxYkhJuh8ulF3RSBup3HgPoo1%2Fthumb_280_b4bb86f3-dc05-4f56-bc76-baa1421e898f.jpg?alt=media,Set de Herramientas ATG18-7 a Batería 18V (TALADRO + AMOLADORA),LUSQTOFF,"ARS 169,000.00",,,
68% OFF,https://firebasestorage.stagebeta.kyte.site/v0/b/kyte-7c484.appspot.com/o/kO7PxYkhJuh8ulF3RSBup3HgPoo1%2Fthumb_280_CZ2EGf98sXB1zdZDOZ3KFw%3D%3D.jpg?alt=media,Silicona Transparente Lusqtoff SITL78-9,LUSQTOFF,ARS 990.00,"ARS 3,100.00",📦 Compra Minima 3 Cajas (Cajas de 24 unidades) 🚨 Vencimiento Marzo 2026 🚨,
,https://firebasestorage.stagebeta.kyte.site/v0/b/kyte-7c484.appspot.com/o/kO7PxYkhJuh8ulF3RSBup3HgPoo1%2Fthumb_280_%2BxWSdCWhDPMha050pqspSQ%3D%3D.jpg?alt=media,Termo 1L Azul Lusqtoff TL1-9A,LUSQTOFF,"ARS 28,300.00",,,
,https://firebasestorage.stagebeta.kyte.site/v0/b/kyte-7c484.appspot.com/o/kO7PxYkhJuh8ulF3RSBup3HgPoo1%2Fthumb_280_kDPUFDLr9UfbkMxzpUpyRQ%3D%3D.jpg?alt=media,Termo 1L Blanco Lusqtoff TL1-9B,LUSQTOFF,"ARS 28,300.00",,,
,https://firebasestorage.stagebeta.kyte.site/v0/b/kyte-7c484.appspot.com/o/kO7PxYkhJuh8ulF3RSBup3HgPoo1%2Fthumb_280_C279AF2B-9AEF-473B-9739-B97E75D1C133.jpg?alt=media,Termo 1L Rosa Lusqtoff TL1-9R,LUSQTOFF,"ARS 28,300.00",,,
,https://firebasestorage.stagebeta.kyte.site/v0/b/kyte-7c484.appspot.com/o/kO7PxYkhJuh8ulF3RSBup3HgPoo1%2Fthumb_280_PA5hp2SEyRfe%2Bzb1YDoKPA%3D%3D.jpg?alt=media,Termo 1L Verde Lusqtoff TL1-9,LUSQTOFF,"ARS 28,300.00",,,
,https://firebasestorage.stagebeta.kyte.site/v0/b/kyte-7c484.appspot.com/o/uNiBt23xEeTLHc6qq0SczvMaNPf1%2Fthumb_280_555C2A5B-33AD-468D-BE79-5D1798B8FFAC.jpg?alt=media,Vaso Térmico 1.2Lts Blanco Lusqtoff VTL1.2-9B,LUSQTOFF,"ARS 31,500.00",,,
,https://firebasestorage.stagebeta.kyte.site/v0/b/kyte-7c484.appspot.com/o/uNiBt23xEeTLHc6qq0SczvMaNPf1%2Fthumb_280_52BA685E-72E0-4AED-B06E-449934AAB27A.jpg?alt=media,Vaso Térmico 1.2Lts Rosa Lusqtoff VTL1.2-9R,LUSQTOFF,"ARS 31,500.00",,,
,https://firebasestorage.stagebeta.kyte.site/v0/b/kyte-7c484.appspot.com/o/uNiBt23xEeTLHc6qq0SczvMaNPf1%2Fthumb_280_5D52E07B-3222-4F0B-AF5C-400100A30B2E.jpg?alt=media,Vaso Térmico 1.2Lts Verde Lusqtoff VTL1.2-9V,LUSQTOFF,"ARS 31,500.00",,,
17% OFF,https://firebasestorage.stagebeta.kyte.site/v0/b/kyte-7c484.appspot.com/o/kO7PxYkhJuh8ulF3RSBup3HgPoo1%2Fthumb_280_xIvVULJj1af%2B7DFbB%2BNgag%3D%3D.jpg?alt=media,Automatico de Tanque Lusqtoff LQE001,LUSQTOFF ELECTRIC,"ARS 4,950.00","ARS 5,950.00",,COD: LQE001
,https://firebasestorage.stagebeta.kyte.site/v0/b/kyte-7c484.appspot.com/o/kO7PxYkhJuh8ulF3RSBup3HgPoo1%2Fthumb_280_6wCSgR3oZogF6GK2KhhKOg%3D%3D.jpg?alt=media,Cinta Aisladora 10mts Lusqtoff Electric,LUSQTOFF ELECTRIC,ARS 531.00,,Compra Minima 100 unidades (1 caja),COD: CINL10-8
,https://firebasestorage.stagebeta.kyte.site/v0/b/kyte-7c484.appspot.com/o/kO7PxYkhJuh8ulF3RSBup3HgPoo1%2Fthumb_280_x1AQXdAwC7Grui1wMFKw0g%3D%3D.jpg?alt=media,Cinta Aisladora 20mts Lusqtoff Electric,LUSQTOFF ELECTRIC,ARS 902.70,,Compra Minima 100 unidades (1 caja),COD: CINL20-8
26% OFF,https://firebasestorage.stagebeta.kyte.site/v0/b/kyte-7c484.appspot.com/o/kO7PxYkhJuh8ulF3RSBup3HgPoo1%2Fthumb_280_8E55203F-9D52-46B1-A03B-B776944E52D3.jpg?alt=media,Luz LED Solar 270° Lusqtoff Electric LQE-SL100,LUSQTOFF ELECTRIC,"ARS 8,550.00","ARS 11,500.00",Caja x10 unidades $7.900 c/u,COD: LQE-SL100
3% OFF,https://firebasestorage.stagebeta.kyte.site/v0/b/kyte-7c484.appspot.com/o/z8ceXb8w02TssUbULtdA08LxbUz1%2Fthumb_280_hK9CKbuSAB%2BxBcelLAIDw%3D%3D.jpg?alt=media,Protector de Sobretensión 5s-210s Lusqtoff Electric LQE-PROT-DG,LUSQTOFF ELECTRIC,"ARS 23,880.25","ARS 24,700.00",,COD: LQE-PROT-DG
5% OFF,https://firebasestorage.stagebeta.kyte.site/v0/b/kyte-7c484.appspot.com/o/uNiBt23xEeTLHc6qq0SczvMaNPf1%2Fthumb_280_B7864C11-D8A2-4E22-9DA6-1CFACF1AB742.jpg?alt=media,Protector de Sobretension Lusqtoff Electric LQE-PROT-1,LUSQTOFF ELECTRIC,"ARS 17,198.50","ARS 18,050.00",,COD: LQE-PROT-1
7% OFF,https://firebasestorage.stagebeta.kyte.site/v0/b/kyte-7c484.appspot.com/o/uNiBt23xEeTLHc6qq0SczvMaNPf1%2Fthumb_280_13987D49-9C09-47FB-BA26-E19F11D19FF7.jpg?alt=media,Sensor Fotocelula Lusqtoff Electric LQE-FOT-C1,LUSQTOFF ELECTRIC,"ARS 3,990.00","ARS 4,290.00",,COD: LQE-FOT-C1
8% OFF,https://firebasestorage.stagebeta.kyte.site/v0/b/kyte-7c484.appspot.com/o/kO7PxYkhJuh8ulF3RSBup3HgPoo1%2Fthumb_280_p%2B7HvjIL0N4VNp8QkNRIg%3D%3D.jpg?alt=media,Termofusora 800w Omaha TF-800,OMAHA,"ARS 23,900.00","ARS 25,900.00",x10 unidades $20.900 c/u,
,https://firebasestorage.stagebeta.kyte.site/v0/b/kyte-7c484.appspot.com/o/kO7PxYkhJuh8ulF3RSBup3HgPoo1%2Fthumb_280_8x7UIe69ZHOiPXy9Ui4GQ%3D%3D.jpg?alt=media,Espuma Expansiva 300ml Brixter,BRIXTER,"ARS 4,095.00",,,
,https://firebasestorage.stagebeta.kyte.site/v0/b/kyte-7c484.appspot.com/o/kO7PxYkhJuh8ulF3RSBup3HgPoo1%2Fthumb_280_8x7UIe69ZHOiPXy9Ui4GQ%3D%3D.jpg?alt=media,Espuma Expansiva 500ml Brixter,BRIXTER,"ARS 5,145.00",,,
,https://firebasestorage.stagebeta.kyte.site/v0/b/kyte-7c484.appspot.com/o/z8ceXb8w02TssUbULtdA08LxbUz1%2Fthumb_280_1809F06C-EC95-4BFB-B57F-A2CAEFE120C1.jpg?alt=media,Sellagrietas Blanco 500ML Brixter,BRIXTER,"ARS 7,245.00",,,
,https://firebasestorage.stagebeta.kyte.site/v0/b/kyte-7c484.appspot.com/o/z8ceXb8w02TssUbULtdA08LxbUz1%2Fthumb_280_6C0F6905-D9F4-422E-9A7B-8BDE3C2B32C7.jpg?alt=media,Sellagrietas Gris 500ML Brixter,BRIXTER,"ARS 7,245.00",,,
,https://firebasestorage.stagebeta.kyte.site/v0/b/kyte-7c484.appspot.com/o/z8ceXb8w02TssUbULtdA08LxbUz1%2Fthumb_280_27559B62-A907-4042-AE25-7C02599351DE.jpg?alt=media,Sellagrietas Negro 500ML Brixter,BRIXTER,"ARS 7,245.00",,,
,https://firebasestorage.stagebeta.kyte.site/v0/b/kyte-7c484.appspot.com/o/yqjNgIWNHSPtDU8IsxdtNJ9QjBh2%2Fthumb_280_ga39KCnIEXBjX3nRDFTJw%3D%3D.jpg?alt=media,Disco Paellero con Pata Desmontable + Tapa 40cm Brogas 6148,BROGAS,"ARS 52,100.00",,,
,https://firebasestorage.stagebeta.kyte.site/v0/b/kyte-7c484.appspot.com/o/uNiBt23xEeTLHc6qq0SczvMaNPf1%2Fthumb_280_RVwOa%2Bl3NejpGOdYTrOxw%3D%3D.jpg?alt=media,Gas Butano 227g Brogas (Caja x28u),BROGAS,"ARS 58,800.00",,,
,https://firebasestorage.stagebeta.kyte.site/v0/b/kyte-7c484.appspot.com/o/uNiBt23xEeTLHc6qq0SczvMaNPf1%2Fthumb_280_taJ%2BDEPUKPcmk8TqJFA%3D%3D.jpg?alt=media,Plancheta Bifera Mediana 2 Hornallas Solapa 3cm Brogas 6145,BROGAS,"ARS 25,900.00",,,
,https://firebasestorage.stagebeta.kyte.site/v0/b/kyte-7c484.appspot.com/o/kO7PxYkhJuh8ulF3RSBup3HgPoo1%2Fthumb_280_4700EB3C-4EB9-4759-BE39-88CC485140D2.jpg?alt=media,A60-4 LAMPARA VINTAGE BULBO FILAMENTO 4w,ELECTRICIDAD,"ARS 3,045.00",,COMPRA MINIMA 10 UNIDADES.,
,https://firebasestorage.stagebeta.kyte.site/v0/b/kyte-7c484.appspot.com/o/kO7PxYkhJuh8ulF3RSBup3HgPoo1%2Fthumb_280_BA602C58-207D-4491-87AD-132DAC504637.jpg?alt=media,A60-6 LAMPARA VINTAGE BULBO FILAMENTO 6w,ELECTRICIDAD,"ARS 3,255.00",,COMPRA MINIMA 10 UNIDADES.,
,https://firebasestorage.stagebeta.kyte.site/v0/b/kyte-7c484.appspot.com/o/kO7PxYkhJuh8ulF3RSBup3HgPoo1%2Fthumb_280_464E50F0-2550-4EE9-BCD4-DBB8E9581E68.jpg?alt=media,A60-8 LAMPARA VINTAGE BULBO FILAMENTO 8W,ELECTRICIDAD,"ARS 3,360.00",,COMPRA MINIMA 10 UNIDADES,
,https://firebasestorage.stagebeta.kyte.site/v0/b/kyte-7c484.appspot.com/o/uNiBt23xEeTLHc6qq0SczvMaNPf1%2Fthumb_280_lhrg8mWXhXTssr8LXc4BnA%3D%3D.jpg?alt=media,AL20 Alargue 20m Hembra y Macho Boltz,ELECTRICIDAD,"ARS 14,595.00",,,
,https://firebasestorage.stagebeta.kyte.site/v0/b/kyte-7c484.appspot.com/o/kO7PxYkhJuh8ulF3RSBup3HgPoo1%2Fthumb_280_oe2Qqm9Vev2aSiJBPD6jGA%3D%3D.jpg?alt=media,Alargue 10m color negro al10,ELECTRICIDAD,"ARS 7,418.46",,,
,https://firebasestorage.stagebeta.kyte.site/v0/b/kyte-7c484.appspot.com/o/kO7PxYkhJuh8ulF3RSBup3HgPoo1%2Fthumb_280_Yj8nFkZd6chBv4lJ%2BWPtQ%3D%3D.jpg?alt=media,Alargue 5 metros color negro al05,ELECTRICIDAD,"ARS 4,238.90",,,
,https://firebasestorage.stagebeta.kyte.site/v0/b/kyte-7c484.appspot.com/o/kO7PxYkhJuh8ulF3RSBup3HgPoo1%2Fthumb_280_41F4F25B-6952-447F-A0F0-66713900309F.jpg?alt=media,Buscapolo Digital,ELECTRICIDAD,"ARS 1,774.50",,X100 Uni $1430 X200 Uni $ 1390 (PRECIO SIN IVA INCLUIDO),
,https://firebasestorage.stagebeta.kyte.site/v0/b/kyte-7c484.appspot.com/o/uNiBt23xEeTLHc6qq0SczvMaNPf1%2Fthumb_280_4555D377-FF40-43C5-A53C-FC053AA8DF67.jpg?alt=media,Cable 2.5mm Normalizado x100mts,ELECTRICIDAD,"ARS 34,299.04",,,
,https://firebasestorage.stagebeta.kyte.site/v0/b/kyte-7c484.appspot.com/o/kO7PxYkhJuh8ulF3RSBup3HgPoo1%2Fthumb_280_3A90480F-D536-4846-BC09-28D2E8D2D534.jpg?alt=media,"CABLE BIPOLAR 2x1,5 MM",ELECTRICIDAD,"ARS 42,315.00",,,
"Cable tipo taller 2x1,5",,"Cable tipo taller 2x1,5",ELECTRICIDAD,"ARS 91,873.25",,Cable tipo taller NO normalizado (Mezcla aluminio),COD: LATN215100
"Cable tipo taller 2x2,5",,"Cable tipo taller 2x2,5",ELECTRICIDAD,"ARS 114,586.32",,Cable tipo taller NO normalizado (Mezcla aluminio),COD: LATN225100
"Cable tipo taller 3x1,5",,"Cable tipo taller 3x1,5",ELECTRICIDAD,"ARS 138,331.81",,,COD: LATN315100
"Cable tipo taller 3x2,5",,"Cable tipo taller 3x2,5",ELECTRICIDAD,"ARS 147,623.52",,,COD: LATN325100
Cable tipo taller 5x1.5,,Cable tipo taller 5x1.5,ELECTRICIDAD,"ARS 185,646.12",,,COD: TITN515100
,https://firebasestorage.stagebeta.kyte.site/v0/b/kyte-7c484.appspot.com/o/kO7PxYkhJuh8ulF3RSBup3HgPoo1%2Fthumb_280_C8EB746A-B4C2-49D1-BAD6-4B9BA9B15D7A.jpg?alt=media,Caja de Herramientas 16” Plástica azul,ELECTRICIDAD,"ARS 8,295.00",,,
Enchufe hembra 3 patas blanco 20 unidades,,Enchufe hembra 3 patas blanco 20 unidades,ELECTRICIDAD,"ARS 11,214.29",,,
Enchufe macho 3 patas blanco 20 unidades,,Enchufe macho 3 patas blanco 20 unidades,ELECTRICIDAD,"ARS 13,600.31",,,
,https://firebasestorage.stagebeta.kyte.site/v0/b/kyte-7c484.appspot.com/o/kO7PxYkhJuh8ulF3RSBup3HgPoo1%2Fthumb_280_7B399K7NzlPmQDfJgCThLw%3D%3D.jpg?alt=media,Ficha con prensacabe hembra,ELECTRICIDAD,ARS 451.61,,Venta bulto cerrado por 200 unidades,
,https://firebasestorage.stagebeta.kyte.site/v0/b/kyte-7c484.appspot.com/o/kO7PxYkhJuh8ulF3RSBup3HgPoo1%2Fthumb_280_M2grjRiIgskagrBFmnwyg%3D%3D.jpg?alt=media,Ficha con prensacable macho,ELECTRICIDAD,ARS 451.61,,Venta bulto cerrado por 200 unidades,
,https://firebasestorage.stagebeta.kyte.site/v0/b/kyte-7c484.appspot.com/o/kO7PxYkhJuh8ulF3RSBup3HgPoo1%2Fthumb_280_1A5D018C-2464-4AAF-8236-FBB6472D2A94.jpg?alt=media,Llave termica de 32 x6 unidades,ELECTRICIDAD,"ARS 29,188.59",,X60 unidades $3.490 X120 unidades $3.390 Precio sin iva incluido,COD: 57791772037377
,https://firebasestorage.stagebeta.kyte.site/v0/b/kyte-7c484.appspot.com/o/kO7PxYkhJuh8ulF3RSBup3HgPoo1%2Fthumb_280_07A0F114-F2D9-4EC3-98D8-DFCB6DA85F14.jpg?alt=media,Lllave termica de 20 amp x6 unidades,ELECTRICIDAD,"ARS 29,188.59",,X60 unidades $3.490 X120 unidades $3.390 Precio sin iva incluido,COD: 17791772037355
,https://firebasestorage.stagebeta.kyte.site/v0/b/kyte-7c484.appspot.com/o/kO7PxYkhJuh8ulF3RSBup3HgPoo1%2Fthumb_280_DAE64987-327F-4776-93CC-A587CB9AD7E6.jpg?alt=media,Termica 10amp x6 unidades,ELECTRICIDAD,"ARS 29,188.59",,X60 unidades $3.490 X120 unidades $3.390 Precio sin iva incluido,COD: 57791772037322
,https://firebasestorage.stagebeta.kyte.site/v0/b/kyte-7c484.appspot.com/o/kO7PxYkhJuh8ulF3RSBup3HgPoo1%2Fthumb_280_0676A721-15B1-453A-8AAE-A26C7B1B2CC6.jpg?alt=media,Termica 15 amp x6unidades,ELECTRICIDAD,"ARS 29,188.59",,X60 unidades $3.490 X120 unidades $3.390 precio sin iva incluido,COD: 17791772037331
,https://firebasestorage.stagebeta.kyte.site/v0/b/kyte-7c484.appspot.com/o/kO7PxYkhJuh8ulF3RSBup3HgPoo1%2Fthumb_280_44722321-4D79-440E-B2C0-4D33EE7D7296.jpg?alt=media,Termica 25amp X6unid,ELECTRICIDAD,"ARS 29,188.59",,X60 unidades $3.490 X120 unidades $3.390 precio sin iva incluido,COD: 57791772037360
,https://firebasestorage.stagebeta.kyte.site/v0/b/kyte-7c484.appspot.com/o/kO7PxYkhJuh8ulF3RSBup3HgPoo1%2Fthumb_280_F1AC3F96-644F-4AE8-8077-D3F5C08D9AE5.jpg?alt=media,Termica 50 amp X6unid,ELECTRICIDAD,"ARS 59,937.29",,"Compra minima 6u , precio sin iva incluido",COD: 17791772037393
,https://firebasestorage.stagebeta.kyte.site/v0/b/kyte-7c484.appspot.com/o/kO7PxYkhJuh8ulF3RSBup3HgPoo1%2Fthumb_280_96B8BBEF-0459-4012-B5C5-02DFC3448083.jpg?alt=media,Termica 63 amp,ELECTRICIDAD,"ARS 9,979.99",,"Compra minima 6U , precio sin iva incluido",COD: 17791772037409
,https://firebasestorage.stagebeta.kyte.site/v0/b/kyte-7c484.appspot.com/o/kO7PxYkhJuh8ulF3RSBup3HgPoo1%2Fthumb_280_8C86C99B-EF1F-453E-B9F7-5242162F79F9.jpg?alt=media,Termica sica 40amp x6unidades,ELECTRICIDAD,"ARS 43,682.52",,,COD: 17791772037386
,https://firebasestorage.stagebeta.kyte.site/v0/b/kyte-7c484.appspot.com/o/kO7PxYkhJuh8ulF3RSBup3HgPoo1%2Fthumb_280_dhphtaNRCRRrFdO6nxxhg%3D%3D.jpg?alt=media,"Zapatilla 1,5 metros",ELECTRICIDAD,"ARS 3,068.26",,,
,https://firebasestorage.stagebeta.kyte.site/v0/b/kyte-7c484.appspot.com/o/kO7PxYkhJuh8ulF3RSBup3HgPoo1%2Fthumb_280_TKDE9GT4Bg2IuR%2BLVxev6A%3D%3D.jpg?alt=media,Zapatilla 3 metros,ELECTRICIDAD,"ARS 3,992.00",,,
,https://firebasestorage.stagebeta.kyte.site/v0/b/kyte-7c484.appspot.com/o/kO7PxYkhJuh8ulF3RSBup3HgPoo1%2Fthumb_280_YD4nRILJtM83JmRXmuRiIQ%3D%3D.jpg?alt=media,Zapatilla 5 metros,ELECTRICIDAD,"ARS 5,309.38",,,
,https://firebasestorage.stagebeta.kyte.site/v0/b/kyte-7c484.appspot.com/o/kO7PxYkhJuh8ulF3RSBup3HgPoo1%2Fthumb_280_3YGmotRlFpV5c2C%2Bvvi%2BTQ%3D%3D.jpg?alt=media,Zapatilla sin cable,ELECTRICIDAD,"ARS 2,271.31",,,
,https://firebasestorage.stagebeta.kyte.site/v0/b/kyte-7c484.appspot.com/o/kO7PxYkhJuh8ulF3RSBup3HgPoo1%2Fthumb_280_929D1F22-88A2-47A5-928D-FA3A539CB36A.jpg?alt=media,10mm Mecha Widia Venturo,FERRETERIA,"ARS 2,677.50",,Mecha de widia venturo Aliaford 10” (precio venta mínima 12u),COD: 7794334243563
,https://firebasestorage.stagebeta.kyte.site/v0/b/kyte-7c484.appspot.com/o/kO7PxYkhJuh8ulF3RSBup3HgPoo1%2Fthumb_280_C53DAA52-58BA-4BAE-9EDB-B8368A1A9544.jpg?alt=media,6mm Mecha Widia Venturo,FERRETERIA,"ARS 1,648.50",,Mecha hexagonal 6 venturo,COD: 7794334002160
,https://firebasestorage.stagebeta.kyte.site/v0/b/kyte-7c484.appspot.com/o/kO7PxYkhJuh8ulF3RSBup3HgPoo1%2Fthumb_280_929D1F22-88A2-47A5-928D-FA3A539CB36A.jpg?alt=media,8mm Mecha Widia Venturo,FERRETERIA,"ARS 2,247.00",,Mecha de widia venturo Aliaford 10” (precio venta mínima 12u),
,https://firebasestorage.stagebeta.kyte.site/v0/b/kyte-7c484.appspot.com/o/uNiBt23xEeTLHc6qq0SczvMaNPf1%2Fthumb_280_C529373A-EFD0-4512-AB06-7A14047845A5.jpg?alt=media,Aislante 10mm Aluminizado,FERRETERIA,"ARS 28,770.00",,,
Balde reforzado x12 unidades,,Balde reforzado x12 unidades,FERRETERIA,"ARS 18,503.13",,,
,https://firebasestorage.stagebeta.kyte.site/v0/b/kyte-7c484.appspot.com/o/kO7PxYkhJuh8ulF3RSBup3HgPoo1%2Fthumb_280_8C47ED26-02DA-4E46-9ECC-8ECF60372678.jpg?alt=media,Caño Fusion 1/2,FERRETERIA,"ARS 2,625.00",,,
,https://firebasestorage.stagebeta.kyte.site/v0/b/kyte-7c484.appspot.com/o/kO7PxYkhJuh8ulF3RSBup3HgPoo1%2Fthumb_280_3A4F332D-90BB-4F58-8370-8ABCCD50A7F4.jpg?alt=media,Caño Fusion 3/4,FERRETERIA,"ARS 4,016.25",,,
,https://firebasestorage.stagebeta.kyte.site/v0/b/kyte-7c484.appspot.com/o/kO7PxYkhJuh8ulF3RSBup3HgPoo1%2Fthumb_280_AA5ED221-EA08-427E-AA69-A80B3F581933.jpg?alt=media,"Carreta Liviana 1,20 mts",FERRETERIA,"ARS 78,225.00",,,
,https://firebasestorage.stagebeta.kyte.site/v0/b/kyte-7c484.appspot.com/o/kO7PxYkhJuh8ulF3RSBup3HgPoo1%2Fthumb_280_ghI08Kc0cwfoYLX1%2BLhRfg%3D%3D.jpg?alt=media,Juego mensula 42cm (precio por par),FERRETERIA,"ARS 10,395.00",,Compra mínima 5 juegos,
,https://firebasestorage.stagebeta.kyte.site/v0/b/kyte-7c484.appspot.com/o/UxJDx4tXqVMwdhW1pLbTXZQNXC03%2Fthumb_280_VyHEKU35F%2B1s93YdLQx4A%3D%3D.jpg?alt=media,Juego mensula 50cm (precio por par),FERRETERIA,"ARS 12,495.00",,,
,https://firebasestorage.stagebeta.kyte.site/v0/b/kyte-7c484.appspot.com/o/kO7PxYkhJuh8ulF3RSBup3HgPoo1%2Fthumb_280_E137FA61-DE69-40F2-9D8A-145BBDD108D8.jpg?alt=media,Motor hormigonera 3/4HP Calidad Premium,FERRETERIA,"ARS 103,425.00",,,
,https://firebasestorage.stagebeta.kyte.site/v0/b/kyte-7c484.appspot.com/o/kO7PxYkhJuh8ulF3RSBup3HgPoo1%2Fthumb_280_24D1090E-AEF4-4900-A1E1-93353DD615D8.jpg?alt=media,Rejilla vent 15x30 aprob,FERRETERIA,"ARS 79,380.00",,X50 unidades,
,https://firebasestorage.stagebeta.kyte.site/v0/b/kyte-7c484.appspot.com/o/kO7PxYkhJuh8ulF3RSBup3HgPoo1%2Fthumb_280_CB2B63E3-BAAF-42BB-BFD9-89184CE1254F.jpg?alt=media,Masilla tipo enduido gamax 16 kilos,GAMAX,"ARS 15,960.00",,,
,https://firebasestorage.stagebeta.kyte.site/v0/b/kyte-7c484.appspot.com/o/kO7PxYkhJuh8ulF3RSBup3HgPoo1%2Fthumb_280_0896E5E1-1F68-48F6-A23F-A2AD09643676.jpg?alt=media,Masilla tipo enduido gamax 32 kilos,GAMAX,"ARS 24,780.00",,,
,https://firebasestorage.stagebeta.kyte.site/v0/b/kyte-7c484.appspot.com/o/kO7PxYkhJuh8ulF3RSBup3HgPoo1%2Fthumb_280_3ED7E941-7AC9-4C9A-8D80-2E42F775AE99.jpg?alt=media,Masilla tipo enduido GAMAX 7 kilos,GAMAX,"ARS 7,927.50",,,
,https://firebasestorage.stagebeta.kyte.site/v0/b/kyte-7c484.appspot.com/o/kO7PxYkhJuh8ulF3RSBup3HgPoo1%2Fthumb_280_mBwJvwPexfnk2wYirgajQ%3D%3D.jpg?alt=media,Aspiradora 18lts GAMMA G2206AR,GAMMA,"ARS 81,900.00",,,
,https://firebasestorage.stagebeta.kyte.site/v0/b/kyte-7c484.appspot.com/o/uNiBt23xEeTLHc6qq0SczvMaNPf1%2Fthumb_280_3B314BAE-B117-4949-AADB-9CCF075B9BA4.jpg?alt=media,Atornillador articulado a batería Gamma G12104AR,GAMMA,"ARS 36,645.00",,,
,https://firebasestorage.stagebeta.kyte.site/v0/b/kyte-7c484.appspot.com/o/z8ceXb8w02TssUbULtdA08LxbUz1%2Fthumb_280_5846ab08-4a69-40e8-8cd9-942d15c00bfb.jpg?alt=media,"Bomba Sumergible Monofásica 2"" Gamma G3197AR",GAMMA,"ARS 160,650.00",,,
,https://firebasestorage.stagebeta.kyte.site/v0/b/kyte-7c484.appspot.com/o/kO7PxYkhJuh8ulF3RSBup3HgPoo1%2Fthumb_280_c07hjBMHKru0HS5qCof4w%3D%3D.jpg?alt=media,Clavadora Engrampadora 2en1 Gamma G1960AR,GAMMA,"ARS 50,400.00",,,
,https://firebasestorage.stagebeta.kyte.site/v0/b/kyte-7c484.appspot.com/o/kO7PxYkhJuh8ulF3RSBup3HgPoo1%2Fthumb_280_045F6B70-93EC-46F4-9103-AC1C56B7E207.jpg?alt=media,Escalera 4x4 Articulada Aluminio Gamma G211AR,GAMMA,"ARS 152,250.00",,,
,https://firebasestorage.stagebeta.kyte.site/v0/b/kyte-7c484.appspot.com/o/ZFyc7Bt6RkXUMOZjV0nJrgbWuBK2%2Fthumb_280_KSgJ1Wn7m%2BnSUNoVAm5A%3D%3D.jpg?alt=media,G1935AR Pistola de Calor 2000w,GAMMA,"ARS 26,900.00",,,COD: G1935AR
,https://firebasestorage.stagebeta.kyte.site/v0/b/kyte-7c484.appspot.com/o/ZFyc7Bt6RkXUMOZjV0nJrgbWuBK2%2Fthumb_280_4nyYfLBi1Soww6yIICzDw%3D%3D.jpg?alt=media,G19501AC MINITORNO130W 119 PIEZAS,GAMMA,"ARS 63,525.00",,,COD: G19501AC
,https://firebasestorage.stagebeta.kyte.site/v0/b/kyte-7c484.appspot.com/o/kO7PxYkhJuh8ulF3RSBup3HgPoo1%2Fthumb_280_D46B865F-2DBE-46DC-9B0A-B4501C8EBF0E.jpg?alt=media,G2253AR CALEFACTOR PIRAMIDAL EXTERIOR GAMMA,GAMMA,"ARS 301,350.00",,,
,https://firebasestorage.stagebeta.kyte.site/v0/b/kyte-7c484.appspot.com/o/uNiBt23xEeTLHc6qq0SczvMaNPf1%2Fthumb_280_49FC02FB-18FD-46B7-8934-1DEF0597A3EC.jpg?alt=media,G2782AR Bomba Centrífuga 1hp Gamma,GAMMA,"ARS 92,400.00",,,
,https://firebasestorage.stagebeta.kyte.site/v0/b/kyte-7c484.appspot.com/o/ZFyc7Bt6RkXUMOZjV0nJrgbWuBK2%2Fthumb_280_343B4161-B3BA-4DFA-9908-62A94E301456.jpg?alt=media,G2787AR Bomba Centrífuga 0.8HP Gamma,GAMMA,"ARS 85,050.00",,,
,https://firebasestorage.stagebeta.kyte.site/v0/b/kyte-7c484.appspot.com/o/z8ceXb8w02TssUbULtdA08LxbUz1%2Fthumb_280_FCDE867B-FB87-4E55-89E2-EAE09338BF31.jpg?alt=media,Kit Amoladora 750w Gamma G1910KAR,GAMMA,"ARS 55,545.00",,,
,https://firebasestorage.stagebeta.kyte.site/v0/b/kyte-7c484.appspot.com/o/kO7PxYkhJuh8ulF3RSBup3HgPoo1%2Fthumb_280_mcAptHgNPECf0OW8Xu4SA%3D%3D.jpg?alt=media,Sierra Circular Laser Gamma G1930AR,GAMMA,"ARS 87,675.00",,,
,https://firebasestorage.stagebeta.kyte.site/v0/b/kyte-7c484.appspot.com/o/kO7PxYkhJuh8ulF3RSBup3HgPoo1%2Fthumb_280_Sjm8%2BXpNfNtDmta1r2zJTA%3D%3D.jpg?alt=media,Taladro 650w Gamma G1905AR,GAMMA,"ARS 40,425.00",,,
,https://firebasestorage.stagebeta.kyte.site/v0/b/kyte-7c484.appspot.com/o/uNiBt23xEeTLHc6qq0SczvMaNPf1%2Fthumb_280_101993B1-37B4-45D9-BD2B-53EFE7F421EA.jpg?alt=media,Taladro Atornillador a Batería 12v 10mm Gamma G12101AR,GAMMA,"ARS 101,325.00",,,
,https://firebasestorage.stagebeta.kyte.site/v0/b/kyte-7c484.appspot.com/o/uNiBt23xEeTLHc6qq0SczvMaNPf1%2Fthumb_280_C44BBC48-DE33-4CDF-8007-B19EEBDED5F8.jpg?alt=media,Taladro Atornillador a Bateria 12v 10mm Gamma G12105AR,GAMMA,"ARS 118,650.00",,,
,https://firebasestorage.stagebeta.kyte.site/v0/b/kyte-7c484.appspot.com/o/uNiBt23xEeTLHc6qq0SczvMaNPf1%2Fthumb_280_42DDC5BB-6850-464D-B88D-6C0A2F797816.jpg?alt=media,Taladro de Impacto 850w Gamma G1902AR,GAMMA,"ARS 55,545.00",,,
Bomba Centrífuga 3/4hp GardenPlus BC146G-7,,Bomba Centrífuga 3/4hp GardenPlus BC146G-7,GARDENPLUS,"ARS 74,900.00",,,
,https://firebasestorage.stagebeta.kyte.site/v0/b/kyte-7c484.appspot.com/o/z8ceXb8w02TssUbULtdA08LxbUz1%2Fthumb_280_089E9FE7-0A3C-454C-9189-482641880382.jpg?alt=media,Bomba Presurizadora GardenPlus GPS15-8.5,GARDENPLUS,"ARS 36,750.00",,,
,https://firebasestorage.stagebeta.kyte.site/v0/b/kyte-7c484.appspot.com/o/kO7PxYkhJuh8ulF3RSBup3HgPoo1%2Fthumb_280_u6haysrCCNKAkBtXM9x9w%3D%3D.jpg?alt=media,Carretilla 120lts GardenPlus CRGP120-8,GARDENPLUS,"ARS 54,495.00",,,
,https://firebasestorage.stagebeta.kyte.site/v0/b/kyte-7c484.appspot.com/o/uNiBt23xEeTLHc6qq0SczvMaNPf1%2Fthumb_280_647D49D3-BF86-4803-BA04-184693EB6E9A.jpg?alt=media,Compresor 50L GardenPlus GP-2550B,GARDENPLUS,"ARS 178,500.00",,,
,https://firebasestorage.stagebeta.kyte.site/v0/b/kyte-7c484.appspot.com/o/uNiBt23xEeTLHc6qq0SczvMaNPf1%2Fthumb_280_PJuNb9adR5BHQxZNuTvInQ%3D%3D.jpg?alt=media,Espuma Poliuretano 300ml GardenPlus EEPGP300,GARDENPLUS,"ARS 3,465.00",,,
,https://firebasestorage.stagebeta.kyte.site/v0/b/kyte-7c484.appspot.com/o/uNiBt23xEeTLHc6qq0SczvMaNPf1%2Fthumb_280_EsqzH1fLv4vdD68cAZNobQ%3D%3D.jpg?alt=media,Espuma Poliuretano 500ml GardenPlus EEPGP500,GARDENPLUS,"ARS 4,620.00",,,
,https://firebasestorage.stagebeta.kyte.site/v0/b/kyte-7c484.appspot.com/o/uNiBt23xEeTLHc6qq0SczvMaNPf1%2Fthumb_280_qdOmyDyg9%2BZ%2BC7FOp9Nhg%3D%3D.jpg?alt=media,Espuma Poliuretano 750ml GardenPlus EEPGP750,GARDENPLUS,"ARS 5,940.00",,,
,https://firebasestorage.stagebeta.kyte.site/v0/b/kyte-7c484.appspot.com/o/uNiBt23xEeTLHc6qq0SczvMaNPf1%2Fthumb_280_CA041D1E-7889-43F4-BA5E-9988915FD1D2.jpg?alt=media,Llave de impacto inalámbrica GardenPlus LIGP530-7B,GARDENPLUS,"ARS 155,400.00",,,
,https://firebasestorage.stagebeta.kyte.site/v0/b/kyte-7c484.appspot.com/o/uNiBt23xEeTLHc6qq0SczvMaNPf1%2Fthumb_280_93FDE5F9-2213-43B4-8ADA-2D3919757248.jpg?alt=media,Martillo Demoledor GardenPlus GP-810,GARDENPLUS,"ARS 76,200.00",,,
,https://firebasestorage.stagebeta.kyte.site/v0/b/kyte-7c484.appspot.com/o/uNiBt23xEeTLHc6qq0SczvMaNPf1%2Fthumb_280_1504F2F1-EBFD-477D-97DD-107EE17ADD47.jpg?alt=media,Mini Motosierra a Batería GardenPlus GP40-7BK,GARDENPLUS,"ARS 66,000.00",,,
,https://firebasestorage.stagebeta.kyte.site/v0/b/kyte-7c484.appspot.com/o/kO7PxYkhJuh8ulF3RSBup3HgPoo1%2Fthumb_280_B2E8D795-5393-45B8-969C-4A92609478D3.jpg?alt=media,Motosierra 52cc GardenPlus PROM-52,GARDENPLUS,"ARS 104,700.00",,,
11% OFF,https://firebasestorage.stagebeta.kyte.site/v0/b/kyte-7c484.appspot.com/o/uNiBt23xEeTLHc6qq0SczvMaNPf1%2Fthumb_280_A9E7EC91-D77F-46E3-84CB-8838C3E7B192.jpg?alt=media,Set 108pcs Llaves y Tubos GardenPlus SHL108-7,GARDENPLUS,"ARS 75,900.00","ARS 84,900.00",,
22% OFF,https://firebasestorage.stagebeta.kyte.site/v0/b/kyte-7c484.appspot.com/o/yqjNgIWNHSPtDU8IsxdtNJ9QjBh2%2Fthumb_280_411FD389-AC5B-42E3-A9D4-81F98E315437.jpg?alt=media,Set123 juego de Herramientas 123p. Garden Plus,GARDENPLUS,"ARS 74,100.00","ARS 94,900.00",,
16% OFF,https://firebasestorage.stagebeta.kyte.site/v0/b/kyte-7c484.appspot.com/o/yqjNgIWNHSPtDU8IsxdtNJ9QjBh2%2Fthumb_280_5FBEB49F-A699-444A-AA2B-5F4061AB5DE4.jpg?alt=media,Set186 Maletín de Herramientas 186p. Garden Plus,GARDENPLUS,"ARS 142,800.00","ARS 169,000.00",,
27% OFF,https://firebasestorage.stagebeta.kyte.site/v0/b/kyte-7c484.appspot.com/o/yqjNgIWNHSPtDU8IsxdtNJ9QjBh2%2Fthumb_280_2B7A4CC2-E606-403E-A5CB-EE8DAB36AA5C.jpg?alt=media,SET215 Juego de 215 piezas de tubos GARDEN PLUS,GARDENPLUS,"ARS 129,800.00","ARS 178,000.00",,
,https://firebasestorage.stagebeta.kyte.site/v0/b/kyte-7c484.appspot.com/o/uNiBt23xEeTLHc6qq0SczvMaNPf1%2Fthumb_280_25EF6BAF-8112-4028-986B-0BA80F2DF32E.jpg?alt=media,Taladro Atornillador 12v GardenPlus TAGP12-7A,GARDENPLUS,"ARS 84,300.00",,,
,https://firebasestorage.stagebeta.kyte.site/v0/b/kyte-7c484.appspot.com/o/lMoTHi1BRBdqdbcY5aWHjbk2u7O2%2Fthumb_280_icd0ndGe1RWCuDROkf%2BLeA%3D%3D.jpg?alt=media,L1400 Cinta Amarre con Crique 6X38 Lusqtoff,HERRAMIENTAS DE MANO,"ARS 14,400.00",,,COD: L1400
,https://firebasestorage.stagebeta.kyte.site/v0/b/kyte-7c484.appspot.com/o/lMoTHi1BRBdqdbcY5aWHjbk2u7O2%2Fthumb_280_QOBEXb6qTAkyWB%2BVanjbbA%3D%3D.jpg?alt=media,L1402 Cinta Amarre Crique 10M 5000KG Lusqtoff,HERRAMIENTAS DE MANO,"ARS 27,200.00",,,COD: L1402
,https://firebasestorage.stagebeta.kyte.site/v0/b/kyte-7c484.appspot.com/o/lMoTHi1BRBdqdbcY5aWHjbk2u7O2%2Fthumb_280_lYjMZJnPfzM8VwqK0fJw%3D%3D.jpg?alt=media,L1410 Cinta Amarre Crique 700KG X2u Lusqtoff,HERRAMIENTAS DE MANO,"ARS 17,000.00",,,COD: L1410
,https://firebasestorage.stagebeta.kyte.site/v0/b/kyte-7c484.appspot.com/o/uNiBt23xEeTLHc6qq0SczvMaNPf1%2Fthumb_280_KuOf9l02w1SqNH58rBBFYw%3D%3D.jpg?alt=media,L1412 Cinta Amarre CRIQ 700kg x4u Lusqtoff,HERRAMIENTAS DE MANO,"ARS 32,300.00",,,COD: L1412
,https://firebasestorage.stagebeta.kyte.site/v0/b/kyte-7c484.appspot.com/o/ZFyc7Bt6RkXUMOZjV0nJrgbWuBK2%2Fthumb_280_lJIUaf1MuaWZ0zH6VGXodA%3D%3D.jpg?alt=media,L3000 Llave Combinada 6 mm Lusqtoff,HERRAMIENTAS DE MANO,"ARS 1,942.50",,,COD: L3000
,https://firebasestorage.stagebeta.kyte.site/v0/b/kyte-7c484.appspot.com/o/ZFyc7Bt6RkXUMOZjV0nJrgbWuBK2%2Fthumb_280_UoJQqdAFE3DGCtMMl01K8A%3D%3D.jpg?alt=media,L3001 Llave Combinada 7 mm Lusqtoff,HERRAMIENTAS DE MANO,"ARS 1,942.50",,,COD: L3001
,https://firebasestorage.stagebeta.kyte.site/v0/b/kyte-7c484.appspot.com/o/ZFyc7Bt6RkXUMOZjV0nJrgbWuBK2%2Fthumb_280_htt4dl2muZrkyIq6LdXPSg%3D%3D.jpg?alt=media,L3002 Llave Combinada 8 mm Lusqtoff,HERRAMIENTAS DE MANO,"ARS 2,478.00",,,COD: L3002
,https://firebasestorage.stagebeta.kyte.site/v0/b/kyte-7c484.appspot.com/o/ZFyc7Bt6RkXUMOZjV0nJrgbWuBK2%2Fthumb_280_CraHCpLrkJx7YXq5rW%2BzQ%3D%3D.jpg?alt=media,L3003 Llave Combinada 9 mm Lusqtoff,HERRAMIENTAS DE MANO,"ARS 2,940.00",,,COD: L3003
,https://firebasestorage.stagebeta.kyte.site/v0/b/kyte-7c484.appspot.com/o/ZFyc7Bt6RkXUMOZjV0nJrgbWuBK2%2Fthumb_280_TgltRKS1QajY%2BNhd2yD6w%3D%3D.jpg?alt=media,L3004 Llave Combinada 10 mm Lusqtoff,HERRAMIENTAS DE MANO,"ARS 3,160.50",,,COD: L3004
,https://firebasestorage.stagebeta.kyte.site/v0/b/kyte-7c484.appspot.com/o/ZFyc7Bt6RkXUMOZjV0nJrgbWuBK2%2Fthumb_280_VZdw4WIt0wTi2YHSj4R%2Bw%3D%3D.jpg?alt=media,L3005 Llave Combinada 11 mm Lusqtoff,HERRAMIENTAS DE MANO,"ARS 3,360.00",,,COD: L3005
,https://firebasestorage.stagebeta.kyte.site/v0/b/kyte-7c484.appspot.com/o/ZFyc7Bt6RkXUMOZjV0nJrgbWuBK2%2Fthumb_280_lHAfp01FA0Q6Tu5Q8UzNg%3D%3D.jpg?alt=media,L3006 Llave Combinada 12 mm Lusqtoff,HERRAMIENTAS DE MANO,"ARS 3,517.50",,,COD: L3006
,https://firebasestorage.stagebeta.kyte.site/v0/b/kyte-7c484.appspot.com/o/ZFyc7Bt6RkXUMOZjV0nJrgbWuBK2%2Fthumb_280_jfzKZU9umLSw7ZBJNO7Fg%3D%3D.jpg?alt=media,L3007 Llave Combinada 13 mm Lusqtoff,HERRAMIENTAS DE MANO,"ARS 4,095.00",,,COD: L3007
,https://firebasestorage.stagebeta.kyte.site/v0/b/kyte-7c484.appspot.com/o/ZFyc7Bt6RkXUMOZjV0nJrgbWuBK2%2Fthumb_280_senTWEGxssnvRuVVXrq9ow%3D%3D.jpg?alt=media,L3008 Llave Combinada 14 mm Lusqtoff,HERRAMIENTAS DE MANO,"ARS 4,515.00",,,COD: L3008
,https://firebasestorage.stagebeta.kyte.site/v0/b/kyte-7c484.appspot.com/o/ZFyc7Bt6RkXUMOZjV0nJrgbWuBK2%2Fthumb_280_mBmC6dxT7wKDck2LbOokQ%3D%3D.jpg?alt=media,L3009 Llave Combinada 15 mm,HERRAMIENTAS DE MANO,"ARS 5,040.00",,,COD: L3009
,https://firebasestorage.stagebeta.kyte.site/v0/b/kyte-7c484.appspot.com/o/ZFyc7Bt6RkXUMOZjV0nJrgbWuBK2%2Fthumb_280_mNTY5IP27GDE0sZasN0oHQ%3D%3D.jpg?alt=media,L3010 Llave Combinada 16 mm Lusqtoff,HERRAMIENTAS DE MANO,"ARS 5,197.50",,,COD: L3010
,https://firebasestorage.stagebeta.kyte.site/v0/b/kyte-7c484.appspot.com/o/ZFyc7Bt6RkXUMOZjV0nJrgbWuBK2%2Fthumb_280_AFwP5LXP0hsektQ6ERj6SA%3D%3D.jpg?alt=media,L3011 Llave Combinada 17 mm Lusqtoff,HERRAMIENTAS DE MANO,"ARS 5,775.00",,,COD: L3011
,https://firebasestorage.stagebeta.kyte.site/v0/b/kyte-7c484.appspot.com/o/ZFyc7Bt6RkXUMOZjV0nJrgbWuBK2%2Fthumb_280_01Ja7f%2BXcdWFK9mAgqMggA%3D%3D.jpg?alt=media,L3012 Llave Combinada 18 mm Lusqtoff,HERRAMIENTAS DE MANO,"ARS 7,140.00",,,COD: L3012
,https://firebasestorage.stagebeta.kyte.site/v0/b/kyte-7c484.appspot.com/o/ZFyc7Bt6RkXUMOZjV0nJrgbWuBK2%2Fthumb_280_ufwd5aIi12GRlzG5VHAdVA%3D%3D.jpg?alt=media,L3013 Llave Combinada 19 mm Lusqtoff,HERRAMIENTAS DE MANO,"ARS 7,560.00",,,COD: L3013
,https://firebasestorage.stagebeta.kyte.site/v0/b/kyte-7c484.appspot.com/o/ZFyc7Bt6RkXUMOZjV0nJrgbWuBK2%2Fthumb_280_bfzpkvcApofP8uNGPz22A%3D%3D.jpg?alt=media,L3014 Llave Combinada 20 mm Lusqtoff,HERRAMIENTAS DE MANO,"ARS 8,452.50",,,COD: L3014
,https://firebasestorage.stagebeta.kyte.site/v0/b/kyte-7c484.appspot.com/o/ZFyc7Bt6RkXUMOZjV0nJrgbWuBK2%2Fthumb_280_uh0RdJITByVq32mk5k20A%3D%3D.jpg?alt=media,L3015 Llave Combinada 21 mm Lusqtoff,HERRAMIENTAS DE MANO,"ARS 8,925.00",,,COD: L3015
,https://firebasestorage.stagebeta.kyte.site/v0/b/kyte-7c484.appspot.com/o/ZFyc7Bt6RkXUMOZjV0nJrgbWuBK2%2Fthumb_280_2ZeUMxa8dzxu1SO3HmfoJQ%3D%3D.jpg?alt=media,L3016 Llave Combinada 22 mm Lusqtoff,HERRAMIENTAS DE MANO,"ARS 9,345.00",,,COD: L3016
,https://firebasestorage.stagebeta.kyte.site/v0/b/kyte-7c484.appspot.com/o/ZFyc7Bt6RkXUMOZjV0nJrgbWuBK2%2Fthumb_280_XZ9A4xbc1skXmIxIhIQgA%3D%3D.jpg?alt=media,L3017 Llave Combinada 23 mm Lusqtoff,HERRAMIENTAS DE MANO,"ARS 12,180.00",,,COD: L3017
,https://firebasestorage.stagebeta.kyte.site/v0/b/kyte-7c484.appspot.com/o/ZFyc7Bt6RkXUMOZjV0nJrgbWuBK2%2Fthumb_280_02Z3X9eTWPEsqRESIyzwbQ%3D%3D.jpg?alt=media,L3018 Llave Combinada 24 mm Lusqtoff,HERRAMIENTAS DE MANO,"ARS 12,600.00",,,COD: L3018
,https://firebasestorage.stagebeta.kyte.site/v0/b/kyte-7c484.appspot.com/o/ZFyc7Bt6RkXUMOZjV0nJrgbWuBK2%2Fthumb_280_QABMQJXp7glW8akdyN6KUw%3D%3D.jpg?alt=media,L3019 Llave Combinada 25 mm Lusqtoff,HERRAMIENTAS DE MANO,"ARS 14,700.00",,,COD: L3019
,https://firebasestorage.stagebeta.kyte.site/v0/b/kyte-7c484.appspot.com/o/ZFyc7Bt6RkXUMOZjV0nJrgbWuBK2%2Fthumb_280_Ft3KYrHMRYvg7K6fiLRBw%3D%3D.jpg?alt=media,"L3031 Llave Combinada 1/4"" Lusqtoff",HERRAMIENTAS DE MANO,"ARS 2,047.50",,,COD: L3031
,https://firebasestorage.stagebeta.kyte.site/v0/b/kyte-7c484.appspot.com/o/ZFyc7Bt6RkXUMOZjV0nJrgbWuBK2%2Fthumb_280_ptlpns3z3m3m0keakypX8w%3D%3D.jpg?alt=media,"L3032 Llave Combinada 5/16"" Lusqtoff",HERRAMIENTAS DE MANO,"ARS 2,625.00",,,COD: L3032
,https://firebasestorage.stagebeta.kyte.site/v0/b/kyte-7c484.appspot.com/o/ZFyc7Bt6RkXUMOZjV0nJrgbWuBK2%2Fthumb_280_S5768iHXAooMxdOxsZvjA%3D%3D.jpg?alt=media,"L3033 Llave Combinada 3/8"" Lusqtoff",HERRAMIENTAS DE MANO,"ARS 3,150.00",,,COD: L3033
,https://firebasestorage.stagebeta.kyte.site/v0/b/kyte-7c484.appspot.com/o/ZFyc7Bt6RkXUMOZjV0nJrgbWuBK2%2Fthumb_280_Xyum1hzYOJBThbc5TgkRw%3D%3D.jpg?alt=media,"L3034 Llave Combinada 7/16"" Lusqtoff",HERRAMIENTAS DE MANO,"ARS 3,255.00",,,COD: L3034
,https://firebasestorage.stagebeta.kyte.site/v0/b/kyte-7c484.appspot.com/o/ZFyc7Bt6RkXUMOZjV0nJrgbWuBK2%2Fthumb_280_CymnvaJC1hND3wixKqMNzw%3D%3D.jpg?alt=media,"L3035 Llave Combinada 1/2"" Lusqtoff",HERRAMIENTAS DE MANO,"ARS 4,147.50",,,COD: L3035
,https://firebasestorage.stagebeta.kyte.site/v0/b/kyte-7c484.appspot.com/o/ZFyc7Bt6RkXUMOZjV0nJrgbWuBK2%2Fthumb_280_ULMY7QMJRECkzEaciUbLg%3D%3D.jpg?alt=media,"L3036 Llave Combinada 9/16"" Lusqtoff",HERRAMIENTAS DE MANO,"ARS 4,830.00",,,COD: L3036
,https://firebasestorage.stagebeta.kyte.site/v0/b/kyte-7c484.appspot.com/o/ZFyc7Bt6RkXUMOZjV0nJrgbWuBK2%2Fthumb_280_4qB20Cw0qfhQmClrDHT41A%3D%3D.jpg?alt=media,"L3037 Llave Combinada 5/8"" Lusqtoff",HERRAMIENTAS DE MANO,"ARS 5,355.00",,,COD: L3037
,https://firebasestorage.stagebeta.kyte.site/v0/b/kyte-7c484.appspot.com/o/ZFyc7Bt6RkXUMOZjV0nJrgbWuBK2%2Fthumb_280_cwsJ9l5TtzP7GPTnoIgBNg%3D%3D.jpg?alt=media,"L3038 Llave Combinada 11/16"" Lusqtoff",HERRAMIENTAS DE MANO,"ARS 5,985.00",,,COD: L3038
,https://firebasestorage.stagebeta.kyte.site/v0/b/kyte-7c484.appspot.com/o/ZFyc7Bt6RkXUMOZjV0nJrgbWuBK2%2Fthumb_280_Em4Rgqa2AncMPK3VcsQSNw%3D%3D.jpg?alt=media,"L3039 Llave Combinada 3/4"" Lusqtoff",HERRAMIENTAS DE MANO,"ARS 7,770.00",,,COD: L3039
,https://firebasestorage.stagebeta.kyte.site/v0/b/kyte-7c484.appspot.com/o/ZFyc7Bt6RkXUMOZjV0nJrgbWuBK2%2Fthumb_280_FYicm9EAoLKQFYddk8eYqg%3D%3D.jpg?alt=media,"L3040 Llave Combinada 13/16"" Lusqtoff",HERRAMIENTAS DE MANO,"ARS 9,135.00",,,COD: L3040
,https://firebasestorage.stagebeta.kyte.site/v0/b/kyte-7c484.appspot.com/o/ZFyc7Bt6RkXUMOZjV0nJrgbWuBK2%2Fthumb_280_ndsBK5QoJrAOVvvHyGEzA%3D%3D.jpg?alt=media,"L3041 Llave Combinada 7/8"" Lusqtoff",HERRAMIENTAS DE MANO,"ARS 10,185.00",,,COD: L3041
,https://firebasestorage.stagebeta.kyte.site/v0/b/kyte-7c484.appspot.com/o/ZFyc7Bt6RkXUMOZjV0nJrgbWuBK2%2Fthumb_280_tfR9R47H440ZQgKxU%2BA4A%3D%3D.jpg?alt=media,"L3042 Llave Combinada 15/16"" Lusqtoff",HERRAMIENTAS DE MANO,"ARS 12,915.00",,,COD: L3042
,https://firebasestorage.stagebeta.kyte.site/v0/b/kyte-7c484.appspot.com/o/ZFyc7Bt6RkXUMOZjV0nJrgbWuBK2%2Fthumb_280_aslaYJsUQRydVJRjHa4WJA%3D%3D.jpg?alt=media,"L3043 Llave Combinada 1"" Lusqtoff",HERRAMIENTAS DE MANO,"ARS 15,120.00",,,COD: L3043
,https://firebasestorage.stagebeta.kyte.site/v0/b/kyte-7c484.appspot.com/o/lMoTHi1BRBdqdbcY5aWHjbk2u7O2%2Fthumb_280_Stwn9kRTopthtLrwdFOZzg%3D%3D.jpg?alt=media,L3322 Llave Ajustable 6'' (150MM) Lusqtoff,HERRAMIENTAS DE MANO,"ARS 6,300.00",,,COD: L3322
,https://firebasestorage.stagebeta.kyte.site/v0/b/kyte-7c484.appspot.com/o/lMoTHi1BRBdqdbcY5aWHjbk2u7O2%2Fthumb_280_M7hLRRjq6fCJzqSI7Pf1w%3D%3D.jpg?alt=media,L3324 Llave Ajustable 8'' (200MM) Lusqtoff,HERRAMIENTAS DE MANO,"ARS 8,200.00",,,COD: L3324
,https://firebasestorage.stagebeta.kyte.site/v0/b/kyte-7c484.appspot.com/o/lMoTHi1BRBdqdbcY5aWHjbk2u7O2%2Fthumb_280_SlWQ7yJVR7FQuLZarxsnEg%3D%3D.jpg?alt=media,L3326 Llave Ajustable 10'' (250MM) Lusqtoff,HERRAMIENTAS DE MANO,"ARS 12,800.00",,,COD: L3326
,https://firebasestorage.stagebeta.kyte.site/v0/b/kyte-7c484.appspot.com/o/lMoTHi1BRBdqdbcY5aWHjbk2u7O2%2Fthumb_280_dD6qeaxnYFsXOOOF9RGomw%3D%3D.jpg?alt=media,L3328 Llave Ajustable 12'' (300MM) Lusqtoff,HERRAMIENTAS DE MANO,"ARS 16,700.00",,,COD: L3328
,https://firebasestorage.stagebeta.kyte.site/v0/b/kyte-7c484.appspot.com/o/ZFyc7Bt6RkXUMOZjV0nJrgbWuBK2%2Fthumb_280_C2F51B8D-0A28-48FD-B8C4-4DAFC96863CC.jpg?alt=media,"L3400 Llave para Caño 1"" Lusqtoff PRO",HERRAMIENTAS DE MANO,"ARS 12,350.00",,,COD: L3400
,https://firebasestorage.stagebeta.kyte.site/v0/b/kyte-7c484.appspot.com/o/ZFyc7Bt6RkXUMOZjV0nJrgbWuBK2%2Fthumb_280_A94AE371-EB7D-4395-A9D9-FA5F011530B0.jpg?alt=media,"L3402 Llave para Caño 1 1/2"" Lusqtoff PRO",HERRAMIENTAS DE MANO,"ARS 23,040.00",,,COD: L3402
,https://firebasestorage.stagebeta.kyte.site/v0/b/kyte-7c484.appspot.com/o/ZFyc7Bt6RkXUMOZjV0nJrgbWuBK2%2Fthumb_280_1A38541D-C736-4D6B-B142-EE9F31DF2487.jpg?alt=media,"L3404 Llave para Caño 2"" Lusqtoff PRO",HERRAMIENTAS DE MANO,"ARS 32,920.00",,,COD: L3404
,https://firebasestorage.stagebeta.kyte.site/v0/b/kyte-7c484.appspot.com/o/ZFyc7Bt6RkXUMOZjV0nJrgbWuBK2%2Fthumb_280_19433544-DA39-4682-B4E0-709E24E7B9A3.jpg?alt=media,"L3406 Llave para Caño 3"" Lusqtoff PRO",HERRAMIENTAS DE MANO,"ARS 46,080.00",,,COD: L3406
,https://firebasestorage.stagebeta.kyte.site/v0/b/kyte-7c484.appspot.com/o/ZFyc7Bt6RkXUMOZjV0nJrgbWuBK2%2Fthumb_280_Q4WnCrJrSJyEfRcvIXI%2B7w%3D%3D.jpg?alt=media,"L4008 Pinza Universal 7"" 180MM Lusqtoff Pro",HERRAMIENTAS DE MANO,"ARS 6,590.00",,Llevando x6 unidades [5% OFF],COD: L4008
,https://firebasestorage.stagebeta.kyte.site/v0/b/kyte-7c484.appspot.com/o/ZFyc7Bt6RkXUMOZjV0nJrgbWuBK2%2Fthumb_280_jybrGgbbofDwg8IODNMYsA%3D%3D.jpg?alt=media,"L4010 Pinza Universal 8"" 200MM Lusqtoff Pro",HERRAMIENTAS DE MANO,"ARS 7,240.00",,Llevando x6 unidades [5% OFF],COD: L4010
,https://firebasestorage.stagebeta.kyte.site/v0/b/kyte-7c484.appspot.com/o/ZFyc7Bt6RkXUMOZjV0nJrgbWuBK2%2Fthumb_280_w5J3P6XsPzElmKqbnWgr3Q%3D%3D.jpg?alt=media,"L4018 Alicate Corte Oblicuo 6"" 150MM Lusqtoff PRO",HERRAMIENTAS DE MANO,"ARS 4,940.00",,Llevando x6 unidades [5% OFF],COD: L4018
,https://firebasestorage.stagebeta.kyte.site/v0/b/kyte-7c484.appspot.com/o/ZFyc7Bt6RkXUMOZjV0nJrgbWuBK2%2Fthumb_280_qS5yZKUiY7xxiiMf43F6Gg%3D%3D.jpg?alt=media,"L4024 ALICATE CORTE OBLICUO CUERDA DE PIANO 7"" 180MM Lusqtoff PRO",HERRAMIENTAS DE MANO,"ARS 8,720.00",,Llevando x6 unidades [5% OFF],COD: L4024
,https://firebasestorage.stagebeta.kyte.site/v0/b/kyte-7c484.appspot.com/o/ZFyc7Bt6RkXUMOZjV0nJrgbWuBK2%2Fthumb_280_GXjhKrpVl2T8OvPWBojsIA%3D%3D.jpg?alt=media,"L4030 PINZA DE PUNTA MEDIA CAÑA 6"" (150MM)",HERRAMIENTAS DE MANO,"ARS 4,940.00",,,COD: L4030
,https://firebasestorage.stagebeta.kyte.site/v0/b/kyte-7c484.appspot.com/o/ZFyc7Bt6RkXUMOZjV0nJrgbWuBK2%2Fthumb_280_mYi9Hq5cRijuaU4AQcNTg%3D%3D.jpg?alt=media,"L4032 PINZA DE PUNTA MEDIA CAÑA 8"" (200MM)",HERRAMIENTAS DE MANO,"ARS 6,090.00",,Llevando x6 unidades [5% OFF],COD: L4032
,https://firebasestorage.stagebeta.kyte.site/v0/b/kyte-7c484.appspot.com/o/ZFyc7Bt6RkXUMOZjV0nJrgbWuBK2%2Fthumb_280_u9DU6rEkU1uLaoFdl8IXVQ%3D%3D.jpg?alt=media,"L4070 PINZA SACABOCADO 9"" (230MM)",HERRAMIENTAS DE MANO,"ARS 15,390.00",,Llevando x6 unidades [5% OFF],COD: L4070
,https://firebasestorage.stagebeta.kyte.site/v0/b/kyte-7c484.appspot.com/o/uNiBt23xEeTLHc6qq0SczvMaNPf1%2Fthumb_280_0lv7ApT6HT1koy1rYnTQ%3D%3D.jpg?alt=media,L4072 Tenaza Armador Medio Corte 9” 230mm Lusqtoff Pro,HERRAMIENTAS DE MANO,"ARS 7,590.00",,Llevando x6 unidades [5% OFF],
,https://firebasestorage.stagebeta.kyte.site/v0/b/kyte-7c484.appspot.com/o/uNiBt23xEeTLHc6qq0SczvMaNPf1%2Fthumb_280_1x4jZMpcIvjT%2B3oNw2n7bA%3D%3D.jpg?alt=media,L4074 Tenaza Armador Corte Medio 12” 300mm Lusqtoff Pro,HERRAMIENTAS DE MANO,"ARS 8,720.00",,Llevando x6 unidades [5% OFF],
,https://firebasestorage.stagebeta.kyte.site/v0/b/kyte-7c484.appspot.com/o/uNiBt23xEeTLHc6qq0SczvMaNPf1%2Fthumb_280_Q50cYj5WXVYhSQMHzffXow%3D%3D.jpg?alt=media,L4076 Tenaza Carpintero 7” 180mm Lusqtoff Pro,HERRAMIENTAS DE MANO,"ARS 6,090.00",,Llevando x6 unidades [5% OFF],
,https://firebasestorage.stagebeta.kyte.site/v0/b/kyte-7c484.appspot.com/o/uNiBt23xEeTLHc6qq0SczvMaNPf1%2Fthumb_280_Q7wyDYHPrdhAJmD7pulkaw%3D%3D.jpg?alt=media,L4078 Tenaza Carpintero 8” 200mm Lusqtoff Pro,HERRAMIENTAS DE MANO,"ARS 6,420.00",,Llevando x6 unidades [5% OFF],
,https://firebasestorage.stagebeta.kyte.site/v0/b/kyte-7c484.appspot.com/o/uNiBt23xEeTLHc6qq0SczvMaNPf1%2Fthumb_280_Nhz27UjMhUggsvouLg7wg%3D%3D.jpg?alt=media,L4080 Tenaza Corta Cerámicos 8” 200mm Lusqtoff Pro,HERRAMIENTAS DE MANO,"ARS 9,880.00",,Llevando x6 unidades [5% OFF],
,https://firebasestorage.stagebeta.kyte.site/v0/b/kyte-7c484.appspot.com/o/uNiBt23xEeTLHc6qq0SczvMaNPf1%2Fthumb_280_VYHC6nzAnkUibxkIgKfsPg%3D%3D.jpg?alt=media,L4082 Pinza Cortadora Doble Rueda 8” 200mm Lusqtoff Pro,HERRAMIENTAS DE MANO,"ARS 12,350.00",,Llevando x6 unidades [5% OFF],
,https://firebasestorage.stagebeta.kyte.site/v0/b/kyte-7c484.appspot.com/o/lMoTHi1BRBdqdbcY5aWHjbk2u7O2%2Fthumb_280_X8BcvN4pY28RO8eXFrGn9A%3D%3D.jpg?alt=media,L4100 Juego de 3 Pinzas Lusqtoff,HERRAMIENTAS DE MANO,"ARS 17,000.00",,,COD: L4100
,https://firebasestorage.stagebeta.kyte.site/v0/b/kyte-7c484.appspot.com/o/ZFyc7Bt6RkXUMOZjV0nJrgbWuBK2%2Fthumb_280_LhDEXJtYAtXzYLpW7MTEg%3D%3D.jpg?alt=media,"L4202 Pinza Universal 7"" 180MM Lusqtoff Pro",HERRAMIENTAS DE MANO,"ARS 9,050.00",,Llevando x6 unidades [5% OFF],COD: L4202
,https://firebasestorage.stagebeta.kyte.site/v0/b/kyte-7c484.appspot.com/o/ZFyc7Bt6RkXUMOZjV0nJrgbWuBK2%2Fthumb_280_KFKXN8xnXxu0y1PTplYIQ%3D%3D.jpg?alt=media,"L4204 Pinza Universal 8"" 200MM Lusqtoff PRO",HERRAMIENTAS DE MANO,"ARS 10,860.00",,Llevando x6 unidades [5% OFF],COD: L4204
,https://firebasestorage.stagebeta.kyte.site/v0/b/kyte-7c484.appspot.com/o/ZFyc7Bt6RkXUMOZjV0nJrgbWuBK2%2Fthumb_280_ENC4WZjnDfWOHc%2BGO51Hg%3D%3D.jpg?alt=media,"L4210 ALICATE CORTE OBLICUO 6"" 150MM Lusqtoff PRO",HERRAMIENTAS DE MANO,"ARS 7,660.00",,Llevando x6 unidades [5% OFF],COD: L4210
,https://firebasestorage.stagebeta.kyte.site/v0/b/kyte-7c484.appspot.com/o/ZFyc7Bt6RkXUMOZjV0nJrgbWuBK2%2Fthumb_280_CrLdIvjWYTTUrcEB3nKRiw%3D%3D.jpg?alt=media,"L4220 PINZA DE PUNTA MEDIA CAÑA 6"" (150MM) PRO",HERRAMIENTAS DE MANO,"ARS 7,410.00",,Llevando x6 unidades [5% OFF],COD: L4220
,https://firebasestorage.stagebeta.kyte.site/v0/b/kyte-7c484.appspot.com/o/ZFyc7Bt6RkXUMOZjV0nJrgbWuBK2%2Fthumb_280_9ZLjUC7BBHayAat2doV5Q%3D%3D.jpg?alt=media,"L4222 PINZA DE PUNTA MEDIA CAÑA 8"" 200MM Lusqtoff PRO",HERRAMIENTAS DE MANO,"ARS 9,050.00",,Llevando x6 unidades [5% OFF],COD: L4222
,https://firebasestorage.stagebeta.kyte.site/v0/b/kyte-7c484.appspot.com/o/uNiBt23xEeTLHc6qq0SczvMaNPf1%2Fthumb_280_EC7019C5-4476-49F3-9BED-F2B39F66D3B7.jpg?alt=media,L4242 Pinza Universal 7” 180mm Aislacion 1000v,HERRAMIENTAS DE MANO,"ARS 13,170.00",,,
,https://firebasestorage.stagebeta.kyte.site/v0/b/kyte-7c484.appspot.com/o/uNiBt23xEeTLHc6qq0SczvMaNPf1%2Fthumb_280_AF1BE6A5-4987-4BC6-B20B-6186937CA383.jpg?alt=media,L4244 Pinza Universal 8” 200mm Aislacion 1000v,HERRAMIENTAS DE MANO,"ARS 14,390.00",,,
,https://firebasestorage.stagebeta.kyte.site/v0/b/kyte-7c484.appspot.com/o/uNiBt23xEeTLHc6qq0SczvMaNPf1%2Fthumb_280_1B65FEB1-19B0-44B6-8A77-4721F4EB3809.jpg?alt=media,L4248 Pinza de Punta Media Caña 6” 150mm Aislacion 1000v,HERRAMIENTAS DE MANO,"ARS 11,120.00",,,
,https://firebasestorage.stagebeta.kyte.site/v0/b/kyte-7c484.appspot.com/o/UxJDx4tXqVMwdhW1pLbTXZQNXC03%2Fthumb_280_eJ9DozjHFiivEeyZra49dA%3D%3D.jpg?alt=media,L4250 pinza de punta 1/2 caña,HERRAMIENTAS DE MANO,"ARS 13,580.00",,,
,https://firebasestorage.stagebeta.kyte.site/v0/b/kyte-7c484.appspot.com/o/UxJDx4tXqVMwdhW1pLbTXZQNXC03%2Fthumb_280_MLO46wGJA4Sh374rLOwTw%3D%3D.jpg?alt=media,L4254 pinza de punta plana,HERRAMIENTAS DE MANO,"ARS 12,760.00",,,
,https://firebasestorage.stagebeta.kyte.site/v0/b/kyte-7c484.appspot.com/o/uNiBt23xEeTLHc6qq0SczvMaNPf1%2Fthumb_280_171FAE57-ED7A-45EA-82F6-55B6A5174D1D.jpg?alt=media,L4260 Alicate Corte Oblicuo 6” 150mm Aislacion 1000v,HERRAMIENTAS DE MANO,"ARS 13,170.00",,,
,https://firebasestorage.stagebeta.kyte.site/v0/b/kyte-7c484.appspot.com/o/lMoTHi1BRBdqdbcY5aWHjbk2u7O2%2Fthumb_280_40yz5mqYXDCAxS%2B5HonJw%3D%3D.jpg?alt=media,L4265 Juego de 3 Pinzas Aisladas 1000V Lusqtoff,HERRAMIENTAS DE MANO,"ARS 38,750.00",,,COD: L4265
,https://firebasestorage.stagebeta.kyte.site/v0/b/kyte-7c484.appspot.com/o/kO7PxYkhJuh8ulF3RSBup3HgPoo1%2Fthumb_280_wqmWSvNv7hxaM5wZ9NRIMg%3D%3D.jpg?alt=media,"L4272 Pinza Pico de Loro 10"" 250mm Lusqtoff PRO",HERRAMIENTAS DE MANO,"ARS 8,800.00",,Llevando x6 unidades [5% OFF],
,https://firebasestorage.stagebeta.kyte.site/v0/b/kyte-7c484.appspot.com/o/uNiBt23xEeTLHc6qq0SczvMaNPf1%2Fthumb_280_9957FA8F-5208-4753-806D-8260CA130E27.jpg?alt=media,L4274 Pinza Pico de Loro 12” 300mm PRO,HERRAMIENTAS DE MANO,"ARS 12,600.00",,Llevando x6 unidades [5% OFF],
,https://firebasestorage.stagebeta.kyte.site/v0/b/kyte-7c484.appspot.com/o/uNiBt23xEeTLHc6qq0SczvMaNPf1%2Fthumb_280_D8460F02-131A-4ED3-9BF8-FA40401E37F8.jpg?alt=media,L4280 Pinza Seeger 7” 180mm Cerrar Recto,HERRAMIENTAS DE MANO,"ARS 5,520.00",,Llevando x6 unidades [5% OFF],
,https://firebasestorage.stagebeta.kyte.site/v0/b/kyte-7c484.appspot.com/o/uNiBt23xEeTLHc6qq0SczvMaNPf1%2Fthumb_280_15E3690C-50D4-4FFC-B5D3-8268465E75FD.jpg?alt=media,L4282 Pinza Seeger 7” 180mm Cerrar Curvo,HERRAMIENTAS DE MANO,"ARS 5,520.00",,Llevando x6 unidades [5% OFF],
,https://firebasestorage.stagebeta.kyte.site/v0/b/kyte-7c484.appspot.com/o/uNiBt23xEeTLHc6qq0SczvMaNPf1%2Fthumb_280_D3F05043-D562-4E24-B991-B09D8AF0E1D2.jpg?alt=media,L4284 Pinza Seeger 7” 180mm Abrir Recto,HERRAMIENTAS DE MANO,"ARS 5,520.00",,Llevando x6 unidades [5% OFF],
,https://firebasestorage.stagebeta.kyte.site/v0/b/kyte-7c484.appspot.com/o/uNiBt23xEeTLHc6qq0SczvMaNPf1%2Fthumb_280_F89BEF78-63CA-49EB-ACF0-7ECE33387189.jpg?alt=media,L4286 Pinza Seeger 7” 180mm Abrir Curvo,HERRAMIENTAS DE MANO,"ARS 5,520.00",,Llevando x6 unidades [5% OFF],
,https://firebasestorage.stagebeta.kyte.site/v0/b/kyte-7c484.appspot.com/o/ZFyc7Bt6RkXUMOZjV0nJrgbWuBK2%2Fthumb_280_rW0QaYO5t9NulWEIPNId5Q%3D%3D.jpg?alt=media,"L4290 Mini Cortaperno 8"" 200MM Lusqtoff PR",HERRAMIENTAS DE MANO,"ARS 6,590.00",,Llevando x6 unidades [5% OFF],COD: L4290
,https://firebasestorage.stagebeta.kyte.site/v0/b/kyte-7c484.appspot.com/o/lMoTHi1BRBdqdbcY5aWHjbk2u7O2%2Fthumb_280_gEa8ATCcbPqMNQwsloig%3D%3D.jpg?alt=media,L4292 Cortapernos 12'' (300MM) Lusqtoff,HERRAMIENTAS DE MANO,"ARS 13,600.00",,,COD: L4292
,https://firebasestorage.stagebeta.kyte.site/v0/b/kyte-7c484.appspot.com/o/lMoTHi1BRBdqdbcY5aWHjbk2u7O2%2Fthumb_280_uPU9uW7BbvQvBY%2BJptcHTQ%3D%3D.jpg?alt=media,L4293 Cortapernos 14'' (350MM) Lusqtoff,HERRAMIENTAS DE MANO,"ARS 15,300.00",,,COD: L4293
,https://firebasestorage.stagebeta.kyte.site/v0/b/kyte-7c484.appspot.com/o/UxJDx4tXqVMwdhW1pLbTXZQNXC03%2Fthumb_280_sZ6Jp4sehUwu9WFVN3gsKA%3D%3D.jpg?alt=media,L4304 Pinza de Presión Mordaza Recta 7” 180mm PRO,HERRAMIENTAS DE MANO,"ARS 8,230.00",,Llevando x6 unidades [5% OFF],
,https://firebasestorage.stagebeta.kyte.site/v0/b/kyte-7c484.appspot.com/o/uNiBt23xEeTLHc6qq0SczvMaNPf1%2Fthumb_280_194C9A10-2D53-42A3-BB69-670FDA20ABD8.jpg?alt=media,L4306 Pinza de Presión Mordaza Recta 12” 250mm PRO,HERRAMIENTAS DE MANO,"ARS 9,880.00",,Llevando x6 unidades [5% OFF],
,https://firebasestorage.stagebeta.kyte.site/v0/b/kyte-7c484.appspot.com/o/uNiBt23xEeTLHc6qq0SczvMaNPf1%2Fthumb_280_3AD75545-D007-4AEA-BF63-FED1C8182E8D.jpg?alt=media,L4310 Pinza de Presión con Plataforma 8” 200mm PRO,HERRAMIENTAS DE MANO,"ARS 9,220.00",,Llevando x6 unidades [5% OFF],
,https://firebasestorage.stagebeta.kyte.site/v0/b/kyte-7c484.appspot.com/o/uNiBt23xEeTLHc6qq0SczvMaNPf1%2Fthumb_280_13392661-3BE2-4AD1-8239-A29172231AE9.jpg?alt=media,L4316 Pinza de Presión “Tipo C” 11” 280mm PRO,HERRAMIENTAS DE MANO,"ARS 12,350.00",,,
,https://firebasestorage.stagebeta.kyte.site/v0/b/kyte-7c484.appspot.com/o/UxJDx4tXqVMwdhW1pLbTXZQNXC03%2Fthumb_280_RYJVmBSUICNtvHghwtX9Gw%3D%3D.jpg?alt=media,L4318 Pinza de Presión tipo C,HERRAMIENTAS DE MANO,"ARS 14,820.00",,Llevando x6 unidades [5% OFF],
,https://firebasestorage.stagebeta.kyte.site/v0/b/kyte-7c484.appspot.com/o/ZFyc7Bt6RkXUMOZjV0nJrgbWuBK2%2Fthumb_280_Lc38tCpj6BgSVN8tgmb4Ew%3D%3D.jpg?alt=media,L4400 PINZA DE AVIACION CORTE RECTO 10’’ 250mm PRO,HERRAMIENTAS DE MANO,"ARS 9,060.00",,Llevando x6 unidades [5% OFF],COD: L4400
,https://firebasestorage.stagebeta.kyte.site/v0/b/kyte-7c484.appspot.com/o/uNiBt23xEeTLHc6qq0SczvMaNPf1%2Fthumb_280_EAED6AC9-FE0F-4D76-B099-BC58AC2C5D84.jpg?alt=media,L4402 Tijera de Aviación 10” 250mm Corte Izq.,HERRAMIENTAS DE MANO,"ARS 9,060.00",,Llevando x6 unidades [5% OFF],
,https://firebasestorage.stagebeta.kyte.site/v0/b/kyte-7c484.appspot.com/o/uNiBt23xEeTLHc6qq0SczvMaNPf1%2Fthumb_280_B5B42242-C750-4F64-96AA-EEC085960702.jpg?alt=media,L4404 Tijera de Aviación 10” 250mm Corte Der.,HERRAMIENTAS DE MANO,"ARS 9,060.00",,Llevando x6 unidades [5% OFF],
,https://firebasestorage.stagebeta.kyte.site/v0/b/kyte-7c484.appspot.com/o/uNiBt23xEeTLHc6qq0SczvMaNPf1%2Fthumb_280_7BB8B6B1-05BF-4C93-BA01-544312DC4D27.jpg?alt=media,L4410 Tijera Corta Chapa Tipo Alemán 12” 300mm PRO,HERRAMIENTAS DE MANO,"ARS 17,280.00",,Llevando x6 unidades [5% OFF],
,https://firebasestorage.stagebeta.kyte.site/v0/b/kyte-7c484.appspot.com/o/lMoTHi1BRBdqdbcY5aWHjbk2u7O2%2Fthumb_280_poa4jJGdOxx4fp3uBkzrQ%3D%3D.jpg?alt=media,L4502 Pelacable Automatico Frontal Lusqtoff,HERRAMIENTAS DE MANO,"ARS 11,200.00",,,COD: L4502
,https://firebasestorage.stagebeta.kyte.site/v0/b/kyte-7c484.appspot.com/o/yqjNgIWNHSPtDU8IsxdtNJ9QjBh2%2Fthumb_280_24FA102F-655F-465C-875A-929D4A47E1E0.jpg?alt=media,L4902 Set de 20Herramientas Lusqtoff,HERRAMIENTAS DE MANO,"ARS 57,500.00",,,COD: L4902
,https://firebasestorage.stagebeta.kyte.site/v0/b/kyte-7c484.appspot.com/o/lMoTHi1BRBdqdbcY5aWHjbk2u7O2%2Fthumb_280_Jiwn35bDAL4hWchj0p%2BnjA%3D%3D.jpg?alt=media,L4904 Juego de 67 Herramientas Lusqtoff,HERRAMIENTAS DE MANO,"ARS 76,500.00",,,COD: L4904
,https://firebasestorage.stagebeta.kyte.site/v0/b/kyte-7c484.appspot.com/o/lMoTHi1BRBdqdbcY5aWHjbk2u7O2%2Fthumb_280_Kduuil%2Bf9fy3Lzl22zZBog%3D%3D.jpg?alt=media,L4906 Juego de 14 Herramientas Lusqtoff,HERRAMIENTAS DE MANO,"ARS 29,000.00",,,COD: L4906
,https://firebasestorage.stagebeta.kyte.site/v0/b/kyte-7c484.appspot.com/o/lMoTHi1BRBdqdbcY5aWHjbk2u7O2%2Fthumb_280_lhFmJ5sqxZTqo6mdq7HKQ%3D%3D.jpg?alt=media,L4912 Juego de 10 Herramientas Lusqtoff,HERRAMIENTAS DE MANO,"ARS 34,000.00",,,COD: L4912
,https://firebasestorage.stagebeta.kyte.site/v0/b/kyte-7c484.appspot.com/o/lMoTHi1BRBdqdbcY5aWHjbk2u7O2%2Fthumb_280_0tE3NLgZJz31vdVicIT2Q%3D%3D.jpg?alt=media,L4914 Juego de 15 Herramientas Lusqtoff,HERRAMIENTAS DE MANO,"ARS 26,500.00",,,COD: L4914
,https://firebasestorage.stagebeta.kyte.site/v0/b/kyte-7c484.appspot.com/o/uNiBt23xEeTLHc6qq0SczvMaNPf1%2Fthumb_280_NvV6KelnQ5ZII5wk58p1cA%3D%3D.jpg?alt=media,L4950 Caja de Herramientas 46 Piezas Lusqtoff,HERRAMIENTAS DE MANO,"ARS 54,350.00",,,COD: L4950
,https://firebasestorage.stagebeta.kyte.site/v0/b/kyte-7c484.appspot.com/o/lMoTHi1BRBdqdbcY5aWHjbk2u7O2%2Fthumb_280_F8z5Eu%2BkJsfdRzJEhCMZw%3D%3D.jpg?alt=media,L5702 Juego de Bocallaves + Accesorios 18 Piezas Lusqtoff,HERRAMIENTAS DE MANO,"ARS 33,950.00",,,COD: L5702
,https://firebasestorage.stagebeta.kyte.site/v0/b/kyte-7c484.appspot.com/o/lMoTHi1BRBdqdbcY5aWHjbk2u7O2%2Fthumb_280_uHMxTDpO4aTVAK%2Br1RFKqw%3D%3D.jpg?alt=media,L5735 Juego de Bocallaves + Accesorios 92 Piezas Lusqtoff,HERRAMIENTAS DE MANO,"ARS 127,350.00",,,COD: L5735
,https://firebasestorage.stagebeta.kyte.site/v0/b/kyte-7c484.appspot.com/o/lMoTHi1BRBdqdbcY5aWHjbk2u7O2%2Fthumb_280_ojKw3Cl%2BTxyGtTYPTlaTBA%3D%3D.jpg?alt=media,L6506 Destornillador Plano 5 X 100MM Lusqtoff,HERRAMIENTAS DE MANO,"ARS 1,900.00",,,COD: L6506
,https://firebasestorage.stagebeta.kyte.site/v0/b/kyte-7c484.appspot.com/o/lMoTHi1BRBdqdbcY5aWHjbk2u7O2%2Fthumb_280_7X54OJzOuUiCpC%2BKqD9TZA%3D%3D.jpg?alt=media,L6508 Destornillador Plano 5 X 150MM Lusqtoff,HERRAMIENTAS DE MANO,"ARS 2,050.00",,,COD: L6508
,https://firebasestorage.stagebeta.kyte.site/v0/b/kyte-7c484.appspot.com/o/lMoTHi1BRBdqdbcY5aWHjbk2u7O2%2Fthumb_280_baL1HpOyW5KYV4RHpAYcA%3D%3D.jpg?alt=media,L6510 Destornillador Plano 6 X 100MM Lusqtoff,HERRAMIENTAS DE MANO,"ARS 2,200.00",,,COD: L6510
,https://firebasestorage.stagebeta.kyte.site/v0/b/kyte-7c484.appspot.com/o/lMoTHi1BRBdqdbcY5aWHjbk2u7O2%2Fthumb_280_yoOm0PzJENMfyUHOcmMw%3D%3D.jpg?alt=media,L6512 Destornillador Plano 6 X 150MM Lusqtoff,HERRAMIENTAS DE MANO,"ARS 2,250.00",,,COD: L6512
,https://firebasestorage.stagebeta.kyte.site/v0/b/kyte-7c484.appspot.com/o/lMoTHi1BRBdqdbcY5aWHjbk2u7O2%2Fthumb_280_ip00sxu6QD9mjHWw4nUYeQ%3D%3D.jpg?alt=media,L6516 Destornillador Plano 8 X 150MM Lusqtoff,HERRAMIENTAS DE MANO,"ARS 2,900.00",,,COD: L6516
,https://firebasestorage.stagebeta.kyte.site/v0/b/kyte-7c484.appspot.com/o/lMoTHi1BRBdqdbcY5aWHjbk2u7O2%2Fthumb_280_EySNK9NbUZjX4E6lF31ajQ%3D%3D.jpg?alt=media,L6518 Destornillador Plano 8 X 200MM Lusqtoff,HERRAMIENTAS DE MANO,"ARS 3,400.00",,,COD: L6518
,https://firebasestorage.stagebeta.kyte.site/v0/b/kyte-7c484.appspot.com/o/lMoTHi1BRBdqdbcY5aWHjbk2u7O2%2Fthumb_280_epckQRNt9GdV4rtKgUcWqA%3D%3D.jpg?alt=media,L6530 Destornillador Plano 5 X 100MM Pasante Lusqtoff,HERRAMIENTAS DE MANO,"ARS 2,400.00",,,COD: L6530
,https://firebasestorage.stagebeta.kyte.site/v0/b/kyte-7c484.appspot.com/o/lMoTHi1BRBdqdbcY5aWHjbk2u7O2%2Fthumb_280_Qv1VHY%2B1O%2BvjRWVM8QJCsA%3D%3D.jpg?alt=media,L6536 Destornillador Plano 6 X 100MM Pasante Lusqtoff,HERRAMIENTAS DE MANO,"ARS 2,600.00",,,COD: L6536
,https://firebasestorage.stagebeta.kyte.site/v0/b/kyte-7c484.appspot.com/o/lMoTHi1BRBdqdbcY5aWHjbk2u7O2%2Fthumb_280_ZZ0ZpVwCPhm8flYHgMHUiA%3D%3D.jpg?alt=media,L6538 Destornillador Plano 6 X 150MM Pasante Lusqtoff,HERRAMIENTAS DE MANO,"ARS 2,900.00",,,COD: L6538
,https://firebasestorage.stagebeta.kyte.site/v0/b/kyte-7c484.appspot.com/o/lMoTHi1BRBdqdbcY5aWHjbk2u7O2%2Fthumb_280_SYY74BjeVCiXlRtF94RmwA%3D%3D.jpg?alt=media,L6542 Destornillador Plano 8 X 200MM Pasante Lusqtoff,HERRAMIENTAS DE MANO,"ARS 3,950.00",,,COD: L6542
,https://firebasestorage.stagebeta.kyte.site/v0/b/kyte-7c484.appspot.com/o/lMoTHi1BRBdqdbcY5aWHjbk2u7O2%2Fthumb_280_wR68JkArHaJ657xgBKXPCw%3D%3D.jpg?alt=media,L6602 Destornillador Phillips PH0 -3 X 75MM Lusqtoff,HERRAMIENTAS DE MANO,"ARS 1,550.00",,,COD: L6602
,https://firebasestorage.stagebeta.kyte.site/v0/b/kyte-7c484.appspot.com/o/lMoTHi1BRBdqdbcY5aWHjbk2u7O2%2Fthumb_280_BSBoCD1QAhPn6yQeRkheNQ%3D%3D.jpg?alt=media,L6606 Destornillador Phillips PH1 -5 X 100MM Lusqtoff,HERRAMIENTAS DE MANO,"ARS 1,700.00",,,COD: L6606
,https://firebasestorage.stagebeta.kyte.site/v0/b/kyte-7c484.appspot.com/o/lMoTHi1BRBdqdbcY5aWHjbk2u7O2%2Fthumb_280_d9AqrinjENWk2zQaVgsDzg%3D%3D.jpg?alt=media,L6608 Destornillador Phillips PH1 -5 X 150MM Lusqtoff,HERRAMIENTAS DE MANO,"ARS 2,100.00",,,COD: L6608
,https://firebasestorage.stagebeta.kyte.site/v0/b/kyte-7c484.appspot.com/o/lMoTHi1BRBdqdbcY5aWHjbk2u7O2%2Fthumb_280_dPxpH8FSTfQ6HDkWCbAVuw%3D%3D.jpg?alt=media,L6612 Destornillador Phillips PH2 -6 X 38MM Lusqtoff,HERRAMIENTAS DE MANO,"ARS 1,700.00",,,COD: L6612
,https://firebasestorage.stagebeta.kyte.site/v0/b/kyte-7c484.appspot.com/o/lMoTHi1BRBdqdbcY5aWHjbk2u7O2%2Fthumb_280_9d9b2bNzAUM6twz1DNNWuw%3D%3D.jpg?alt=media,L6614 Destornillador Phillips PH2 -6 X 100MM Lusqtoff,HERRAMIENTAS DE MANO,"ARS 2,250.00",,,COD: L6614
,https://firebasestorage.stagebeta.kyte.site/v0/b/kyte-7c484.appspot.com/o/lMoTHi1BRBdqdbcY5aWHjbk2u7O2%2Fthumb_280_EsIyeZ3FcRVstZyKC22%2BvQ%3D%3D.jpg?alt=media,L6616 Destornillador Phillips PH2 -6 X 150MM Lusqtoff,HERRAMIENTAS DE MANO,"ARS 2,900.00",,,COD: L6616
,https://firebasestorage.stagebeta.kyte.site/v0/b/kyte-7c484.appspot.com/o/lMoTHi1BRBdqdbcY5aWHjbk2u7O2%2Fthumb_280_hn%2Bw8Bd3pInO8wTAMe5t1g%3D%3D.jpg?alt=media,L6620 Destornillador Phillips PH3 -8 X 150MM Lusqtoff,HERRAMIENTAS DE MANO,"ARS 3,000.00",,,COD: L6620
,https://firebasestorage.stagebeta.kyte.site/v0/b/kyte-7c484.appspot.com/o/lMoTHi1BRBdqdbcY5aWHjbk2u7O2%2Fthumb_280_%2BZa2QPdstagCrTRr1lSWhg%3D%3D.jpg?alt=media,L6630 Destornillador Phillips PH1 - 5 X 100MM Pasante Lusqtoff,HERRAMIENTAS DE MANO,"ARS 2,300.00",,,COD: L6630
,https://firebasestorage.stagebeta.kyte.site/v0/b/kyte-7c484.appspot.com/o/lMoTHi1BRBdqdbcY5aWHjbk2u7O2%2Fthumb_280_odzIballQnvVGkD5IK0IQ%3D%3D.jpg?alt=media,L6634 Destornillador Phillips PH2 - 6 X 100MM Pasante Lusqtoff,HERRAMIENTAS DE MANO,"ARS 2,600.00",,,COD: L6634
,https://firebasestorage.stagebeta.kyte.site/v0/b/kyte-7c484.appspot.com/o/lMoTHi1BRBdqdbcY5aWHjbk2u7O2%2Fthumb_280_V1OkKMqWg3%2Bu6SnVPOgEQ%3D%3D.jpg?alt=media,L6636 Destornillador Phillips PH2 - 6 X 150MM Pasante Lusqtoff,HERRAMIENTAS DE MANO,"ARS 2,750.00",,,COD: L6636
,https://firebasestorage.stagebeta.kyte.site/v0/b/kyte-7c484.appspot.com/o/lMoTHi1BRBdqdbcY5aWHjbk2u7O2%2Fthumb_280_yqqvKfAHL6VulRPsHQoX4w%3D%3D.jpg?alt=media,L6640 Destornillador Phillips PH3 - 8 X 200MM Pasante Lusqtoff,HERRAMIENTAS DE MANO,"ARS 4,000.00",,,COD: L6640
,https://firebasestorage.stagebeta.kyte.site/v0/b/kyte-7c484.appspot.com/o/lMoTHi1BRBdqdbcY5aWHjbk2u7O2%2Fthumb_280_LgDVGiRYnfHXfsIbGmHJg%3D%3D.jpg?alt=media,L6702 Destornillador Torx Tamper T8 X 75MM Lusqtoff,HERRAMIENTAS DE MANO,"ARS 1,900.00",,,COD: L6702
,https://firebasestorage.stagebeta.kyte.site/v0/b/kyte-7c484.appspot.com/o/lMoTHi1BRBdqdbcY5aWHjbk2u7O2%2Fthumb_280_nFxqAc5z9eM3tbIZ9vTQ%3D%3D.jpg?alt=media,L6704 Destornillador Torx Tamper T10 X 75MM Lusqtoff,HERRAMIENTAS DE MANO,"ARS 2,100.00",,,COD: L6704
,https://firebasestorage.stagebeta.kyte.site/v0/b/kyte-7c484.appspot.com/o/lMoTHi1BRBdqdbcY5aWHjbk2u7O2%2Fthumb_280_GXJICe0XoKqECdOADUinkQ%3D%3D.jpg?alt=media,L6706 Destornillador Torx Tamper T15 X 100MM Lusqtoff,HERRAMIENTAS DE MANO,"ARS 2,100.00",,,COD: L6706
,https://firebasestorage.stagebeta.kyte.site/v0/b/kyte-7c484.appspot.com/o/lMoTHi1BRBdqdbcY5aWHjbk2u7O2%2Fthumb_280_ocdygAAMenyjfsJvFGYKw%3D%3D.jpg?alt=media,L6708 Destornillador Torx Tamper T20 X 100MM Lusqtoff,HERRAMIENTAS DE MANO,"ARS 2,500.00",,,COD: L6708
,https://firebasestorage.stagebeta.kyte.site/v0/b/kyte-7c484.appspot.com/o/lMoTHi1BRBdqdbcY5aWHjbk2u7O2%2Fthumb_280_jQvWtx5bWNHkY0WqMvR3Mw%3D%3D.jpg?alt=media,L6710 Destornillador Torx Tamper T25 X 100MM Lusqtoff,HERRAMIENTAS DE MANO,"ARS 2,750.00",,,COD: L6710
,https://firebasestorage.stagebeta.kyte.site/v0/b/kyte-7c484.appspot.com/o/lMoTHi1BRBdqdbcY5aWHjbk2u7O2%2Fthumb_280_FN%2B3evlbmk8HmTiZ2VeCeg%3D%3D.jpg?alt=media,L6712 Destornillador Torx Tamper T27 X 125MM Lusqtoff,HERRAMIENTAS DE MANO,"ARS 2,800.00",,,COD: L6712
,https://firebasestorage.stagebeta.kyte.site/v0/b/kyte-7c484.appspot.com/o/lMoTHi1BRBdqdbcY5aWHjbk2u7O2%2Fthumb_280_QKkFXmyRdxnDNXgrEmq3Qg%3D%3D.jpg?alt=media,L6714 Destornillador Torx Tamper T30 X 125MM Lusqtoff,HERRAMIENTAS DE MANO,"ARS 2,900.00",,,COD: L6714
,https://firebasestorage.stagebeta.kyte.site/v0/b/kyte-7c484.appspot.com/o/lMoTHi1BRBdqdbcY5aWHjbk2u7O2%2Fthumb_280_wMGERiz080cqebfdXKcmnw%3D%3D.jpg?alt=media,L6716 Destornillador Torx Tamper T40 X 125MM Lusqtoff,HERRAMIENTAS DE MANO,"ARS 3,100.00",,,COD: L6716
,https://firebasestorage.stagebeta.kyte.site/v0/b/kyte-7c484.appspot.com/o/lMoTHi1BRBdqdbcY5aWHjbk2u7O2%2Fthumb_280_RFmKSEInCZv7Rxh9lu8ZUw%3D%3D.jpg?alt=media,L6750 Buscapolo Lusqtoff,HERRAMIENTAS DE MANO,"ARS 1,400.00",,,COD: L6750
,https://firebasestorage.stagebeta.kyte.site/v0/b/kyte-7c484.appspot.com/o/lMoTHi1BRBdqdbcY5aWHjbk2u7O2%2Fthumb_280_DHyhsgZgDA6K5F2S2N0f8Q%3D%3D.jpg?alt=media,L6908 Juego de 6 Destornilladores Pasantes Lusqtoff,HERRAMIENTAS DE MANO,"ARS 15,350.00",,,COD: L6908
,https://firebasestorage.stagebeta.kyte.site/v0/b/kyte-7c484.appspot.com/o/lMoTHi1BRBdqdbcY5aWHjbk2u7O2%2Fthumb_280_MUyuhqQ9l8nf6czhrnLSPA%3D%3D.jpg?alt=media,L6910 Juego de 2 Destornilladores Lusqtoff,HERRAMIENTAS DE MANO,"ARS 4,900.00",,,COD: L6910
,https://firebasestorage.stagebeta.kyte.site/v0/b/kyte-7c484.appspot.com/o/lMoTHi1BRBdqdbcY5aWHjbk2u7O2%2Fthumb_280_3hEBTXOo98pjDIu9be2j1A%3D%3D.jpg?alt=media,L6914 Juego de 6 Destornilladores Torx Lusqtoff,HERRAMIENTAS DE MANO,"ARS 14,500.00",,,COD: L6914
,https://firebasestorage.stagebeta.kyte.site/v0/b/kyte-7c484.appspot.com/o/lMoTHi1BRBdqdbcY5aWHjbk2u7O2%2Fthumb_280_PSEU1C4Edtg6smDJ8Ssu6A%3D%3D.jpg?alt=media,L6918 Destornillador con 20 Puntas Lusqtoff,HERRAMIENTAS DE MANO,"ARS 5,600.00",,,COD: L6918
,https://firebasestorage.stagebeta.kyte.site/v0/b/kyte-7c484.appspot.com/o/lMoTHi1BRBdqdbcY5aWHjbk2u7O2%2Fthumb_280_kpuWaSAgw3qo7kNPiStkQ%3D%3D.jpg?alt=media,L6922 Juego de Puntas de Precision 55 Piezas Lusqtoff,HERRAMIENTAS DE MANO,"ARS 20,500.00",,,COD: L6922
,https://firebasestorage.stagebeta.kyte.site/v0/b/kyte-7c484.appspot.com/o/uNiBt23xEeTLHc6qq0SczvMaNPf1%2Fthumb_280_8Qu2wryAdHwTn4JX8cOjg%3D%3D.jpg?alt=media,L7002 Calibre Analogico Lusqtoff,HERRAMIENTAS DE MANO,"ARS 20,500.00",,,COD: L7002
,https://firebasestorage.stagebeta.kyte.site/v0/b/kyte-7c484.appspot.com/o/lMoTHi1BRBdqdbcY5aWHjbk2u7O2%2Fthumb_280_7eKODUkccrMJSokzg9MVRA%3D%3D.jpg?alt=media,L7022 Lapiz Carpintero Lusqtoff X12 Unidades,HERRAMIENTAS DE MANO,"ARS 6,500.00",,,COD: L7022
,https://firebasestorage.stagebeta.kyte.site/v0/b/kyte-7c484.appspot.com/o/ZFyc7Bt6RkXUMOZjV0nJrgbWuBK2%2Fthumb_280_unVusE1m7OVRUypLVBtPxQ%3D%3D.jpg?alt=media,L7042 Nivel de Aluminio 300 mm Lusqtoff,HERRAMIENTAS DE MANO,"ARS 12,350.00",,,COD: L7042
,https://firebasestorage.stagebeta.kyte.site/v0/b/kyte-7c484.appspot.com/o/ZFyc7Bt6RkXUMOZjV0nJrgbWuBK2%2Fthumb_280_ElHkZGDZgyVeEPplUQqmSg%3D%3D.jpg?alt=media,L7043 Nivel de Aluminio 400 mm Lusqtoff,HERRAMIENTAS DE MANO,"ARS 13,170.00",,,COD: L7043
,https://firebasestorage.stagebeta.kyte.site/v0/b/kyte-7c484.appspot.com/o/ZFyc7Bt6RkXUMOZjV0nJrgbWuBK2%2Fthumb_280_I622fvBvDr604RWofHHA%3D%3D.jpg?alt=media,L7044 Nivel de Aluminio 500 mm Lusqtoff,HERRAMIENTAS DE MANO,"ARS 13,580.00",,,COD: L7044
,https://firebasestorage.stagebeta.kyte.site/v0/b/kyte-7c484.appspot.com/o/ZFyc7Bt6RkXUMOZjV0nJrgbWuBK2%2Fthumb_280_TIlVJIaBDWyAI9AA0dM8g%3D%3D.jpg?alt=media,L7045 Nivel de Aluminio 600 mm Lusqtoff,HERRAMIENTAS DE MANO,"ARS 14,320.00",,,COD: L7045
,https://firebasestorage.stagebeta.kyte.site/v0/b/kyte-7c484.appspot.com/o/ZFyc7Bt6RkXUMOZjV0nJrgbWuBK2%2Fthumb_280_FaRL2fIFcTc5zaAnTyY3Zg%3D%3D.jpg?alt=media,L7046 Nivel de Aluminio 800 mm Lusqtoff,HERRAMIENTAS DE MANO,"ARS 17,690.00",,,COD: L7046
,https://firebasestorage.stagebeta.kyte.site/v0/b/kyte-7c484.appspot.com/o/ZFyc7Bt6RkXUMOZjV0nJrgbWuBK2%2Fthumb_280_x04UCUj6zKNiNcaLnOsew%3D%3D.jpg?alt=media,L7047 Nivel de Aluminio 1000 mm Lusqtoff,HERRAMIENTAS DE MANO,"ARS 20,160.00",,,COD: L7047
,https://firebasestorage.stagebeta.kyte.site/v0/b/kyte-7c484.appspot.com/o/ZFyc7Bt6RkXUMOZjV0nJrgbWuBK2%2Fthumb_280_FDZTcrDg6ULiA%2BoijvF9w%3D%3D.jpg?alt=media,L7048 Nivel de Aluminio 1200 mm Lusqtoff,HERRAMIENTAS DE MANO,"ARS 22,220.00",,,COD: L7048
,https://firebasestorage.stagebeta.kyte.site/v0/b/kyte-7c484.appspot.com/o/ZFyc7Bt6RkXUMOZjV0nJrgbWuBK2%2Fthumb_280_QWKjVf5I3uyLwZptc3bnA%3D%3D.jpg?alt=media,L7049 Nivel de Aluminio 1500 mm Lusqtoff,HERRAMIENTAS DE MANO,"ARS 26,330.00",,,COD: L7049
,https://firebasestorage.stagebeta.kyte.site/v0/b/kyte-7c484.appspot.com/o/ZFyc7Bt6RkXUMOZjV0nJrgbWuBK2%2Fthumb_280_DgjFljgNgsTpLvjbuBvJJw%3D%3D.jpg?alt=media,L7050 Nivel de Aluminio 1800 mm Lusqtoff,HERRAMIENTAS DE MANO,"ARS 29,620.00",,,COD: L7050
,https://firebasestorage.stagebeta.kyte.site/v0/b/kyte-7c484.appspot.com/o/ZFyc7Bt6RkXUMOZjV0nJrgbWuBK2%2Fthumb_280_g3cpBHTlMNZ4zAJX6OSNg%3D%3D.jpg?alt=media,L7051 Nivel de Aluminio 2000 mm Lusqtoff,HERRAMIENTAS DE MANO,"ARS 32,911.00",,,COD: L7051
,https://firebasestorage.stagebeta.kyte.site/v0/b/kyte-7c484.appspot.com/o/lMoTHi1BRBdqdbcY5aWHjbk2u7O2%2Fthumb_280_ehp6by635VpRAuUW4d1kw%3D%3D.jpg?alt=media,L7128 Llana Recta Lusqtoff,HERRAMIENTAS DE MANO,"ARS 11,100.00",,,COD: L7128
,https://firebasestorage.stagebeta.kyte.site/v0/b/kyte-7c484.appspot.com/o/lMoTHi1BRBdqdbcY5aWHjbk2u7O2%2Fthumb_280_WO9bhYzgiBwrO65xIzbJA%3D%3D.jpg?alt=media,L7130 Espatula Flexible Inoxidable 20 MM Lusqtoff,HERRAMIENTAS DE MANO,"ARS 4,350.00",,,COD: L7130
,https://firebasestorage.stagebeta.kyte.site/v0/b/kyte-7c484.appspot.com/o/lMoTHi1BRBdqdbcY5aWHjbk2u7O2%2Fthumb_280_Y6ckyC8wA9IKlQh7U2ZHtQ%3D%3D.jpg?alt=media,L7132 Espatula Flexible Inoxidable 30 MM Lusqtoff,HERRAMIENTAS DE MANO,"ARS 4,550.00",,,COD: L7132
,https://firebasestorage.stagebeta.kyte.site/v0/b/kyte-7c484.appspot.com/o/lMoTHi1BRBdqdbcY5aWHjbk2u7O2%2Fthumb_280_GDIH7nW8UGOdg1weQu3VFQ%3D%3D.jpg?alt=media,L7134 Espatula Flexible Inoxidable 40 MM Lusqtoff,HERRAMIENTAS DE MANO,"ARS 4,900.00",,,COD: L7134
,https://firebasestorage.stagebeta.kyte.site/v0/b/kyte-7c484.appspot.com/o/lMoTHi1BRBdqdbcY5aWHjbk2u7O2%2Fthumb_280_h0e3luU1MQizi8AW3i6vg%3D%3D.jpg?alt=media,L7140 Espatula Flexible Inoxidable 50 MM Lusqtoff,HERRAMIENTAS DE MANO,"ARS 5,350.00",,,COD: L7140
,https://firebasestorage.stagebeta.kyte.site/v0/b/kyte-7c484.appspot.com/o/lMoTHi1BRBdqdbcY5aWHjbk2u7O2%2Fthumb_280_0qt4OdKkTliQiDuamsziw%3D%3D.jpg?alt=media,L7142 Espatula Flexible Inoxidable 60 MM Lusqtoff,HERRAMIENTAS DE MANO,"ARS 5,700.00",,,COD: L7142
,https://firebasestorage.stagebeta.kyte.site/v0/b/kyte-7c484.appspot.com/o/lMoTHi1BRBdqdbcY5aWHjbk2u7O2%2Fthumb_280_N3ryUPLmU17OfS4vMFrzw%3D%3D.jpg?alt=media,L7144 Espatula Flexible Inoxidable 70 MM Lusqtoff,HERRAMIENTAS DE MANO,"ARS 5,500.00",,,COD: L7144
,https://firebasestorage.stagebeta.kyte.site/v0/b/kyte-7c484.appspot.com/o/lMoTHi1BRBdqdbcY5aWHjbk2u7O2%2Fthumb_280_%2BcmsQjAyJ9XP9rav11vfLQ%3D%3D.jpg?alt=media,L7146 Espatula Flexible Inoxidable 80 MM Lusqtoff,HERRAMIENTAS DE MANO,"ARS 5,800.00",,,COD: L7146
,https://firebasestorage.stagebeta.kyte.site/v0/b/kyte-7c484.appspot.com/o/lMoTHi1BRBdqdbcY5aWHjbk2u7O2%2Fthumb_280_QjRi7HctslrgzjaEItjYQ%3D%3D.jpg?alt=media,L7148 Espatula Flexible Inoxidable 90 MM Lusqtoff,HERRAMIENTAS DE MANO,"ARS 6,500.00",,,COD: L7148
,https://firebasestorage.stagebeta.kyte.site/v0/b/kyte-7c484.appspot.com/o/lMoTHi1BRBdqdbcY5aWHjbk2u7O2%2Fthumb_280_Uw2eJbj%2BuQdMrZg9tVdHHQ%3D%3D.jpg?alt=media,L7152 Espatula Flexible Inoxidable 200 MM Lusqtoff,HERRAMIENTAS DE MANO,"ARS 7,750.00",,,COD: L7152
,https://firebasestorage.stagebeta.kyte.site/v0/b/kyte-7c484.appspot.com/o/lMoTHi1BRBdqdbcY5aWHjbk2u7O2%2Fthumb_280_zJRoJtAsKl3lFQxp80tyug%3D%3D.jpg?alt=media,L7154 Espatula Flexible Inoxidable 250 MM Lusqtoff,HERRAMIENTAS DE MANO,"ARS 9,350.00",,,COD: L7154
,https://firebasestorage.stagebeta.kyte.site/v0/b/kyte-7c484.appspot.com/o/lMoTHi1BRBdqdbcY5aWHjbk2u7O2%2Fthumb_280_447621MWMac3WvrBokrvw%3D%3D.jpg?alt=media,L7156 Espatula Flexible Inoxidable 300 MM Lusqtoff,HERRAMIENTAS DE MANO,"ARS 11,100.00",,,COD: L7156
,https://firebasestorage.stagebeta.kyte.site/v0/b/kyte-7c484.appspot.com/o/lMoTHi1BRBdqdbcY5aWHjbk2u7O2%2Fthumb_280_06HyY8dIg3MVHXRZEqA2CQ%3D%3D.jpg?alt=media,L7200 Raspador Plastico con Navaja Lusqtoff,HERRAMIENTAS DE MANO,"ARS 1,700.00",,,COD: L7200
,https://firebasestorage.stagebeta.kyte.site/v0/b/kyte-7c484.appspot.com/o/lMoTHi1BRBdqdbcY5aWHjbk2u7O2%2Fthumb_280_cXgXwuuuD8V2dgq2DzCn1A%3D%3D.jpg?alt=media,L7410 Mini Arco de Sierra Lusqtoff,HERRAMIENTAS DE MANO,"ARS 7,750.00",,,COD: L7410
,https://firebasestorage.stagebeta.kyte.site/v0/b/kyte-7c484.appspot.com/o/lMoTHi1BRBdqdbcY5aWHjbk2u7O2%2Fthumb_280_gnx5zaakxHALxNzj9e1b3Q%3D%3D.jpg?alt=media,L7420 Serrucho Costilla Profesional 300MM Lusqtoff,HERRAMIENTAS DE MANO,"ARS 7,750.00",,,COD: L7420
,https://firebasestorage.stagebeta.kyte.site/v0/b/kyte-7c484.appspot.com/o/lMoTHi1BRBdqdbcY5aWHjbk2u7O2%2Fthumb_280_XVLT3ruLBXBUdYJnQ48XvA%3D%3D.jpg?alt=media,L7426 Serrucho Carpintero 450MM Lusqtoff,HERRAMIENTAS DE MANO,"ARS 7,250.00",,,COD: L7426
,https://firebasestorage.stagebeta.kyte.site/v0/b/kyte-7c484.appspot.com/o/lMoTHi1BRBdqdbcY5aWHjbk2u7O2%2Fthumb_280_6Lnf1Va9ovMQKPRDyFDaOw%3D%3D.jpg?alt=media,L7428 Serrucho Carpintero 500MM Lusqtoff,HERRAMIENTAS DE MANO,"ARS 7,750.00",,,COD: L7428
,https://firebasestorage.stagebeta.kyte.site/v0/b/kyte-7c484.appspot.com/o/lMoTHi1BRBdqdbcY5aWHjbk2u7O2%2Fthumb_280_hbT2zahQiS3lRpeknJs3wQ%3D%3D.jpg?alt=media,L7430 Serrucho Carpintero 550MM Lusqtoff,HERRAMIENTAS DE MANO,"ARS 8,100.00",,,COD: L7430
,https://firebasestorage.stagebeta.kyte.site/v0/b/kyte-7c484.appspot.com/o/lMoTHi1BRBdqdbcY5aWHjbk2u7O2%2Fthumb_280_UeCcpqCpFAZfbUdX8SzCXw%3D%3D.jpg?alt=media,L7440 Corta Vidrios Lusqtoff,HERRAMIENTAS DE MANO,"ARS 4,250.00",,,COD: L7440
,https://firebasestorage.stagebeta.kyte.site/v0/b/kyte-7c484.appspot.com/o/lMoTHi1BRBdqdbcY5aWHjbk2u7O2%2Fthumb_280_dxOmb1mt0lsQS0pD3Z8WgA%3D%3D.jpg?alt=media,L7450 Cutter Magnetico Profesional 18MM Lusqtoff,HERRAMIENTAS DE MANO,"ARS 6,800.00",,,COD: L7450
,https://firebasestorage.stagebeta.kyte.site/v0/b/kyte-7c484.appspot.com/o/lMoTHi1BRBdqdbcY5aWHjbk2u7O2%2Fthumb_280_v1KYz7Mb7aZmXB3GWNHcFQ%3D%3D.jpg?alt=media,L7452 Cutter Magnetico Profesional 25MM Lusqtoff,HERRAMIENTAS DE MANO,"ARS 11,900.00",,,COD: L7452
,https://firebasestorage.stagebeta.kyte.site/v0/b/kyte-7c484.appspot.com/o/ZFyc7Bt6RkXUMOZjV0nJrgbWuBK2%2Fthumb_280_qxh8O2EhexFWUd%2B56PDWRA%3D%3D.jpg?alt=media,L7470 Corta Caño 32 mm Lusqtoff PRO,HERRAMIENTAS DE MANO,"ARS 23,040.00",,,COD: L7470
,https://firebasestorage.stagebeta.kyte.site/v0/b/kyte-7c484.appspot.com/o/ZFyc7Bt6RkXUMOZjV0nJrgbWuBK2%2Fthumb_280_qy6A4ZEgcqqw%2BHCusjmBw%3D%3D.jpg?alt=media,L7472 Corta Caño 70mm Lusqtoff PRO,HERRAMIENTAS DE MANO,"ARS 42,790.00",,,COD: L7472
,https://firebasestorage.stagebeta.kyte.site/v0/b/kyte-7c484.appspot.com/o/ZFyc7Bt6RkXUMOZjV0nJrgbWuBK2%2Fthumb_280_rdHWUMOgaIQTNR03XM9Gkg%3D%3D.jpg?alt=media,L7476 Tijera Corta Tubo Profesional 42 mm,HERRAMIENTAS DE MANO,"ARS 16,460.00",,,COD: L7476
,https://firebasestorage.stagebeta.kyte.site/v0/b/kyte-7c484.appspot.com/o/lMoTHi1BRBdqdbcY5aWHjbk2u7O2%2Fthumb_280_AyvXt7pLklXhqXb6lxlHQ%3D%3D.jpg?alt=media,L7500 Martillo Carpintero 20MM (200G) Lusqtoff,HERRAMIENTAS DE MANO,"ARS 5,800.00",,,COD: L7500
,https://firebasestorage.stagebeta.kyte.site/v0/b/kyte-7c484.appspot.com/o/lMoTHi1BRBdqdbcY5aWHjbk2u7O2%2Fthumb_280_WeAFVht3eZ2KYmNtqJISw%3D%3D.jpg?alt=media,L7502 Martillo Carpintero 22MM (220G) Lusqtoff,HERRAMIENTAS DE MANO,"ARS 7,250.00",,,COD: L7502
,https://firebasestorage.stagebeta.kyte.site/v0/b/kyte-7c484.appspot.com/o/lMoTHi1BRBdqdbcY5aWHjbk2u7O2%2Fthumb_280_mwmAe0zX035rnjmuB5DP2Q%3D%3D.jpg?alt=media,L7504 Martillo Carpintero 25MM (250G) Lusqtoff,HERRAMIENTAS DE MANO,"ARS 7,750.00",,,COD: L7504
,https://firebasestorage.stagebeta.kyte.site/v0/b/kyte-7c484.appspot.com/o/ZFyc7Bt6RkXUMOZjV0nJrgbWuBK2%2Fthumb_280_z9EDIiFXtLVQ0wKMXzYJtA%3D%3D.jpg?alt=media,L7512 Martillo Galponero Mango de Fibra Lusqtoff,HERRAMIENTAS DE MANO,"ARS 9,050.00",,Llevando x6 unidades [5% OFF],COD: L7512
,https://firebasestorage.stagebeta.kyte.site/v0/b/kyte-7c484.appspot.com/o/ZFyc7Bt6RkXUMOZjV0nJrgbWuBK2%2Fthumb_280_J5%2BKcwYV718BgOy6SV6SPA%3D%3D.jpg?alt=media,L7514 Martillo Galponero Mnago de Madera Lusqtoff,HERRAMIENTAS DE MANO,"ARS 8,063.00",,Llevando x6 unidades [5% OFF],COD: L7514
,https://firebasestorage.stagebeta.kyte.site/v0/b/kyte-7c484.appspot.com/o/ZFyc7Bt6RkXUMOZjV0nJrgbWuBK2%2Fthumb_280_dP2VWuKJSSQfAOf9oSWEXw%3D%3D.jpg?alt=media,L7520 Martillo Bolita 340g Lusqtoff,HERRAMIENTAS DE MANO,"ARS 6,420.00",,Llevando x6 unidades [5% OFF],COD: L7520
,https://firebasestorage.stagebeta.kyte.site/v0/b/kyte-7c484.appspot.com/o/ZFyc7Bt6RkXUMOZjV0nJrgbWuBK2%2Fthumb_280_iHrDd%2Bhv%2Bezc9F3dROyZMQ%3D%3D.jpg?alt=media,L7522 Martillo Bolita 455g Lusqtoff,HERRAMIENTAS DE MANO,"ARS 7,980.00",,,COD: L7522
,https://firebasestorage.stagebeta.kyte.site/v0/b/kyte-7c484.appspot.com/o/ZFyc7Bt6RkXUMOZjV0nJrgbWuBK2%2Fthumb_280_kfxCB8Uv57CV3ihTcs2QbA%3D%3D.jpg?alt=media,L7524 Martillo Bolita 680g Lusqtoff,HERRAMIENTAS DE MANO,"ARS 10,210.00",,Llevando x6 unidades [5% OFF],COD: L7524
,https://firebasestorage.stagebeta.kyte.site/v0/b/kyte-7c484.appspot.com/o/ZFyc7Bt6RkXUMOZjV0nJrgbWuBK2%2Fthumb_280_576F669F-174E-4B10-BDA6-FFE23D05BB2A.jpg?alt=media,L7530 Maza de Albañil 1000g Lusqtoff,HERRAMIENTAS DE MANO,"ARS 10,290.00",,Llevando x6 unidades [5% OFF],COD: L7530
,https://firebasestorage.stagebeta.kyte.site/v0/b/kyte-7c484.appspot.com/o/ZFyc7Bt6RkXUMOZjV0nJrgbWuBK2%2Fthumb_280_080F8A6D-5FC2-44D0-B929-7C792F1EFEF2.jpg?alt=media,L7534 Maza de Albañil 1500g Lusqtoff,HERRAMIENTAS DE MANO,"ARS 13,330.00",,Llevando x6 unidades [5% OFF],COD: L7534
,https://firebasestorage.stagebeta.kyte.site/v0/b/kyte-7c484.appspot.com/o/lMoTHi1BRBdqdbcY5aWHjbk2u7O2%2Fthumb_280_6rKnsZO69PvSxQzuH13RCA%3D%3D.jpg?alt=media,L7540 Maza de Goma 225G Lusqtoff,HERRAMIENTAS DE MANO,"ARS 4,750.00",,,COD: L7540
,https://firebasestorage.stagebeta.kyte.site/v0/b/kyte-7c484.appspot.com/o/lMoTHi1BRBdqdbcY5aWHjbk2u7O2%2Fthumb_280_IBKdxESdKBg04i9FHT24A%3D%3D.jpg?alt=media,L7542 Maza de Goma 455G Lusqtoff,HERRAMIENTAS DE MANO,"ARS 7,350.00",,,COD: L7542
,https://firebasestorage.stagebeta.kyte.site/v0/b/kyte-7c484.appspot.com/o/lMoTHi1BRBdqdbcY5aWHjbk2u7O2%2Fthumb_280_cvpCn6%2BqLqhBh4l45VMmMg%3D%3D.jpg?alt=media,L7550 Martillo de PVC 30MM Lusqtoff,HERRAMIENTAS DE MANO,"ARS 8,500.00",,,COD: L7550
,https://firebasestorage.stagebeta.kyte.site/v0/b/kyte-7c484.appspot.com/o/lMoTHi1BRBdqdbcY5aWHjbk2u7O2%2Fthumb_280_SOQeWtxao1ygPIgh0Ncliw%3D%3D.jpg?alt=media,L7552 Martillo de PVC 40MM Lusqtoff,HERRAMIENTAS DE MANO,"ARS 11,900.00",,,COD: L7552
,https://firebasestorage.stagebeta.kyte.site/v0/b/kyte-7c484.appspot.com/o/lMoTHi1BRBdqdbcY5aWHjbk2u7O2%2Fthumb_280_LARv1LbTTn45rRT7p9LqQ%3D%3D.jpg?alt=media,L7560 Martillo Anti Rebote 455G Lusqtoff,HERRAMIENTAS DE MANO,"ARS 9,500.00",,,COD: L7560
,https://firebasestorage.stagebeta.kyte.site/v0/b/kyte-7c484.appspot.com/o/lMoTHi1BRBdqdbcY5aWHjbk2u7O2%2Fthumb_280_yaZkQIxxlvPo2e2QcjlYRQ%3D%3D.jpg?alt=media,L7562 Martillo Anti Rebote 680G Lusqtoff,HERRAMIENTAS DE MANO,"ARS 11,100.00",,,COD: L7562
,https://firebasestorage.stagebeta.kyte.site/v0/b/kyte-7c484.appspot.com/o/lMoTHi1BRBdqdbcY5aWHjbk2u7O2%2Fthumb_280_28dH43wRAXO5QS9gBCf0w%3D%3D.jpg?alt=media,L7564 Martillo Anti Rebote 910G Lusqtoff,HERRAMIENTAS DE MANO,"ARS 12,750.00",,,COD: L7564
,https://firebasestorage.stagebeta.kyte.site/v0/b/kyte-7c484.appspot.com/o/lMoTHi1BRBdqdbcY5aWHjbk2u7O2%2Fthumb_280_jythnApzbW6qWu1hA8yXgQ%3D%3D.jpg?alt=media,L7610 Prensa Tipo Sargento 300MM Lusqtoff,HERRAMIENTAS DE MANO,"ARS 20,500.00",,,COD: L7610
,https://firebasestorage.stagebeta.kyte.site/v0/b/kyte-7c484.appspot.com/o/lMoTHi1BRBdqdbcY5aWHjbk2u7O2%2Fthumb_280_g%2BeIITAryqkBbL87UuYDjg%3D%3D.jpg?alt=media,L7612 Prensa Tipo Sargento 500MM Lusqtoff,HERRAMIENTAS DE MANO,"ARS 22,100.00",,,COD: L7612
,https://firebasestorage.stagebeta.kyte.site/v0/b/kyte-7c484.appspot.com/o/lMoTHi1BRBdqdbcY5aWHjbk2u7O2%2Fthumb_280_Ec66tNA8eFvxKDbY5e1nFw%3D%3D.jpg?alt=media,L7614 Prensa Tipo Sargento 800MM Lusqtoff,HERRAMIENTAS DE MANO,"ARS 29,000.00",,,COD: L7614
,https://firebasestorage.stagebeta.kyte.site/v0/b/kyte-7c484.appspot.com/o/lMoTHi1BRBdqdbcY5aWHjbk2u7O2%2Fthumb_280_VQ0p4h33IXR61gkTeqRtNA%3D%3D.jpg?alt=media,L7616 Prensa Tipo Sargento 1000MM Lusqtoff,HERRAMIENTAS DE MANO,"ARS 32,300.00",,,COD: L7616
,https://firebasestorage.stagebeta.kyte.site/v0/b/kyte-7c484.appspot.com/o/lMoTHi1BRBdqdbcY5aWHjbk2u7O2%2Fthumb_280_NeYCo0QGuzidKmr05SNl1Q%3D%3D.jpg?alt=media,L7622 Prensa de Resorte Corta 50MM Lusqtoff,HERRAMIENTAS DE MANO,"ARS 2,550.00",,,COD: L7622
,https://firebasestorage.stagebeta.kyte.site/v0/b/kyte-7c484.appspot.com/o/lMoTHi1BRBdqdbcY5aWHjbk2u7O2%2Fthumb_280_UP8jcngE8uEHvvSJKTL%2BWQ%3D%3D.jpg?alt=media,L7624 Prensa de Resorte Corta 63MM Lusqtoff,HERRAMIENTAS DE MANO,"ARS 3,400.00",,,COD: L7624
,https://firebasestorage.stagebeta.kyte.site/v0/b/kyte-7c484.appspot.com/o/lMoTHi1BRBdqdbcY5aWHjbk2u7O2%2Fthumb_280_%2B%2BGuUtcKcS%2BE79v7fpTGzw%3D%3D.jpg?alt=media,L7626 Prensa de Resorte Corta 75MM Lusqtoff,HERRAMIENTAS DE MANO,"ARS 4,250.00",,,COD: L7626
,https://firebasestorage.stagebeta.kyte.site/v0/b/kyte-7c484.appspot.com/o/lMoTHi1BRBdqdbcY5aWHjbk2u7O2%2Fthumb_280_ygEeTpd7ZN3n18sIFMhDfw%3D%3D.jpg?alt=media,L7628 Prensa de Resorte Larga 50MM Lusqtoff,HERRAMIENTAS DE MANO,"ARS 3,400.00",,,COD: L7628
,https://firebasestorage.stagebeta.kyte.site/v0/b/kyte-7c484.appspot.com/o/lMoTHi1BRBdqdbcY5aWHjbk2u7O2%2Fthumb_280_UoiiAiPb4xq7UR4HagEpuA%3D%3D.jpg?alt=media,L7630 Prensa de Resorte Larga 75MM Lusqtoff,HERRAMIENTAS DE MANO,"ARS 4,250.00",,,COD: L7630
,https://firebasestorage.stagebeta.kyte.site/v0/b/kyte-7c484.appspot.com/o/lMoTHi1BRBdqdbcY5aWHjbk2u7O2%2Fthumb_280_E91JPwqEVKXSi8BqpsUdNA%3D%3D.jpg?alt=media,L7640 Prensa de Liberacion Rapida 12'' Lusqtoff,HERRAMIENTAS DE MANO,"ARS 8,950.00",,,COD: L7640
,https://firebasestorage.stagebeta.kyte.site/v0/b/kyte-7c484.appspot.com/o/lMoTHi1BRBdqdbcY5aWHjbk2u7O2%2Fthumb_280_jBJ7E5zv3DoZ1gIdpD0%2B3g%3D%3D.jpg?alt=media,L7642 Prensa de Liberacion Rapida 18'' Lusqtoff,HERRAMIENTAS DE MANO,"ARS 9,800.00",,,COD: L7642
,https://firebasestorage.stagebeta.kyte.site/v0/b/kyte-7c484.appspot.com/o/lMoTHi1BRBdqdbcY5aWHjbk2u7O2%2Fthumb_280_9Jv4Tph8AD5HrmjZXlyvvA%3D%3D.jpg?alt=media,L7644 Prensa de Liberacion Rapida 24'' Lusqtoff,HERRAMIENTAS DE MANO,"ARS 11,100.00",,,COD: L7644
,https://firebasestorage.stagebeta.kyte.site/v0/b/kyte-7c484.appspot.com/o/lMoTHi1BRBdqdbcY5aWHjbk2u7O2%2Fthumb_280_06tGoAdR6n%2B1MvxX1uABgA%3D%3D.jpg?alt=media,L7646 Prensa de Liberacion Rapida 36'' Lusqtoff,HERRAMIENTAS DE MANO,"ARS 12,750.00",,,COD: L7646
,https://firebasestorage.stagebeta.kyte.site/v0/b/kyte-7c484.appspot.com/o/lMoTHi1BRBdqdbcY5aWHjbk2u7O2%2Fthumb_280_1OQ15NLQPVzWRGhcKckG4w%3D%3D.jpg?alt=media,L7650 Prensa Tipo G 100MM Lusqtoff,HERRAMIENTAS DE MANO,"ARS 6,200.00",,,COD: L7650
,https://firebasestorage.stagebeta.kyte.site/v0/b/kyte-7c484.appspot.com/o/yqjNgIWNHSPtDU8IsxdtNJ9QjBh2%2Fthumb_280_hZfROrgCPwKcdz1WBZS7MQ%3D%3D.jpg?alt=media,L7652 Prensa Tipo G 125MM Lusqtoff,HERRAMIENTAS DE MANO,"ARS 7,750.00",,,COD: L7652
,https://firebasestorage.stagebeta.kyte.site/v0/b/kyte-7c484.appspot.com/o/lMoTHi1BRBdqdbcY5aWHjbk2u7O2%2Fthumb_280_Or3DG2VgGA%2BBqzD45%2BIvXQ%3D%3D.jpg?alt=media,L7654 Prensa Tipo G 150MM Lusqtoff,HERRAMIENTAS DE MANO,"ARS 11,100.00",,,COD: L7654
,https://firebasestorage.stagebeta.kyte.site/v0/b/kyte-7c484.appspot.com/o/ZFyc7Bt6RkXUMOZjV0nJrgbWuBK2%2Fthumb_280_B195D080-626B-40A1-BD21-4FB33D2F0D4D.jpg?alt=media,L7704 Remachadora Manual Pro 200 mm Lusqtofff,HERRAMIENTAS DE MANO,"ARS 16,460.00",,Llevando x6 unidades [5% OFF],COD: L7704
,https://firebasestorage.stagebeta.kyte.site/v0/b/kyte-7c484.appspot.com/o/lMoTHi1BRBdqdbcY5aWHjbk2u7O2%2Fthumb_280_hiRdXsjKBVr7QbnJO61w4A%3D%3D.jpg?alt=media,L7705 Remachadora Profesional 8'' (200MM) Lusqtoff,HERRAMIENTAS DE MANO,"ARS 44,200.00",,,COD: L7705
,https://firebasestorage.stagebeta.kyte.site/v0/b/kyte-7c484.appspot.com/o/ZFyc7Bt6RkXUMOZjV0nJrgbWuBK2%2Fthumb_280_E2E2D587-BFBD-43E0-8D37-271FA345D94A.jpg?alt=media,L7706 Remachadora Dos Manos Lusqtoff,HERRAMIENTAS DE MANO,"ARS 22,100.00",,Llevando x6 unidades [5% OFF],COD: L7706
,https://firebasestorage.stagebeta.kyte.site/v0/b/kyte-7c484.appspot.com/o/lMoTHi1BRBdqdbcY5aWHjbk2u7O2%2Fthumb_280_XjIPGJ1fLTU8Aa848vQnQ%3D%3D.jpg?alt=media,L7708 Remachadora Tipo Fuelle Lusqtoff,HERRAMIENTAS DE MANO,"ARS 35,650.00",,,COD: L7708
,https://firebasestorage.stagebeta.kyte.site/v0/b/kyte-7c484.appspot.com/o/lMoTHi1BRBdqdbcY5aWHjbk2u7O2%2Fthumb_280_HdN56ie1lLmUyMy7Z8c0tg%3D%3D.jpg?alt=media,L7930 Torre de Iluminacion LED Portatil 60W Lusqtoff,HERRAMIENTAS DE MANO,"ARS 441,250.00",,,COD: L7930
,https://firebasestorage.stagebeta.kyte.site/v0/b/kyte-7c484.appspot.com/o/lMoTHi1BRBdqdbcY5aWHjbk2u7O2%2Fthumb_280_Qc19dlYc3CnszgW7K2fZRQ%3D%3D.jpg?alt=media,"L8006 Bolso Porta Herramientas Profesional 18"" Lusqtoff",HERRAMIENTAS DE MANO,"ARS 102,000.00",,,COD: L8006
,https://firebasestorage.stagebeta.kyte.site/v0/b/kyte-7c484.appspot.com/o/lMoTHi1BRBdqdbcY5aWHjbk2u7O2%2Fthumb_280_zo5l4PtWpCkr6mBmnIAKlg%3D%3D.jpg?alt=media,L8020 Mochila con Carro Porta Herramientas Profesional Lusqtoff,HERRAMIENTAS DE MANO,"ARS 161,250.00",,,COD: L8020
,https://firebasestorage.stagebeta.kyte.site/v0/b/kyte-7c484.appspot.com/o/lMoTHi1BRBdqdbcY5aWHjbk2u7O2%2Fthumb_280_snywf6eDlv18xwOWwRq8oQ%3D%3D.jpg?alt=media,"L9001 Tijera de Poda 8"" 200MM Lusqtoff",HERRAMIENTAS DE MANO,"ARS 6,800.00",,,COD: L9001
,https://firebasestorage.stagebeta.kyte.site/v0/b/kyte-7c484.appspot.com/o/lMoTHi1BRBdqdbcY5aWHjbk2u7O2%2Fthumb_280_V6K0pwepRLf0cjyWFMx%2B2A%3D%3D.jpg?alt=media,"L9031 Tijera de Cerco 24"" Lusqtoff",HERRAMIENTAS DE MANO,"ARS 23,750.00",,,COD: L9031
,https://firebasestorage.stagebeta.kyte.site/v0/b/kyte-7c484.appspot.com/o/lMoTHi1BRBdqdbcY5aWHjbk2u7O2%2Fthumb_280_Nw%2BLb%2Bg7edkmwj0urNwQ%3D%3D.jpg?alt=media,"L9051 Tijera para Ramas 30"" Lusqtoff",HERRAMIENTAS DE MANO,"ARS 27,250.00",,,COD: L9051
,https://firebasestorage.stagebeta.kyte.site/v0/b/kyte-7c484.appspot.com/o/lMoTHi1BRBdqdbcY5aWHjbk2u7O2%2Fthumb_280_5GwVyAZO1WpQjryHwuJIQ%3D%3D.jpg?alt=media,L9070 Hacha de Mano 600G Cabo de Fibra Lusqtoff,HERRAMIENTAS DE MANO,"ARS 13,750.00",,,COD: L9070
,https://firebasestorage.stagebeta.kyte.site/v0/b/kyte-7c484.appspot.com/o/lMoTHi1BRBdqdbcY5aWHjbk2u7O2%2Fthumb_280_n%2B1wd7n9qLAW9AYinkUinA%3D%3D.jpg?alt=media,L9071 Hacha de Mano 680G Lusqtoff,HERRAMIENTAS DE MANO,"ARS 10,750.00",,,COD: L9071
,https://firebasestorage.stagebeta.kyte.site/v0/b/kyte-7c484.appspot.com/o/lMoTHi1BRBdqdbcY5aWHjbk2u7O2%2Fthumb_280_jxnprp6MlHXgfwTOv6t6UA%3D%3D.jpg?alt=media,L9072 Hacha de Mano 800G Cabo de Fibra Lusqtoff,HERRAMIENTAS DE MANO,"ARS 15,350.00",,,COD: L9072
,https://firebasestorage.stagebeta.kyte.site/v0/b/kyte-7c484.appspot.com/o/lMoTHi1BRBdqdbcY5aWHjbk2u7O2%2Fthumb_280_t1fcwf5K87L9fkIRN0Uglg%3D%3D.jpg?alt=media,L9073 Hacha de Mano 1000G Cabo de Fibra Lusqtoff,HERRAMIENTAS DE MANO,"ARS 17,000.00",,,COD: L9073
,https://firebasestorage.stagebeta.kyte.site/v0/b/kyte-7c484.appspot.com/o/kO7PxYkhJuh8ulF3RSBup3HgPoo1%2Fthumb_280_21105BD1-7E23-4233-A81A-1BE5E128BA1D.jpg?alt=media,1517-7 SET DE DESTORNILLADOR 6PCS,IMPORTADO,"ARS 4,095.00",,,
,https://firebasestorage.stagebeta.kyte.site/v0/b/kyte-7c484.appspot.com/o/kO7PxYkhJuh8ulF3RSBup3HgPoo1%2Fthumb_280_D5287E5B-742A-4E26-A633-E6E3BC1780DB.jpg?alt=media,Cortina de luz led 3x3mts 240 LEDS,IMPORTADO,"ARS 17,745.00",,,
,https://firebasestorage.stagebeta.kyte.site/v0/b/kyte-7c484.appspot.com/o/kO7PxYkhJuh8ulF3RSBup3HgPoo1%2Fthumb_280_EC4732E4-D3BB-4421-839D-1BBB2A7CFBE7.jpg?alt=media,Dispenser de Agua Portátil USB,IMPORTADO,"ARS 6,000.00",,,
El652 SIGUER ( W ),,El652 SIGUER ( W ),IMPORTADO,"ARS 3,440.23",,,
,https://firebasestorage.stagebeta.kyte.site/v0/b/kyte-7c484.appspot.com/o/kO7PxYkhJuh8ulF3RSBup3HgPoo1%2Fthumb_280_vviL8DlQ0qXZL0VYXr%2B47g%3D%3D.jpg?alt=media,ETK0499W BATERIA DE COCINA 5 PIEZAS,IMPORTADO,"ARS 46,200.00",,,COD: ETK049W
,https://firebasestorage.stagebeta.kyte.site/v0/b/kyte-7c484.appspot.com/o/kO7PxYkhJuh8ulF3RSBup3HgPoo1%2Fthumb_280_6EC625DB-0F14-4DE0-B2DF-41D6F6AE2BB7.jpg?alt=media,Etl0074 CANDADO 32MM BRONCE,IMPORTADO,"ARS 1,249.50",,,
,https://firebasestorage.stagebeta.kyte.site/v0/b/kyte-7c484.appspot.com/o/kO7PxYkhJuh8ulF3RSBup3HgPoo1%2Fthumb_280_FEE7B731-FB24-4A7C-AEF3-F5B3C61871F0.jpg?alt=media,Lapiz Albañil EL653,IMPORTADO,ARS 199.50,,,
,https://firebasestorage.stagebeta.kyte.site/v0/b/kyte-7c484.appspot.com/o/kO7PxYkhJuh8ulF3RSBup3HgPoo1%2Fthumb_280_D3E7B7F2-8DFB-4C45-860E-2E7F81F7908E.jpg?alt=media,Luces CALIDAS de navidad arroz x100 DA02,IMPORTADO,"ARS 3,045.00",,,
,https://firebasestorage.stagebeta.kyte.site/v0/b/kyte-7c484.appspot.com/o/kO7PxYkhJuh8ulF3RSBup3HgPoo1%2Fthumb_280_D866DDE9-2E99-45C7-93EA-313BDC46C7F7.jpg?alt=media,Luces de navidad arroz x100 MULTICOLOR DA01,IMPORTADO,"ARS 3,045.00",,,
,https://firebasestorage.stagebeta.kyte.site/v0/b/kyte-7c484.appspot.com/o/kO7PxYkhJuh8ulF3RSBup3HgPoo1%2Fthumb_280_5DAD5B41-AC20-4283-9186-E62083BD3004.jpg?alt=media,Luces de navidad LED X100 Blancas DA13,IMPORTADO,"ARS 3,780.00",,,
,https://firebasestorage.stagebeta.kyte.site/v0/b/kyte-7c484.appspot.com/o/kO7PxYkhJuh8ulF3RSBup3HgPoo1%2Fthumb_280_A197222C-51F2-4B2B-8BC5-CEECED11DEE3.jpg?alt=media,Luz de navidad cálida Da15,IMPORTADO,"ARS 3,780.00",,,
,https://firebasestorage.stagebeta.kyte.site/v0/b/kyte-7c484.appspot.com/o/kO7PxYkhJuh8ulF3RSBup3HgPoo1%2Fthumb_280_A1DCF409-E006-453F-9082-2C7D558BD271.jpg?alt=media,Monopatín infantil chico,IMPORTADO,"ARS 36,645.00",,,
,https://firebasestorage.stagebeta.kyte.site/v0/b/kyte-7c484.appspot.com/o/kO7PxYkhJuh8ulF3RSBup3HgPoo1%2Fthumb_280_A6632AED-5A54-448D-8E96-BB6684386C32.jpg?alt=media,S0189 ESPATULA 2’’,IMPORTADO,"ARS 1,249.50",,,
,https://firebasestorage.stagebeta.kyte.site/v0/b/kyte-7c484.appspot.com/o/kO7PxYkhJuh8ulF3RSBup3HgPoo1%2Fthumb_280_DA328711-0974-4AC3-B869-3739B3679D47.jpg?alt=media,S0190 ESPATULA 3x0,IMPORTADO,"ARS 1,249.50",,,
,https://firebasestorage.stagebeta.kyte.site/v0/b/kyte-7c484.appspot.com/o/kO7PxYkhJuh8ulF3RSBup3HgPoo1%2Fthumb_280_4C4D43BC-32D3-4FE4-BE01-476DD43E458F.jpg?alt=media,Sf-400 BALANZA COCINA 10KG A PILA,IMPORTADO,"ARS 5,668.95",,,
,https://firebasestorage.stagebeta.kyte.site/v0/b/kyte-7c484.appspot.com/o/z8ceXb8w02TssUbULtdA08LxbUz1%2Fthumb_280_6B0F1D15-18A8-4A33-9881-C308FA744DE4.jpg?alt=media,Soporte TV Fijo 14”-42”,IMPORTADO,"ARS 3,780.00",,,
,https://firebasestorage.stagebeta.kyte.site/v0/b/kyte-7c484.appspot.com/o/z8ceXb8w02TssUbULtdA08LxbUz1%2Fthumb_280_42E65D2B-1AD8-4AE5-8F71-758F98B49145.jpg?alt=media,Soporte TV Fijo 26”-63”,IMPORTADO,"ARS 6,090.00",,,
,https://firebasestorage.stagebeta.kyte.site/v0/b/kyte-7c484.appspot.com/o/z8ceXb8w02TssUbULtdA08LxbUz1%2Fthumb_280_5E464E8B-946D-41D4-8A71-6DF578B38F63.jpg?alt=media,"Soporte TV Movil 14"" a 55""",IMPORTADO,"ARS 9,975.00",,,
,https://firebasestorage.stagebeta.kyte.site/v0/b/kyte-7c484.appspot.com/o/kO7PxYkhJuh8ulF3RSBup3HgPoo1%2Fthumb_280_CC99B7B7-D758-4352-9333-7D809483DDD4.jpg?alt=media,SR359-3 LUCES LED CON CONTROL,IMPORTADO,"ARS 11,875.50",,,
,https://firebasestorage.stagebeta.kyte.site/v0/b/kyte-7c484.appspot.com/o/kO7PxYkhJuh8ulF3RSBup3HgPoo1%2Fthumb_280_B3ECA785-5B70-499C-AB63-32990423FDDC.jpg?alt=media,Teflon 1/2 x 10mt pack x 2,IMPORTADO,"ARS 1,039.50",,,
,https://firebasestorage.stagebeta.kyte.site/v0/b/kyte-7c484.appspot.com/o/z8ceXb8w02TssUbULtdA08LxbUz1%2Fthumb_280_2F77CFD3-4867-43E7-B51B-A6E88E08C016.jpg?alt=media,Tender Vertical 3 Niveles con Ruedas,IMPORTADO,"ARS 29,295.00",,,
,https://firebasestorage.stagebeta.kyte.site/v0/b/kyte-7c484.appspot.com/o/kO7PxYkhJuh8ulF3RSBup3HgPoo1%2Fthumb_280_053FC241-A211-445B-AF2A-85372C8F0DCC.jpg?alt=media,TL005 MARTILLO CHICO MADERA,IMPORTADO,"ARS 3,255.00",,,
,https://firebasestorage.stagebeta.kyte.site/v0/b/kyte-7c484.appspot.com/o/kO7PxYkhJuh8ulF3RSBup3HgPoo1%2Fthumb_280_31C01258-931C-409B-9ADB-01A47ED85905.jpg?alt=media,TL0125 LLAVE T C/24 pcs,IMPORTADO,"ARS 3,255.00",,,
,https://firebasestorage.stagebeta.kyte.site/v0/b/kyte-7c484.appspot.com/o/kO7PxYkhJuh8ulF3RSBup3HgPoo1%2Fthumb_280_ACCF016F-FAB0-4AF8-B820-3BDFC4905D86.jpg?alt=media,TL0273 TENAZA 12’’ MEDIO CORTE,IMPORTADO,"ARS 12,915.00",,,
,https://firebasestorage.stagebeta.kyte.site/v0/b/kyte-7c484.appspot.com/o/kO7PxYkhJuh8ulF3RSBup3HgPoo1%2Fthumb_280_BB4DA521-CD49-460A-BBDF-C9CBCF4FCF5E.jpg?alt=media,TL100 TESTER MULTIMETRO DIGITAL,IMPORTADO,"ARS 4,830.00",,,
,https://firebasestorage.stagebeta.kyte.site/v0/b/kyte-7c484.appspot.com/o/ZFyc7Bt6RkXUMOZjV0nJrgbWuBK2%2Fthumb_280_oouqSNOCziU1fBlL3g7xA%3D%3D.jpg?alt=media,"VENTILADOR 1 EN 1 18"" SPRINT",IMPORTADO,"ARS 36,540.00",,,
,https://firebasestorage.stagebeta.kyte.site/v0/b/kyte-7c484.appspot.com/o/uNiBt23xEeTLHc6qq0SczvMaNPf1%2Fthumb_280_9C69112A-8C95-4246-BBD0-993B071F8ECB.jpg?alt=media,Ventilador 18” 3en1 StarTrak,IMPORTADO,"ARS 39,890.00",,,
,https://firebasestorage.stagebeta.kyte.site/v0/b/kyte-7c484.appspot.com/o/z8ceXb8w02TssUbULtdA08LxbUz1%2Fthumb_280_v1qiNXFnhvNfu2oYU%2Bk3KQ%3D%3D.jpg?alt=media,VENTILADOR AKMI 3 en 1 18“,IMPORTADO,"ARS 36,400.00",,,
,https://firebasestorage.stagebeta.kyte.site/v0/b/kyte-7c484.appspot.com/o/kO7PxYkhJuh8ulF3RSBup3HgPoo1%2Fthumb_280_ZDhY%2BdrELRBr9dCcxg2Jw%3D%3D.jpg?alt=media,"Ventilador Turbo AKMI 20""",IMPORTADO,"ARS 35,595.00",,,
,https://firebasestorage.stagebeta.kyte.site/v0/b/kyte-7c484.appspot.com/o/uNiBt23xEeTLHc6qq0SczvMaNPf1%2Fthumb_280_D2D537B5-3774-40E1-AC8F-1EE5A9493585.jpg?alt=media,Caloventor 2000w Tower,INDELPLAS,"ARS 27,990.00",,,
,https://firebasestorage.stagebeta.kyte.site/v0/b/kyte-7c484.appspot.com/o/uNiBt23xEeTLHc6qq0SczvMaNPf1%2Fthumb_280_DC113F82-63D8-417D-B340-8D5D21E325BD.jpg?alt=media,Estufa Eléctrica Indelplas,INDELPLAS,"ARS 23,520.00",,,
,https://firebasestorage.stagebeta.kyte.site/v0/b/kyte-7c484.appspot.com/o/z8ceXb8w02TssUbULtdA08LxbUz1%2Fthumb_280_CXjx10M8PbDtt3mKsAC4Cg%3D%3D.jpg?alt=media,Tender Secador de Ropa Eléctrico 1050w Indelplas,INDELPLAS,"ARS 94,395.00",,,
,https://firebasestorage.stagebeta.kyte.site/v0/b/kyte-7c484.appspot.com/o/ZFyc7Bt6RkXUMOZjV0nJrgbWuBK2%2Fthumb_280_T4J1FwHe3wUIveRjnPxEdA%3D%3D.jpg?alt=media,10GF-4 Generador Naftero 4T 9000w,LUSQTOFF,"ARS 2,833,950.00",,,COD: 10GF-4
,https://firebasestorage.stagebeta.kyte.site/v0/b/kyte-7c484.appspot.com/o/z8ceXb8w02TssUbULtdA08LxbUz1%2Fthumb_280_06627951-7c0f-471e-a523-5d4ec6a2e941.jpg?alt=media,2.5mm 1Kg de Electrodos Lusqtoff,LUSQTOFF,"ARS 4,830.00",,,
,https://firebasestorage.stagebeta.kyte.site/v0/b/kyte-7c484.appspot.com/o/z8ceXb8w02TssUbULtdA08LxbUz1%2Fthumb_280_5c97ad7e-adb3-430f-81f7-cdfb59d03b83.jpg?alt=media,2mm 1Kg de Electrodos Lusqtoff,LUSQTOFF,"ARS 4,725.00",,,
,https://firebasestorage.stagebeta.kyte.site/v0/b/kyte-7c484.appspot.com/o/z8ceXb8w02TssUbULtdA08LxbUz1%2Fthumb_280_ad984d40-c82b-4ca5-be0d-2693e87a5890.jpg?alt=media,3.25mm 1Kg de Electrodos Lusqtoff,LUSQTOFF,"ARS 5,827.50",,,
,https://firebasestorage.stagebeta.kyte.site/v0/b/kyte-7c484.appspot.com/o/kO7PxYkhJuh8ulF3RSBup3HgPoo1%2Fthumb_280_34A00BE6-5425-45AE-88ED-C36A5702A928.jpg?alt=media,8416 GRAMPADORA PARA TAPICERA ANTI-B,LUSQTOFF,"ARS 37,695.00",,,
,https://firebasestorage.stagebeta.kyte.site/v0/b/kyte-7c484.appspot.com/o/kO7PxYkhJuh8ulF3RSBup3HgPoo1%2Fthumb_280_ADEFDC80-DD04-4D16-9B17-5BCE2338A819.jpg?alt=media,Acanaladora de Pared Lusqtoff ACPL1500-9,LUSQTOFF,"ARS 270,375.00",,,COD: ACPL1500-9
,https://firebasestorage.stagebeta.kyte.site/v0/b/kyte-7c484.appspot.com/o/z8ceXb8w02TssUbULtdA08LxbUz1%2Fthumb_280_80D67050-7C13-44E8-8E67-754DDF19B04C.jpg?alt=media,Aceite 1L Cadena Motosierras Lusqtoff ACLUB1000,LUSQTOFF,"ARS 9,870.00",,,
,https://firebasestorage.stagebeta.kyte.site/v0/b/kyte-7c484.appspot.com/o/kO7PxYkhJuh8ulF3RSBup3HgPoo1%2Fthumb_280_8A79D346-F582-43B7-8A4C-D36609ADAEB0.jpg?alt=media,Aceite 2T 1L Syntetic Blend Lusqtoff ACL2TS1LT,LUSQTOFF,"ARS 11,539.50",,,
,https://firebasestorage.stagebeta.kyte.site/v0/b/kyte-7c484.appspot.com/o/kO7PxYkhJuh8ulF3RSBup3HgPoo1%2Fthumb_280_LaSY1zW1V43IJa8FvN07wA%3D%3D.jpg?alt=media,Aceite 2T Synthetic 100cc Lusqtoff ACL2TS100,LUSQTOFF,"ARS 2,190.00",,,
,https://firebasestorage.stagebeta.kyte.site/v0/b/kyte-7c484.appspot.com/o/kO7PxYkhJuh8ulF3RSBup3HgPoo1%2Fthumb_280_95D6CFD9-D032-489B-B9BA-71ADC25DB925.jpg?alt=media,Aceite 4T 1L Lusqtoff ACL4T1000,LUSQTOFF,"ARS 16,000.00",,,COD: ACL4T1000
,https://firebasestorage.stagebeta.kyte.site/v0/b/kyte-7c484.appspot.com/o/kO7PxYkhJuh8ulF3RSBup3HgPoo1%2Fthumb_280_231CC98D-7781-43F7-A067-A970DF8B6270.jpg?alt=media,ACINCUTL-8KIT KIT DE ACCESORIOS PARA INCUT-40,LUSQTOFF,"ARS 15,330.00",,,
,https://firebasestorage.stagebeta.kyte.site/v0/b/kyte-7c484.appspot.com/o/kO7PxYkhJuh8ulF3RSBup3HgPoo1%2Fthumb_280_617AAC89-4582-44C9-9B00-27CEF5090DAA.jpg?alt=media,ACP4-8 ACRILICO CELESTE PILETA,LUSQTOFF,"ARS 28,560.00",,,COD: 7792951138422
,https://firebasestorage.stagebeta.kyte.site/v0/b/kyte-7c484.appspot.com/o/kO7PxYkhJuh8ulF3RSBup3HgPoo1%2Fthumb_280_07CE8C82-DAAF-424E-9C93-35698373AB11.jpg?alt=media,Adaptador Mandril Lusqtoff AMM13M-9,LUSQTOFF,"ARS 1,732.50",,,
,https://firebasestorage.stagebeta.kyte.site/v0/b/kyte-7c484.appspot.com/o/kO7PxYkhJuh8ulF3RSBup3HgPoo1%2Fthumb_280_C7D50B3B-34BD-4D37-901D-EBAED166B68B.jpg?alt=media,Afilador de cadenas Lusqtoff 11002-b,LUSQTOFF,"ARS 62,989.50",,PRECIO SIN IVA INCLUIDO,
,https://firebasestorage.stagebeta.kyte.site/v0/b/kyte-7c484.appspot.com/o/ZFyc7Bt6RkXUMOZjV0nJrgbWuBK2%2Fthumb_280_IEbY0%2BxAYdWDOeqdRJb3Q%3D%3D.jpg?alt=media,AITL32-9B Atornillador Inalámbrico C/Tope,LUSQTOFF,"ARS 107,100.00",,NO INCLUYE BATERIA,COD: AITL32-9B
,https://firebasestorage.stagebeta.kyte.site/v0/b/kyte-7c484.appspot.com/o/yqjNgIWNHSPtDU8IsxdtNJ9QjBh2%2Fthumb_280_1FBA60ED-DAA4-49AB-BF08-1F4E55701620.jpg?alt=media,AML115-8B AMOLADORA INALÁMBRICA 115MM (S/BATERIA Y S/CARGADOR),LUSQTOFF,"ARS 72,800.00",,,
,https://firebasestorage.stagebeta.kyte.site/v0/b/kyte-7c484.appspot.com/o/ZFyc7Bt6RkXUMOZjV0nJrgbWuBK2%2Fthumb_280_64E1A70D-D8CF-48A2-A767-E05BB412481D.jpg?alt=media,AML1300-10 Amoladora Angular 1300w,LUSQTOFF,"ARS 163,700.00",,,COD: AML1300-10
,https://firebasestorage.stagebeta.kyte.site/v0/b/kyte-7c484.appspot.com/o/kO7PxYkhJuh8ulF3RSBup3HgPoo1%2Fthumb_280_98896460-69A4-42F1-997A-8C354262341C.jpg?alt=media,Amoladora 1010w Lusqtoff AML1010-8,LUSQTOFF,"ARS 93,975.00",,PRECIO SIN IVA INCLUIDO,
,https://firebasestorage.stagebeta.kyte.site/v0/b/kyte-7c484.appspot.com/o/uNiBt23xEeTLHc6qq0SczvMaNPf1%2Fthumb_280_CD812B43-EF3D-46A0-ADB2-82625E62969C.jpg?alt=media,Amoladora 1400w 5” BlackSeries Lusqtoff AML1400-9,LUSQTOFF,"ARS 128,100.00",,,
,https://firebasestorage.stagebeta.kyte.site/v0/b/kyte-7c484.appspot.com/o/uNiBt23xEeTLHc6qq0SczvMaNPf1%2Fthumb_280_FE1D6732-40CA-411D-A145-FBBC9AB28E52.jpg?alt=media,Amoladora 2200w 7” Lusqtoff AML2200-8,LUSQTOFF,"ARS 197,925.00",,,
,https://firebasestorage.stagebeta.kyte.site/v0/b/kyte-7c484.appspot.com/o/kO7PxYkhJuh8ulF3RSBup3HgPoo1%2Fthumb_280_EF730CE8-59D7-477B-AD05-02C3B96665AD.jpg?alt=media,Amoladora 2200w 9” BlackSeries Lusqtoff AML2200-9,LUSQTOFF,"ARS 235,200.00",,,
,https://firebasestorage.stagebeta.kyte.site/v0/b/kyte-7c484.appspot.com/o/kO7PxYkhJuh8ulF3RSBup3HgPoo1%2Fthumb_280_7nboKs0u%2BLg5FggzerKdGA%3D%3D.jpg?alt=media,Amoladora de Banco 375w Lusqtoff AB-375,LUSQTOFF,"ARS 68,250.00",,,
,https://firebasestorage.stagebeta.kyte.site/v0/b/kyte-7c484.appspot.com/o/z8ceXb8w02TssUbULtdA08LxbUz1%2Fthumb_280_3969e234-c6b1-4a8f-9647-33d148d42e7e.jpg?alt=media,Amoladora de Banco 550w Lusqtoff AB-550,LUSQTOFF,"ARS 94,395.00",,,
,https://firebasestorage.stagebeta.kyte.site/v0/b/kyte-7c484.appspot.com/o/z8ceXb8w02TssUbULtdA08LxbUz1%2Fthumb_280_F3EA425F-9419-4A3F-A96E-1259753C8202.jpg?alt=media,Amoladora de Banco Multifuncion Lusqtoff ABM-120,LUSQTOFF,"ARS 102,900.00",,,
,https://firebasestorage.stagebeta.kyte.site/v0/b/kyte-7c484.appspot.com/o/uNiBt23xEeTLHc6qq0SczvMaNPf1%2Fthumb_280_87323A96-B4E3-4FCE-9518-BD6970B204CF.jpg?alt=media,Amoladora Inalámbrica Lusqtoff AML115-9BK,LUSQTOFF,"ARS 281,900.00",,,
,https://firebasestorage.stagebeta.kyte.site/v0/b/kyte-7c484.appspot.com/o/kO7PxYkhJuh8ulF3RSBup3HgPoo1%2Fthumb_280_B2F973F8-C080-4EDA-BF36-418779D247E9.jpg?alt=media,Amoladora Recta 710w Lusqtoff ARL710-8,LUSQTOFF,"ARS 86,100.00",,PRECIO SIN IVA INCLUIDO,
,https://firebasestorage.stagebeta.kyte.site/v0/b/kyte-7c484.appspot.com/o/z8ceXb8w02TssUbULtdA08LxbUz1%2Fthumb_280_25981073-CFBD-48F9-8178-9699FCB4AD6B.jpg?alt=media,Anafe Eléctrico 2000w 2H Lusqtoff ANL2000-72,LUSQTOFF,"ARS 41,895.00",,,
,https://firebasestorage.stagebeta.kyte.site/v0/b/kyte-7c484.appspot.com/o/kO7PxYkhJuh8ulF3RSBup3HgPoo1%2Fthumb_280_130D8E25-0476-43EF-9C6C-5633A1C20D62.jpg?alt=media,Aparejo Electrico N2 250/500kg 12mts Lusqtoff,LUSQTOFF,"ARS 215,250.00",,PRECIO SIN IVA INCLUIDO,
,https://firebasestorage.stagebeta.kyte.site/v0/b/kyte-7c484.appspot.com/o/kO7PxYkhJuh8ulF3RSBup3HgPoo1%2Fthumb_280_8E3E57A3-A716-46A9-9C22-C569A5FB7A54.jpg?alt=media,Aparejo Electrico N3 500/1000kg 12m Lusqtoff,LUSQTOFF,"ARS 290,850.00",,,
,https://firebasestorage.stagebeta.kyte.site/v0/b/kyte-7c484.appspot.com/o/uNiBt23xEeTLHc6qq0SczvMaNPf1%2Fthumb_280_956389D3-E32A-4696-8156-CF79505654D2.jpg?alt=media,Arenadora Neumatica 120psi Lusqtoff ANL120-8A,LUSQTOFF,"ARS 22,995.00",,,
,https://firebasestorage.stagebeta.kyte.site/v0/b/kyte-7c484.appspot.com/o/kO7PxYkhJuh8ulF3RSBup3HgPoo1%2Fthumb_280_FDE16522-E75C-494E-BCA2-123626101959.jpg?alt=media,Arenadora neumatica portatil Lusqtoff APL125-8A,LUSQTOFF,"ARS 342,510.00",,,
,https://firebasestorage.stagebeta.kyte.site/v0/b/kyte-7c484.appspot.com/o/z8ceXb8w02TssUbULtdA08LxbUz1%2Fthumb_280_naUip5J6XCDhQIdmH4o1g%3D%3D.jpg?alt=media,Arrancador Inflador 12/19V Lusqtoff AI150L-8K,LUSQTOFF,"ARS 176,400.00",,,
,https://firebasestorage.stagebeta.kyte.site/v0/b/kyte-7c484.appspot.com/o/kO7PxYkhJuh8ulF3RSBup3HgPoo1%2Fthumb_280_A379A10D-D552-410D-9842-D789E3D2F2BE.jpg?alt=media,Aspiradora 1200w 25lts Lusqtoff LA-2501M,LUSQTOFF,"ARS 180,285.00",,PRECIO SIN IVA INCLUIDO,
,https://firebasestorage.stagebeta.kyte.site/v0/b/kyte-7c484.appspot.com/o/uNiBt23xEeTLHc6qq0SczvMaNPf1%2Fthumb_280_28BAC330-663D-46C3-8190-53E5D4E5A5E1.jpg?alt=media,Aspiradora 25L 1400w Lusqtoff LA-1400M,LUSQTOFF,"ARS 166,845.00",,,
,https://firebasestorage.stagebeta.kyte.site/v0/b/kyte-7c484.appspot.com/o/uNiBt23xEeTLHc6qq0SczvMaNPf1%2Fthumb_280_13A69E03-98B5-4915-A2FB-0F1F5B1EA1BE.jpg?alt=media,Aspiradora Eléctrica 15L 1000w Lusqtoff LA-1000,LUSQTOFF,"ARS 78,435.00",,,
,https://firebasestorage.stagebeta.kyte.site/v0/b/kyte-7c484.appspot.com/o/kO7PxYkhJuh8ulF3RSBup3HgPoo1%2Fthumb_280_771D519F-F28D-41ED-B5D6-3EF6D80775C3.jpg?alt=media,Aspiradora Lavatapizados 1400w 20L Lusqtoff LTL20-8,LUSQTOFF,"ARS 205,695.00",,PRECIO SIN IVA INCLUIDO,
,https://firebasestorage.stagebeta.kyte.site/v0/b/kyte-7c484.appspot.com/o/kO7PxYkhJuh8ulF3RSBup3HgPoo1%2Fthumb_280_Tqzm3SjeacyN4BNMUDJ8Q%3D%3D.jpg?alt=media,Atornillador 12v Lusqtoff TAL12-8A,LUSQTOFF,"ARS 87,045.00",,,
,https://firebasestorage.stagebeta.kyte.site/v0/b/kyte-7c484.appspot.com/o/uNiBt23xEeTLHc6qq0SczvMaNPf1%2Fthumb_280_96AA5947-2B27-4539-9D86-DFCF094909BA.jpg?alt=media,Atornillador 4V Inalambrico Lusqtoff ADL4-8,LUSQTOFF,"ARS 52,395.00",,,
,https://firebasestorage.stagebeta.kyte.site/v0/b/kyte-7c484.appspot.com/o/uNiBt23xEeTLHc6qq0SczvMaNPf1%2Fthumb_280_D48317BD-24EF-422B-BF7C-698E2EFD7497.jpg?alt=media,Atornillador 6mm Lusqtoff ATL710-8,LUSQTOFF,"ARS 87,400.00",,,
,https://firebasestorage.stagebeta.kyte.site/v0/b/kyte-7c484.appspot.com/o/kO7PxYkhJuh8ulF3RSBup3HgPoo1%2Fthumb_280_91E8DB88-F035-4BB0-A436-B45B1A8A1D6A.jpg?alt=media,Atornillador de Impacto 1/4 260nm Lusqtoff LIL260-9BK,LUSQTOFF,"ARS 327,400.00",,,
,https://firebasestorage.stagebeta.kyte.site/v0/b/kyte-7c484.appspot.com/o/uNiBt23xEeTLHc6qq0SczvMaNPf1%2Fthumb_280_5pEE3SzZC5ErQIdQgDxaVg%3D%3D.jpg?alt=media,Bacha Acero Inox Lusqtoff BCHL60-8,LUSQTOFF,"ARS 91,665.00",,,
,https://firebasestorage.stagebeta.kyte.site/v0/b/kyte-7c484.appspot.com/o/kO7PxYkhJuh8ulF3RSBup3HgPoo1%2Fthumb_280_u%2BwcSQ8Osk9kAdsU5Wxrw%3D%3D.jpg?alt=media,Banco de Trabajo Plegable 150kg Lusqtoff BTPL150-8,LUSQTOFF,"ARS 34,125.00",,,
,https://firebasestorage.stagebeta.kyte.site/v0/b/kyte-7c484.appspot.com/o/uNiBt23xEeTLHc6qq0SczvMaNPf1%2Fthumb_280_4300A1B8-BC23-454B-B95A-0567898E2EE0.jpg?alt=media,Banco Porta Herramientas 3Cajones Lusqtoff BHL3-9,LUSQTOFF,"ARS 196,350.00",,,
Batería 18V 4Ah BlackSeries Lusqtoff BSB18...,,Batería 18V 4Ah BlackSeries Lusqtoff BSB1840-9,LUSQTOFF,"ARS 51,900.00",,,
,https://firebasestorage.stagebeta.kyte.site/v0/b/kyte-7c484.appspot.com/o/uNiBt23xEeTLHc6qq0SczvMaNPf1%2Fthumb_280_8866C9A4-396B-40C7-8FFD-3C3BC2CF38B6.jpg?alt=media,Bateria de Cocina 9pzs Lusqtoff BCL9-8,LUSQTOFF,"ARS 102,900.00",,,
,https://firebasestorage.stagebeta.kyte.site/v0/b/kyte-7c484.appspot.com/o/uNiBt23xEeTLHc6qq0SczvMaNPf1%2Fthumb_280_8AA96C55-A6F7-4AE7-A924-03CB5DDA390E.jpg?alt=media,Bidon 20L Lusqtoff BP20-N,LUSQTOFF,"ARS 28,184.87",,,
,https://firebasestorage.stagebeta.kyte.site/v0/b/kyte-7c484.appspot.com/o/uNiBt23xEeTLHc6qq0SczvMaNPf1%2Fthumb_280_3CB44B72-4825-4FDA-BB9D-32D15F4FE13A.jpg?alt=media,Bidon 2Lts Lusqtoff BP02-N,LUSQTOFF,"ARS 12,705.00",,,
,https://firebasestorage.stagebeta.kyte.site/v0/b/kyte-7c484.appspot.com/o/kO7PxYkhJuh8ulF3RSBup3HgPoo1%2Fthumb_280_hhbv9BhtBetGWghQk0DaNQ%3D%3D.jpg?alt=media,Bidon 4L Lusqtoff BE04-N,LUSQTOFF,"ARS 17,325.00",,,
,https://firebasestorage.stagebeta.kyte.site/v0/b/kyte-7c484.appspot.com/o/z8ceXb8w02TssUbULtdA08LxbUz1%2Fthumb_280_Y%2B2WAv31sc3HulyCqQnYkA%3D%3D.jpg?alt=media,Bidon Extrachato 8L Lusqtoff BE-08N,LUSQTOFF,"ARS 24,150.00",,,
,https://firebasestorage.stagebeta.kyte.site/v0/b/kyte-7c484.appspot.com/o/z8ceXb8w02TssUbULtdA08LxbUz1%2Fthumb_280_EmBTgPEld6TF4zGOHsLyKw%3D%3D.jpg?alt=media,Bolsa de Dormir Lusqtoff BVL1-8,LUSQTOFF,"ARS 44,415.00",,,
,https://firebasestorage.stagebeta.kyte.site/v0/b/kyte-7c484.appspot.com/o/kO7PxYkhJuh8ulF3RSBup3HgPoo1%2Fthumb_280_43320AFA-4C45-4166-BB9A-3BF3C52E256C.jpg?alt=media,Bomba Autocebante 1hp Lusqtoff SWP255A,LUSQTOFF,"ARS 110,985.00",,$95000 COMPRANDO 3 UNIDADES,COD: SWP255A
,https://firebasestorage.stagebeta.kyte.site/v0/b/kyte-7c484.appspot.com/o/z8ceXb8w02TssUbULtdA08LxbUz1%2Fthumb_280_ade70b0c-1637-4726-95bd-d44310f084e6.jpg?alt=media,Bomba Autocebante con Trampa para Pelos Lusqtoff GP255,LUSQTOFF,"ARS 183,991.50",,,
,https://firebasestorage.stagebeta.kyte.site/v0/b/kyte-7c484.appspot.com/o/z8ceXb8w02TssUbULtdA08LxbUz1%2Fthumb_280_9ETVKUXAS7AbwznlM2RdpA%3D%3D.jpg?alt=media,Bomba Centrífuga 1HP Lusqtoff CPM158,LUSQTOFF,"ARS 86,400.00",,,
,https://firebasestorage.stagebeta.kyte.site/v0/b/kyte-7c484.appspot.com/o/z8ceXb8w02TssUbULtdA08LxbUz1%2Fthumb_280_1376CA69-2B7E-4B9E-8ADD-C9798510A1FD.jpg?alt=media,Bomba Centrifuga 2hp Trifasica Lusqtoff CPM190T,LUSQTOFF,"ARS 303,450.00",,,
,https://firebasestorage.stagebeta.kyte.site/v0/b/kyte-7c484.appspot.com/o/kO7PxYkhJuh8ulF3RSBup3HgPoo1%2Fthumb_280_CFdpDxFsXmy2yswaJeWyIA%3D%3D.jpg?alt=media,Bomba Centrífuga 3/4HP Lusqtoff CPM146,LUSQTOFF,"ARS 80,745.00",,,
,https://firebasestorage.stagebeta.kyte.site/v0/b/kyte-7c484.appspot.com/o/z8ceXb8w02TssUbULtdA08LxbUz1%2Fthumb_280_AITBbR0IHiDUygouANI4w%3D%3D.jpg?alt=media,Bomba Periferica 1/2hp Lusqtoff CPM150,LUSQTOFF,"ARS 39,900.00",,x12 unidades $36.900 c/u,
,https://firebasestorage.stagebeta.kyte.site/v0/b/kyte-7c484.appspot.com/o/kO7PxYkhJuh8ulF3RSBup3HgPoo1%2Fthumb_280_tYkG1D9Hlr0z7WUW%2B47B2Q%3D%3D.jpg?alt=media,Bomba Presurizadora 8.5m 30L Lusqtoff LPS15-8.5Z,LUSQTOFF,"ARS 41,895.00",,,
,https://firebasestorage.stagebeta.kyte.site/v0/b/kyte-7c484.appspot.com/o/kO7PxYkhJuh8ulF3RSBup3HgPoo1%2Fthumb_280_t6t51WPgt6FgryiYjF0HJQ%3D%3D.jpg?alt=media,Bomba Sumergible INOX Lusqtoff LSI-750,LUSQTOFF,"ARS 95,550.00",,,
,https://firebasestorage.stagebeta.kyte.site/v0/b/kyte-7c484.appspot.com/o/kO7PxYkhJuh8ulF3RSBup3HgPoo1%2Fthumb_280_7AB36794-FCED-4D44-A2CA-80A1E4C3C686.jpg?alt=media,BOML18-9 BOMBILLA LUSQTOFF 18cm,LUSQTOFF,"ARS 3,675.00",,,
,https://firebasestorage.stagebeta.kyte.site/v0/b/kyte-7c484.appspot.com/o/uNiBt23xEeTLHc6qq0SczvMaNPf1%2Fthumb_280_022176EC-BF20-44D6-BFC9-C614E4E29EEB.jpg?alt=media,Bordeadora 1200w Lusqtoff BL1200-8,LUSQTOFF,"ARS 162,750.00",,,
,https://firebasestorage.stagebeta.kyte.site/v0/b/kyte-7c484.appspot.com/o/z8ceXb8w02TssUbULtdA08LxbUz1%2Fthumb_280_3F946B32-CE7D-449F-9FAF-367516158A74.jpg?alt=media,Bordeadora 600w Lusqtoff BL600-8,LUSQTOFF,"ARS 94,500.00",,,
,https://firebasestorage.stagebeta.kyte.site/v0/b/kyte-7c484.appspot.com/o/uNiBt23xEeTLHc6qq0SczvMaNPf1%2Fthumb_280_E83D6695-C626-41CA-8B2A-1C01491DC2C2.jpg?alt=media,Botella 500ml Lusqtoff BOTL500-8V,LUSQTOFF,"ARS 22,050.00",,,
,https://firebasestorage.stagebeta.kyte.site/v0/b/kyte-7c484.appspot.com/o/z8ceXb8w02TssUbULtdA08LxbUz1%2Fthumb_280_B0E87F66-728F-4AFD-AEDB-C66F9608425E.jpg?alt=media,Botella 750ml Lusqtoff BOTL750-8V,LUSQTOFF,"ARS 24,150.00",,,
,https://firebasestorage.stagebeta.kyte.site/v0/b/kyte-7c484.appspot.com/o/uNiBt23xEeTLHc6qq0SczvMaNPf1%2Fthumb_280_24FED890-F4F7-4FAE-9CEC-520C57A91731.jpg?alt=media,Botella Térmica 750ml Camuflada Lusqtoff BOTL750-9,LUSQTOFF,"ARS 26,250.00",,,
,https://firebasestorage.stagebeta.kyte.site/v0/b/kyte-7c484.appspot.com/o/yqjNgIWNHSPtDU8IsxdtNJ9QjBh2%2Fthumb_280_l%2BhihghEZxvKtGLNAiiLMw%3D%3D.jpg?alt=media,BOTL500-8B BotellaTermica 500ml blanco,LUSQTOFF,"ARS 22,050.00",,,
,https://firebasestorage.stagebeta.kyte.site/v0/b/kyte-7c484.appspot.com/o/yqjNgIWNHSPtDU8IsxdtNJ9QjBh2%2Fthumb_280_UpcuvwoEhRGw2INJ4nAx%2BQ%3D%3D.jpg?alt=media,BOTL500-8N BotellaTermica 500ml negro,LUSQTOFF,"ARS 22,050.00",,,
,https://firebasestorage.stagebeta.kyte.site/v0/b/kyte-7c484.appspot.com/o/kO7PxYkhJuh8ulF3RSBup3HgPoo1%2Fthumb_280_w2nsZOg5sUEq2b25bSg1DQ%3D%3D.jpg?alt=media,BOTL750-8B BOTELLA TERMICA 750ML BLANCO,LUSQTOFF,"ARS 24,150.00",,,
,https://firebasestorage.stagebeta.kyte.site/v0/b/kyte-7c484.appspot.com/o/kO7PxYkhJuh8ulF3RSBup3HgPoo1%2Fthumb_280_dlJ8DQ5ycCl3kIbtPTVmw%3D%3D.jpg?alt=media,BOTL750-8N BOTELLA TERMICA 750ML NEGRO,LUSQTOFF,"ARS 24,150.00",,,
,https://firebasestorage.stagebeta.kyte.site/v0/b/kyte-7c484.appspot.com/o/z8ceXb8w02TssUbULtdA08LxbUz1%2Fthumb_280_M%2BXuXPl7hPlLSmXjvAGlcw%3D%3D.jpg?alt=media,"Boya de Cloro 7"" Lusqtoff DFL7-8",LUSQTOFF,"ARS 11,356.54",,,
,https://firebasestorage.stagebeta.kyte.site/v0/b/kyte-7c484.appspot.com/o/z8ceXb8w02TssUbULtdA08LxbUz1%2Fthumb_280_%2BxS1norBY%2BiWFks5rZZang%3D%3D.jpg?alt=media,"Boya de Cloro 9"" Lusqtoff DFL9-8",LUSQTOFF,"ARS 9,240.00",,,
,https://firebasestorage.stagebeta.kyte.site/v0/b/kyte-7c484.appspot.com/o/kO7PxYkhJuh8ulF3RSBup3HgPoo1%2Fthumb_280_662156F9-CE0F-4008-9AD4-8607D9D3A39F.jpg?alt=media,BTCL7-8 BANCO DE TRABAJO CONVERTIBLE 7 en 1,LUSQTOFF,"ARS 239,400.00",,,
,https://firebasestorage.stagebeta.kyte.site/v0/b/kyte-7c484.appspot.com/o/kO7PxYkhJuh8ulF3RSBup3HgPoo1%2Fthumb_280_qsbdZPhKSzRscRHPOemAHA%3D%3D.jpg?alt=media,Cabezal Automático de001-067 Desmalezadora Luqstoff Uso Universal,LUSQTOFF,"ARS 8,821.40",,PRECIO SIN IVA INCLUIDO,
,https://firebasestorage.stagebeta.kyte.site/v0/b/kyte-7c484.appspot.com/o/kO7PxYkhJuh8ulF3RSBup3HgPoo1%2Fthumb_280_kjQQ%2BbO8d097vwfgQtzRg%3D%3D.jpg?alt=media,Cabezal Carretel Automatico DE001.068 desmalezadora Portatanza Lusqtof,LUSQTOFF,"ARS 4,852.33",,PRECIO SIN IVA INCLUIDO,COD: DE001.068
,https://firebasestorage.stagebeta.kyte.site/v0/b/kyte-7c484.appspot.com/o/uNiBt23xEeTLHc6qq0SczvMaNPf1%2Fthumb_280_D814D6BB-92D7-4018-9C8D-57F9E8A8C0A0.jpg?alt=media,Caja de Herramientas 80pzs Lusqtoff LQCM132,LUSQTOFF,"ARS 245,700.00",,,
,https://firebasestorage.stagebeta.kyte.site/v0/b/kyte-7c484.appspot.com/o/uNiBt23xEeTLHc6qq0SczvMaNPf1%2Fthumb_280_BC5C54FF-4900-4F87-B67F-08AA66689BD4.jpg?alt=media,Caja de Herramientas Plegable 64pzs Lusqtoff LQCP125,LUSQTOFF,"ARS 190,995.00",,,
,https://firebasestorage.stagebeta.kyte.site/v0/b/kyte-7c484.appspot.com/o/uNiBt23xEeTLHc6qq0SczvMaNPf1%2Fthumb_280_57DDF822-5299-4228-B46F-3B10C994C96D.jpg?alt=media,Calefactor 15kw Cañón a Gas Lusqtoff HTBGA-15A,LUSQTOFF,"ARS 148,155.00",,,
,https://firebasestorage.stagebeta.kyte.site/v0/b/kyte-7c484.appspot.com/o/kO7PxYkhJuh8ulF3RSBup3HgPoo1%2Fthumb_280_BUFWENvYogNPxCA2Qeto3Q%3D%3D.jpg?alt=media,CALEFACTOR GAS GARRAFA -6 M 1000 jk1010,LUSQTOFF,"ARS 562,800.00",,PRECIO SIN IVA INCLUIDO,
,https://firebasestorage.stagebeta.kyte.site/v0/b/kyte-7c484.appspot.com/o/kO7PxYkhJuh8ulF3RSBup3HgPoo1%2Fthumb_280_0SMr9RIFFVhMuxvOQYYYA%3D%3D.jpg?alt=media,Cama Elastica Individual Lusqtoff LQ03FT-1,LUSQTOFF,"ARS 100,474.50",,,
,https://firebasestorage.stagebeta.kyte.site/v0/b/kyte-7c484.appspot.com/o/uNiBt23xEeTLHc6qq0SczvMaNPf1%2Fthumb_280_91265D1F-B661-404B-9213-EFC13A5D5B68.jpg?alt=media,Camilla Mecánico Lusqtoff LCA-40,LUSQTOFF,"ARS 83,475.00",,,
Carbón y Porta carbón p/ RML1050-8 Lusqtof...,,Carbón y Porta carbón p/ RML1050-8 Lusqtoff,LUSQTOFF,"ARS 5,500.00",,,
,https://firebasestorage.stagebeta.kyte.site/v0/b/kyte-7c484.appspot.com/o/uNiBt23xEeTLHc6qq0SczvMaNPf1%2Fthumb_280_C9FB8863-23AA-42F8-888C-B9BF7E7D6970.jpg?alt=media,Cargador 12v Inteligente Lusqtoff LCC-20,LUSQTOFF,"ARS 127,400.00",,,
,https://firebasestorage.stagebeta.kyte.site/v0/b/kyte-7c484.appspot.com/o/uNiBt23xEeTLHc6qq0SczvMaNPf1%2Fthumb_280_6D3B0CE4-C310-4ABB-8F27-440E8865E0A9.jpg?alt=media,Cargador Arrancador 200A Lusqtoff PI-300,LUSQTOFF,"ARS 111,825.00",,,
,https://firebasestorage.stagebeta.kyte.site/v0/b/kyte-7c484.appspot.com/o/z8ceXb8w02TssUbULtdA08LxbUz1%2Fthumb_280_A6AA07A6-0819-4FE3-9199-7C26B053B4AA.jpg?alt=media,Cargador Arrancador de Bateria Lusqtoff PB-100,LUSQTOFF,"ARS 86,625.00",,,
,https://firebasestorage.stagebeta.kyte.site/v0/b/kyte-7c484.appspot.com/o/kO7PxYkhJuh8ulF3RSBup3HgPoo1%2Fthumb_280_2758E256-3E5F-4543-BDD7-62E322127538.jpg?alt=media,Cargador de Bateria 12/24v Lusqtoff LCR-40,LUSQTOFF,"ARS 181,900.00",,PRECIO SIN IVA INCLUIDO,
,https://firebasestorage.stagebeta.kyte.site/v0/b/kyte-7c484.appspot.com/o/uNiBt23xEeTLHc6qq0SczvMaNPf1%2Fthumb_280_2XaaTrsHVOpGERsVt15aZg%3D%3D.jpg?alt=media,Cargador de Batería Smart Lusqtoff LCT-4000,LUSQTOFF,"ARS 72,800.00",,,
,https://firebasestorage.stagebeta.kyte.site/v0/b/kyte-7c484.appspot.com/o/kO7PxYkhJuh8ulF3RSBup3HgPoo1%2Fthumb_280_9A59C229-8A67-4FA9-A2A2-6BB76F98232E.jpg?alt=media,Carpa Aconcagua 2P Lusqtoff CGNL2-8f,LUSQTOFF,"ARS 88,095.00",,,
,https://firebasestorage.stagebeta.kyte.site/v0/b/kyte-7c484.appspot.com/o/z8ceXb8w02TssUbULtdA08LxbUz1%2Fthumb_280_gTBAYIwVDXVeQNnVcB%2Ba0g%3D%3D.jpg?alt=media,Carpa Condor Lusqtoff CAL2-8,LUSQTOFF,"ARS 30,660.00",,,
,https://firebasestorage.stagebeta.kyte.site/v0/b/kyte-7c484.appspot.com/o/kO7PxYkhJuh8ulF3RSBup3HgPoo1%2Fthumb_280_06740CFD-73E6-4768-92E1-F9E19B9EDD0D.jpg?alt=media,Carpidora 52cc 2Tiempos Lusqtoff DBL52-8,LUSQTOFF,"ARS 247,800.00",,,
,https://firebasestorage.stagebeta.kyte.site/v0/b/kyte-7c484.appspot.com/o/kO7PxYkhJuh8ulF3RSBup3HgPoo1%2Fthumb_280_55uQYTz167uh6LSvxJjCaw%3D%3D.jpg?alt=media,Carro Manual con Plataforma 150KG Lusqtoff CMPL150-7,LUSQTOFF,"ARS 123,165.00",,,
,https://firebasestorage.stagebeta.kyte.site/v0/b/kyte-7c484.appspot.com/o/kO7PxYkhJuh8ulF3RSBup3HgPoo1%2Fthumb_280_7483498C-5ADB-4B4F-8E1D-62EE674D2393.jpg?alt=media,Carro Manual con Plataforma 300kg Lusqtoff CMPL300-8,LUSQTOFF,"ARS 201,495.00",,,
,https://firebasestorage.stagebeta.kyte.site/v0/b/kyte-7c484.appspot.com/o/uNiBt23xEeTLHc6qq0SczvMaNPf1%2Fthumb_280_bStSW6ArO5Fg6x14C%2BPHTA%3D%3D.jpg?alt=media,Carro Plegable 70kgs Lusqtoff LQC-70,LUSQTOFF,"ARS 54,285.00",,,
,https://firebasestorage.stagebeta.kyte.site/v0/b/kyte-7c484.appspot.com/o/kO7PxYkhJuh8ulF3RSBup3HgPoo1%2Fthumb_280_6A071D85-16B7-426F-8FB4-2F38EB006277.jpg?alt=media,Ccr100-9 cepillo copa risado 100mm,LUSQTOFF,"ARS 5,355.00",,,
,https://firebasestorage.stagebeta.kyte.site/v0/b/kyte-7c484.appspot.com/o/kO7PxYkhJuh8ulF3RSBup3HgPoo1%2Fthumb_280_360670EB-830D-4A55-86D0-0B52D95FF90D.jpg?alt=media,Ccr75-9 cepillo con copa risado 75 mm,LUSQTOFF,"ARS 4,830.00",,,
,https://firebasestorage.stagebeta.kyte.site/v0/b/kyte-7c484.appspot.com/o/ZFyc7Bt6RkXUMOZjV0nJrgbWuBK2%2Fthumb_280_ALLVA1dWlh4OZ9bxlPUkNw%3D%3D.jpg?alt=media,CEL15000-9B Cepillo a Bateria Profesional Lusqtoff,LUSQTOFF,"ARS 171,150.00",,NO INCLUYE BATERIA,COD: CEL15000-9B
,https://firebasestorage.stagebeta.kyte.site/v0/b/kyte-7c484.appspot.com/o/uNiBt23xEeTLHc6qq0SczvMaNPf1%2Fthumb_280_8C878151-636E-412E-B651-306F9E68A2E3.jpg?alt=media,Cepillo Barrefondo 18” Curvo Lusqtoff CBCL18-8,LUSQTOFF,"ARS 10,710.00",,,
,https://firebasestorage.stagebeta.kyte.site/v0/b/kyte-7c484.appspot.com/o/kO7PxYkhJuh8ulF3RSBup3HgPoo1%2Fthumb_280_E547D236-A061-464F-B420-093C4D2FB982.jpg?alt=media,Cepillo Barrefondo Media Luna Lusqtoff CBML-8,LUSQTOFF,"ARS 6,247.50",,,
,https://firebasestorage.stagebeta.kyte.site/v0/b/kyte-7c484.appspot.com/o/kO7PxYkhJuh8ulF3RSBup3HgPoo1%2Fthumb_280_C429079D-9FA3-4535-8A74-A3BE0009B839.jpg?alt=media,Cepillo Garlopa 1500w Lusqtoff CGL1500-8,LUSQTOFF,"ARS 499,485.00",,,
,https://firebasestorage.stagebeta.kyte.site/v0/b/kyte-7c484.appspot.com/o/ZFyc7Bt6RkXUMOZjV0nJrgbWuBK2%2Fthumb_280_0M69rRworocmHQouRdsUBg%3D%3D.jpg?alt=media,CHE50L-8 Chipeadora Electrica 50L Lusqtoff,LUSQTOFF,"ARS 307,125.00",,,COD: CHE50L-8
,https://firebasestorage.stagebeta.kyte.site/v0/b/kyte-7c484.appspot.com/o/ZFyc7Bt6RkXUMOZjV0nJrgbWuBK2%2Fthumb_280_EHF6fJ9vXf1ZyhNLgHvH2g%3D%3D.jpg?alt=media,CHE60L-8 Chipeadora Electrica 60L Lusqtoff,LUSQTOFF,"ARS 348,075.00",,,COD: CHE60L-8
,https://firebasestorage.stagebeta.kyte.site/v0/b/kyte-7c484.appspot.com/o/uNiBt23xEeTLHc6qq0SczvMaNPf1%2Fthumb_280_61E9EF78-AB53-41C1-B083-C26BD3F9025F.jpg?alt=media,Clavadora Engrampadora Neumatica Lusqtoff GC9040-50,LUSQTOFF,"ARS 48,825.00",,,
,https://firebasestorage.stagebeta.kyte.site/v0/b/kyte-7c484.appspot.com/o/kO7PxYkhJuh8ulF3RSBup3HgPoo1%2Fthumb_280_0A361264-1408-4EF3-A6B5-52803371D65E.jpg?alt=media,Clavadora Neumática Palletera Lusqtoff CN90,LUSQTOFF,"ARS 342,300.00",,,
CML1850-8 CEPILLADORA DE BANCO,,CML1850-8 CEPILLADORA DE BANCO,LUSQTOFF,"ARS 425,906.25",,,
,https://firebasestorage.stagebeta.kyte.site/v0/b/kyte-7c484.appspot.com/o/ZFyc7Bt6RkXUMOZjV0nJrgbWuBK2%2Fthumb_280_47D90539-F32F-4E67-A6A9-9A87F009ED79.jpg?alt=media,CML2200-9D Sierra Cortadora de Metales,LUSQTOFF,"ARS 852,600.00",,,COD: CML2200-9D
,https://firebasestorage.stagebeta.kyte.site/v0/b/kyte-7c484.appspot.com/o/ZFyc7Bt6RkXUMOZjV0nJrgbWuBK2%2Fthumb_280_4KCT5vuuanxhBXQT5759A%3D%3D.jpg?alt=media,COL28-8B Cortacerco a Bateria ECOLINE Lusqtoff,LUSQTOFF,"ARS 255,150.00",,,COD: COL28-8B
,https://firebasestorage.stagebeta.kyte.site/v0/b/kyte-7c484.appspot.com/o/kO7PxYkhJuh8ulF3RSBup3HgPoo1%2Fthumb_280_FE00A995-A423-4BED-8884-8D79AE577B23.jpg?alt=media,COL600-9 CORTACERCO NAFTERO PROFESIONAL,LUSQTOFF,"ARS 242,244.12",,,
,https://firebasestorage.stagebeta.kyte.site/v0/b/kyte-7c484.appspot.com/o/uNiBt23xEeTLHc6qq0SczvMaNPf1%2Fthumb_280_C370822D-818F-46EF-B798-AF9612C703A8.jpg?alt=media,Combo Hidro Aspiradora Bateria Lusqtoff,LUSQTOFF,"ARS 222,600.00",,,
,https://firebasestorage.stagebeta.kyte.site/v0/b/kyte-7c484.appspot.com/o/z8ceXb8w02TssUbULtdA08LxbUz1%2Fthumb_280_C258A37D-15D2-4E18-BA61-58C2A68D1949.jpg?alt=media,Compresor 50L en Kit Lusqtoff LC-2550BK,LUSQTOFF,"ARS 257,250.00",,,
,https://firebasestorage.stagebeta.kyte.site/v0/b/kyte-7c484.appspot.com/o/kO7PxYkhJuh8ulF3RSBup3HgPoo1%2Fthumb_280_mmOFwWoV0BcyCo7TdVer9g%3D%3D.jpg?alt=media,COMPRESOR DE AIRE 3HP BICILINDRICO LC-30100,LUSQTOFF,"ARS 887,460.00",,Precio sin iva incluido,
,https://firebasestorage.stagebeta.kyte.site/v0/b/kyte-7c484.appspot.com/o/kO7PxYkhJuh8ulF3RSBup3HgPoo1%2Fthumb_280_6E9002C8-8A55-43D2-B1A6-FD0532C3683E.jpg?alt=media,Conservadora 80L Camuflada Lusqtoff LQH120201-LC,LUSQTOFF,"ARS 291,270.00",,,
,https://firebasestorage.stagebeta.kyte.site/v0/b/kyte-7c484.appspot.com/o/kO7PxYkhJuh8ulF3RSBup3HgPoo1%2Fthumb_280_0FC24D30-36E8-4E7C-9960-E2C59BD4724B.jpg?alt=media,Conservadora 80L Negra Lusqtoff LQH120201B,LUSQTOFF,"ARS 291,270.00",,,
,https://firebasestorage.stagebeta.kyte.site/v0/b/kyte-7c484.appspot.com/o/kO7PxYkhJuh8ulF3RSBup3HgPoo1%2Fthumb_280_uivzOGlLuQbD6IZLmV8Y7A%3D%3D.jpg?alt=media,Conservadora 80L Racing Lusqtoff LQH120201RG,LUSQTOFF,"ARS 291,270.00",,,
,https://firebasestorage.stagebeta.kyte.site/v0/b/kyte-7c484.appspot.com/o/kO7PxYkhJuh8ulF3RSBup3HgPoo1%2Fthumb_280_5AF02F7C-BB7F-4A39-AE34-D56890D2131C.jpg?alt=media,Conservadora 80L Roja Lusqtoff LQH120201R,LUSQTOFF,"ARS 263,550.00",,,
,https://firebasestorage.stagebeta.kyte.site/v0/b/kyte-7c484.appspot.com/o/kO7PxYkhJuh8ulF3RSBup3HgPoo1%2Fthumb_280_123089F9-64FB-4531-B6CD-5BC8CCDCE322.jpg?alt=media,Cortacerco Electrico 550w Lusqtoff COL550-8,LUSQTOFF,"ARS 89,250.00",,PRECIO SIN IVA INCLUIDO,
,https://firebasestorage.stagebeta.kyte.site/v0/b/kyte-7c484.appspot.com/o/z8ceXb8w02TssUbULtdA08LxbUz1%2Fthumb_280_wH1h891CVqg8rwg5ytZE9w%3D%3D.jpg?alt=media,Cortadora de Ceramica Lusqtoff CCL600-8,LUSQTOFF,"ARS 70,560.00",,,
,https://firebasestorage.stagebeta.kyte.site/v0/b/kyte-7c484.appspot.com/o/kO7PxYkhJuh8ulF3RSBup3HgPoo1%2Fthumb_280_dS2qhowxW54y9dVUXx7raA%3D%3D.jpg?alt=media,CORTADORA DE CÉSPED 1600w LUSQTOFF LCO-1640B,LUSQTOFF,"ARS 193,200.00",,Precio sin iva incluido,
Cortadora de Césped ECOLINE Lusqtoff LCO46...,,Cortadora de Césped ECOLINE Lusqtoff LCO46-8B,LUSQTOFF,"ARS 973,000.00",,,
,https://firebasestorage.stagebeta.kyte.site/v0/b/kyte-7c484.appspot.com/o/kO7PxYkhJuh8ulF3RSBup3HgPoo1%2Fthumb_280_BA9B9FAF-0612-4E13-B894-1FEECCBDE5D8.jpg?alt=media,Cortadora de Cesped Lusqtoff LCO-1032B,LUSQTOFF,"ARS 188,895.00",,PRECIO SIN IVA INCLUIDO ) Maquina Cortar Cesped Electrica 320 Mm 1000w Lco1032b Lq,
,https://firebasestorage.stagebeta.kyte.site/v0/b/kyte-7c484.appspot.com/o/kO7PxYkhJuh8ulF3RSBup3HgPoo1%2Fthumb_280_7e6jCHbZG1oI%2BiEAQwt9XQ%3D%3D.jpg?alt=media,Cortadora de Cesped Nafta 5.5hp Lusqtoff LQ-510,LUSQTOFF,"ARS 326,930.63",,,
,https://firebasestorage.stagebeta.kyte.site/v0/b/kyte-7c484.appspot.com/o/kO7PxYkhJuh8ulF3RSBup3HgPoo1%2Fthumb_280_FBD313B3-7439-4337-9563-296B5B429E16.jpg?alt=media,Cortadora de Cesped Nafta 5.5hp Lusqtoff LQ-510B,LUSQTOFF,"ARS 479,389.27",,,
,https://firebasestorage.stagebeta.kyte.site/v0/b/kyte-7c484.appspot.com/o/kO7PxYkhJuh8ulF3RSBup3HgPoo1%2Fthumb_280_A5030535-66AA-40A2-B32D-A7827FC21E28.jpg?alt=media,Cortadora de Plasma Lusqtoff INCUT-100,LUSQTOFF,"ARS 2,058,000.00",,PRECIO SIN IVA INCLUIDO,
,https://firebasestorage.stagebeta.kyte.site/v0/b/kyte-7c484.appspot.com/o/kO7PxYkhJuh8ulF3RSBup3HgPoo1%2Fthumb_280_98F858D9-B8AC-4DA8-B252-1C53173312A7.jpg?alt=media,Cortadora de Plasma Lusqtoff INCUT-40,LUSQTOFF,"ARS 239,400.00",,PRECIO SIN IVA INCLUIDO,
,https://firebasestorage.stagebeta.kyte.site/v0/b/kyte-7c484.appspot.com/o/uNiBt23xEeTLHc6qq0SczvMaNPf1%2Fthumb_280_F0E6BB8F-AEA3-44E3-9813-80EF6D871CB7.jpg?alt=media,Crique Botella 8tn Lusqtoff LQH90804,LUSQTOFF,"ARS 52,920.00",,,
,https://firebasestorage.stagebeta.kyte.site/v0/b/kyte-7c484.appspot.com/o/uNiBt23xEeTLHc6qq0SczvMaNPf1%2Fthumb_280_lImdp2i60z1RvdAbsqYGrQ%3D%3D.jpg?alt=media,Crique Carrito 2TN Lusqtoff Racing LQ-C2,LUSQTOFF,"ARS 55,125.00",,,
,https://firebasestorage.stagebeta.kyte.site/v0/b/kyte-7c484.appspot.com/o/kO7PxYkhJuh8ulF3RSBup3HgPoo1%2Fthumb_280_5IOCCCVZbNEJs6ucHADJdg%3D%3D.jpg?alt=media,CRIQUET BOTELLA 2TN lq90203s,LUSQTOFF,"ARS 34,321.98",,PRECIO SIN IVA INCLUIDO,
,https://firebasestorage.stagebeta.kyte.site/v0/b/kyte-7c484.appspot.com/o/kO7PxYkhJuh8ulF3RSBup3HgPoo1%2Fthumb_280_4C8241FA-4A56-4914-BBAD-F6A9EF5B0570.jpg?alt=media,CRL2-8 Criquet carrito extra chato 2TN LUSQTOFF,LUSQTOFF,"ARS 288,645.00",,,
,https://firebasestorage.stagebeta.kyte.site/v0/b/kyte-7c484.appspot.com/o/kO7PxYkhJuh8ulF3RSBup3HgPoo1%2Fthumb_280_IRe8q7jaKr9WbGKmNzLqlw%3D%3D.jpg?alt=media,CSDSP20L-9 Cincel Plano SDSPLUS 20mm x250 Lusqtoff,LUSQTOFF,"ARS 2,940.00",,,
,https://firebasestorage.stagebeta.kyte.site/v0/b/kyte-7c484.appspot.com/o/uNiBt23xEeTLHc6qq0SczvMaNPf1%2Fthumb_280_95B39E63-BE9E-4F2B-8946-E5101A34A94F.jpg?alt=media,CSL4500-9B Sierra Circular a Bateria Lusqtoff BlackSeries,LUSQTOFF,"ARS 149,730.00",,,
,https://firebasestorage.stagebeta.kyte.site/v0/b/kyte-7c484.appspot.com/o/uNiBt23xEeTLHc6qq0SczvMaNPf1%2Fthumb_280_d0gj0MF8d1eO9ThOsPV%2Bg%3D%3D.jpg?alt=media,CTL500-8 Crique Hidráulico Baja Caja de Transmisión 500kg Lusqtoff CTL500-8,LUSQTOFF,"ARS 289,800.00",,,
,https://firebasestorage.stagebeta.kyte.site/v0/b/kyte-7c484.appspot.com/o/kO7PxYkhJuh8ulF3RSBup3HgPoo1%2Fthumb_280_B10529C0-D83E-4B4D-9135-56A051490F0D.jpg?alt=media,Cuchillo de Pesca Lusqtoff CUL10-8,LUSQTOFF,"ARS 9,448.95",,,
,https://firebasestorage.stagebeta.kyte.site/v0/b/kyte-7c484.appspot.com/o/z8ceXb8w02TssUbULtdA08LxbUz1%2Fthumb_280_34E09570-8E90-4B9B-A82D-6347279C1BAC.jpg?alt=media,"DCL11510 Disco de Corte 115mm 1.0 4,5” Lusqtoff",LUSQTOFF,ARS 630.00,,,
,https://firebasestorage.stagebeta.kyte.site/v0/b/kyte-7c484.appspot.com/o/kO7PxYkhJuh8ulF3RSBup3HgPoo1%2Fthumb_280_XYAL0wmrsAOMix0JWYF3Jg%3D%3D.jpg?alt=media,"DCL11516 Disco de corte para metal 115mm 4,5""",LUSQTOFF,ARS 682.50,,,
,https://firebasestorage.stagebeta.kyte.site/v0/b/kyte-7c484.appspot.com/o/kO7PxYkhJuh8ulF3RSBup3HgPoo1%2Fthumb_280_d9TxkknQEgKtXeB3KyVGQ%3D%3D.jpg?alt=media,"DCL18016 Disco de corte para acero 180mm 7"" Lusqtoff",LUSQTOFF,"ARS 1,354.50",,,
,https://firebasestorage.stagebeta.kyte.site/v0/b/kyte-7c484.appspot.com/o/kO7PxYkhJuh8ulF3RSBup3HgPoo1%2Fthumb_280_o%2B2ueiNkzX5Q4Lcm9UYpBw%3D%3D.jpg?alt=media,"DCL23019 Disco de corte para metal 9"" 230mm LUSQTOFF",LUSQTOFF,"ARS 1,900.50",,,
,https://firebasestorage.stagebeta.kyte.site/v0/b/kyte-7c484.appspot.com/o/kO7PxYkhJuh8ulF3RSBup3HgPoo1%2Fthumb_280_2q2qGMP1393XY1hYW55jw%3D%3D.jpg?alt=media,DCL3553025 Disco de Corte para Sensitiva,LUSQTOFF,"ARS 4,095.00",,,
,https://firebasestorage.stagebeta.kyte.site/v0/b/kyte-7c484.appspot.com/o/kO7PxYkhJuh8ulF3RSBup3HgPoo1%2Fthumb_280_5EwlwWwASSvWmF0DeRRLHw%3D%3D.jpg?alt=media,DDL11560 DISCO DE DESBASTE 115 x 6. X 0x22 Lusqtoff,LUSQTOFF,"ARS 1,365.00",,,
,https://firebasestorage.stagebeta.kyte.site/v0/b/kyte-7c484.appspot.com/o/kO7PxYkhJuh8ulF3RSBup3HgPoo1%2Fthumb_280_C1xBc6OQ1RmXHSCH%2BMmtRg%3D%3D.jpg?alt=media,DDL18060 Disco de Desbaste 180mm Lusqtoff,LUSQTOFF,"ARS 2,310.00",,,
,https://firebasestorage.stagebeta.kyte.site/v0/b/kyte-7c484.appspot.com/o/kO7PxYkhJuh8ulF3RSBup3HgPoo1%2Fthumb_280_LBpwRH8LXiPuPh2LsuRkjw%3D%3D.jpg?alt=media,Dds115-9 disco diamantado segmentado 115mm,LUSQTOFF,"ARS 4,882.50",,,
,https://firebasestorage.stagebeta.kyte.site/v0/b/kyte-7c484.appspot.com/o/kO7PxYkhJuh8ulF3RSBup3HgPoo1%2Fthumb_280_izqHRp5GlglMuPwQhdnvyQ%3D%3D.jpg?alt=media,Dds180-9 Disco diamantado segmentado 180mm,LUSQTOFF,"ARS 13,839.00",,,
,https://firebasestorage.stagebeta.kyte.site/v0/b/kyte-7c484.appspot.com/o/kO7PxYkhJuh8ulF3RSBup3HgPoo1%2Fthumb_280_aQzuQ9bOZNpjvXMX8beOw%3D%3D.jpg?alt=media,Dds230l-9 Disco diamantado segmentado 230mm,LUSQTOFF,"ARS 22,785.00",,,
,https://firebasestorage.stagebeta.kyte.site/v0/b/kyte-7c484.appspot.com/o/kO7PxYkhJuh8ulF3RSBup3HgPoo1%2Fthumb_280_sJD1R5R19btg0gwKN253iQ%3D%3D.jpg?alt=media,DDT115P-9 DISCO DIAMANTADO TURBO FINO 115mm,LUSQTOFF,"ARS 6,405.00",,,
,https://firebasestorage.stagebeta.kyte.site/v0/b/kyte-7c484.appspot.com/o/kO7PxYkhJuh8ulF3RSBup3HgPoo1%2Fthumb_280_5E86B567-8E6B-4E25-B574-FC093B31FF29.jpg?alt=media,Desmalezadora 52cc Lusqtoff LD52-7,LUSQTOFF,"ARS 122,839.50",,,
,https://firebasestorage.stagebeta.kyte.site/v0/b/kyte-7c484.appspot.com/o/kO7PxYkhJuh8ulF3RSBup3HgPoo1%2Fthumb_280_5BAB8E5F-A8A5-465F-B898-25C87E7070D9.jpg?alt=media,Detector de Voltaje 1000V Lusqtoff DVL1000-9,LUSQTOFF,"ARS 24,570.00",,,
,https://firebasestorage.stagebeta.kyte.site/v0/b/kyte-7c484.appspot.com/o/kO7PxYkhJuh8ulF3RSBup3HgPoo1%2Fthumb_280_CMLfSbC4aPgPf9fjzCSPGA%3D%3D.jpg?alt=media,Disco de Corte para Circular 185*20*24 Lusqtoff RCSL45009BR47,LUSQTOFF,"ARS 6,900.00",,,
DMR-1000PRO ALISADOR DE CEMENTO CON RUEDA,,DMR-1000PRO ALISADOR DE CEMENTO CON RUEDA,LUSQTOFF,"ARS 1,293,187.00",,,
,https://firebasestorage.stagebeta.kyte.site/v0/b/kyte-7c484.appspot.com/o/kO7PxYkhJuh8ulF3RSBup3HgPoo1%2Fthumb_280_qJShMiQfzBKshSdd707QCw%3D%3D.jpg?alt=media,Dvel125-9 Disco respaldo velcro 125 mm,LUSQTOFF,"ARS 4,830.00",,,
,https://firebasestorage.stagebeta.kyte.site/v0/b/kyte-7c484.appspot.com/o/kO7PxYkhJuh8ulF3RSBup3HgPoo1%2Fthumb_280_saGMkvO2xTuH6AaA7cPyYg%3D%3D.jpg?alt=media,Dvel180-9 Disco respaldo velcro 180mm,LUSQTOFF,"ARS 7,560.00",,,
,https://firebasestorage.stagebeta.kyte.site/v0/b/kyte-7c484.appspot.com/o/ZFyc7Bt6RkXUMOZjV0nJrgbWuBK2%2Fthumb_280_eTutokR1DsYsCDxUgnw6sw%3D%3D.jpg?alt=media,EGL860-8 Engalletadora 860w Lusqtoff,LUSQTOFF,"ARS 162,750.00",,,COD: EGL860-8
,https://firebasestorage.stagebeta.kyte.site/v0/b/kyte-7c484.appspot.com/o/kO7PxYkhJuh8ulF3RSBup3HgPoo1%2Fthumb_280_9E2F11CE-5C7E-4496-87CF-BF27F1631A40.jpg?alt=media,ELECTROSIERRA 2000W ESL200-8,LUSQTOFF,"ARS 118,440.00",,PRECIO SIN IVA INCLUIDO,
,https://firebasestorage.stagebeta.kyte.site/v0/b/kyte-7c484.appspot.com/o/kO7PxYkhJuh8ulF3RSBup3HgPoo1%2Fthumb_280_x6XDX4IMK4Y1QPOLSZEtLQ%3D%3D.jpg?alt=media,Electrosierra a Bateria Lusqtoff MML40-9BK,LUSQTOFF,"ARS 94,395.00",,,
,https://firebasestorage.stagebeta.kyte.site/v0/b/kyte-7c484.appspot.com/o/uNiBt23xEeTLHc6qq0SczvMaNPf1%2Fthumb_280_2F31F869-87E8-4727-AC9D-CEAA6A5B82D7.jpg?alt=media,Elevador de Dos Columnas Lusqtoff LPA-4A,LUSQTOFF,"ARS 4,440,450.00",,,
,https://firebasestorage.stagebeta.kyte.site/v0/b/kyte-7c484.appspot.com/o/kO7PxYkhJuh8ulF3RSBup3HgPoo1%2Fthumb_280_0208EAB8-3BA5-42B6-A0B2-AC3A7C4421A5.jpg?alt=media,Elevador de Motos Lusqtoff LQ64007,LUSQTOFF,"ARS 829,395.00",,,
,https://firebasestorage.stagebeta.kyte.site/v0/b/kyte-7c484.appspot.com/o/kO7PxYkhJuh8ulF3RSBup3HgPoo1%2Fthumb_280_A834D6AB-5647-4048-9D84-6E69C962834D.jpg?alt=media,Elevador de Placas de Yeso Lusqtoff EPYL335-8,LUSQTOFF,"ARS 315,525.00",,PRECIO SIN IVA INCLUIDO,
,https://firebasestorage.stagebeta.kyte.site/v0/b/kyte-7c484.appspot.com/o/yqjNgIWNHSPtDU8IsxdtNJ9QjBh2%2Fthumb_280_72095E3A-9EE6-475D-BE64-14F5111CB879.jpg?alt=media,EPL300-8 ESTACIÓN DE ENERGIA PORTATIL + PANEL,LUSQTOFF,"ARS 851,812.50",,,
,https://firebasestorage.stagebeta.kyte.site/v0/b/kyte-7c484.appspot.com/o/kO7PxYkhJuh8ulF3RSBup3HgPoo1%2Fthumb_280_VxgMVNzOqlQNuLBcJ9Brg%3D%3D.jpg?alt=media,Equipo para Pintar 450w Lusqtoff HTEP1004,LUSQTOFF,"ARS 47,701.50",,,
,https://firebasestorage.stagebeta.kyte.site/v0/b/kyte-7c484.appspot.com/o/kO7PxYkhJuh8ulF3RSBup3HgPoo1%2Fthumb_280_723D5455-B1E3-45EC-8D5A-FB5F418FB532.jpg?alt=media,Equipo para Pintar 600w Lusqtoff HTEP1007,LUSQTOFF,"ARS 88,877.25",,,
,https://firebasestorage.stagebeta.kyte.site/v0/b/kyte-7c484.appspot.com/o/kO7PxYkhJuh8ulF3RSBup3HgPoo1%2Fthumb_280_0A3B4C4C-96C3-4699-A5FB-4873850BA869.jpg?alt=media,Escalera Articulada 4x3 Lusqtoff LE300,LUSQTOFF,"ARS 137,550.00",,,
,https://firebasestorage.stagebeta.kyte.site/v0/b/kyte-7c484.appspot.com/o/z8ceXb8w02TssUbULtdA08LxbUz1%2Fthumb_280_1B8E6928-096E-4411-A6FF-D3C7667BC285.jpg?alt=media,Escalera Articulada 4x4 Lusqtoff LE400,LUSQTOFF,"ARS 153,900.00",,,
,https://firebasestorage.stagebeta.kyte.site/v0/b/kyte-7c484.appspot.com/o/ZFyc7Bt6RkXUMOZjV0nJrgbWuBK2%2Fthumb_280_156A5391-6891-483B-AD20-1842E2B5BF15.jpg?alt=media,ESL118-73 Escalera 3 Escalones Lusqtoff,LUSQTOFF,"ARS 59,850.00",,,COD: ESL118-73
,https://firebasestorage.stagebeta.kyte.site/v0/b/kyte-7c484.appspot.com/o/ZFyc7Bt6RkXUMOZjV0nJrgbWuBK2%2Fthumb_280_5CAB60B3-5F62-4CF2-8BF5-58A5AF5D0814.jpg?alt=media,ESL143-74 Escalera 4 Escalones Lusqtoff,LUSQTOFF,"ARS 75,075.00",,,COD: ESL143-74
,https://firebasestorage.stagebeta.kyte.site/v0/b/kyte-7c484.appspot.com/o/z8ceXb8w02TssUbULtdA08LxbUz1%2Fthumb_280_40CDE720-FA98-493A-85E1-2F2AB837AAEF.jpg?alt=media,ESL166-75 Escalera 5 escalones Lusqtoff,LUSQTOFF,"ARS 85,207.50",,,COD: ESL166-75
,https://firebasestorage.stagebeta.kyte.site/v0/b/kyte-7c484.appspot.com/o/uNiBt23xEeTLHc6qq0SczvMaNPf1%2Fthumb_280_F625347E-784D-4AFD-928B-DECC742374AC.jpg?alt=media,Estacion de Soldado Lusqtoff ES3l45-8,LUSQTOFF,"ARS 88,095.00",,,
,https://firebasestorage.stagebeta.kyte.site/v0/b/kyte-7c484.appspot.com/o/kO7PxYkhJuh8ulF3RSBup3HgPoo1%2Fthumb_280_c90i7aOAtD98wK8e6%2BTLxg%3D%3D.jpg?alt=media,EVO MIG-175 SOLDADORA INVERTER EVO MIG-175,LUSQTOFF,"ARS 374,850.00",,PRECIO SIN IVA INCLUIDO,
,https://firebasestorage.stagebeta.kyte.site/v0/b/kyte-7c484.appspot.com/o/kO7PxYkhJuh8ulF3RSBup3HgPoo1%2Fthumb_280_vqZQAxMQN0QOUzrWA%2Bu8w%3D%3D.jpg?alt=media,EVO MIG-220 SOLDADORA INVERTER DUAL MMA-MIG,LUSQTOFF,"ARS 817,845.00",,,
,https://firebasestorage.stagebeta.kyte.site/v0/b/kyte-7c484.appspot.com/o/kO7PxYkhJuh8ulF3RSBup3HgPoo1%2Fthumb_280_4B14AC7E-25EE-4D27-9174-0463E1CE10CE.jpg?alt=media,EVOMIG-205 Soldadora Inverter MMA-MIG DUAL Lusqtoff,LUSQTOFF,"ARS 640,395.00",,PRECIO SIN IVA INCLUIDO,
EXHIBIDOR LUSQTOFF isla,,EXHIBIDOR LUSQTOFF isla,LUSQTOFF,ARS 0.01,,,
,https://firebasestorage.stagebeta.kyte.site/v0/b/kyte-7c484.appspot.com/o/kO7PxYkhJuh8ulF3RSBup3HgPoo1%2Fthumb_280_2346C857-001A-431F-A12E-706602894BDE.jpg?alt=media,FL5-8B Pulverizador USB 5L Lusqtoff,LUSQTOFF,"ARS 87,675.00",,,
,https://firebasestorage.stagebeta.kyte.site/v0/b/kyte-7c484.appspot.com/o/kO7PxYkhJuh8ulF3RSBup3HgPoo1%2Fthumb_280_7B674601-BC12-476E-B124-219F4A252F66.jpg?alt=media,Fresadora 1400w Lusqtoff FRL1400-9,LUSQTOFF,"ARS 144,900.00",,PRECIO SIN IVA INCLUIDO,
,https://firebasestorage.stagebeta.kyte.site/v0/b/kyte-7c484.appspot.com/o/kO7PxYkhJuh8ulF3RSBup3HgPoo1%2Fthumb_280_xhvZ2Toc3j6TVrUjswOpA%3D%3D.jpg?alt=media,FUMIGADOR 12LT LUSQTOFF F12L-8,LUSQTOFF,"ARS 29,400.00",,PRECIO SIN IVA INCLUIDO,
,https://firebasestorage.stagebeta.kyte.site/v0/b/kyte-7c484.appspot.com/o/kO7PxYkhJuh8ulF3RSBup3HgPoo1%2Fthumb_280_6D8A68D7-1F13-4A6D-A833-D56C90BEAD71.jpg?alt=media,Fumigador 40cc 20lts Lusqtoff LJ-F40,LUSQTOFF,"ARS 264,495.00",,,
,https://firebasestorage.stagebeta.kyte.site/v0/b/kyte-7c484.appspot.com/o/kO7PxYkhJuh8ulF3RSBup3HgPoo1%2Fthumb_280_awHrt8LvYqFPiC746eTc3Q%3D%3D.jpg?alt=media,FUMIGADOR PULVERIZADOR FPL5 5lts,LUSQTOFF,"ARS 18,721.08",,PRECIO SIN IVA INCLUIDO,
,https://firebasestorage.stagebeta.kyte.site/v0/b/kyte-7c484.appspot.com/o/z8ceXb8w02TssUbULtdA08LxbUz1%2Fthumb_280_3C545F05-2BEB-4CA8-83DB-D3875A509CE5.jpg?alt=media,Gabinete con Herramientas 253pzs Lusqtoff GHL253-8,LUSQTOFF,"ARS 899,700.00",,,
,https://firebasestorage.stagebeta.kyte.site/v0/b/kyte-7c484.appspot.com/o/kO7PxYkhJuh8ulF3RSBup3HgPoo1%2Fthumb_280_YDREadAC5lYNFl254eeGSg%3D%3D.jpg?alt=media,GABINETE ORGANIZADOR 5 CAJ(GML5-8),LUSQTOFF,"ARS 480,900.00",,PRECIO SIN IVA INCLUIDO,
,https://firebasestorage.stagebeta.kyte.site/v0/b/kyte-7c484.appspot.com/o/z8ceXb8w02TssUbULtdA08LxbUz1%2Fthumb_280_3C43A369-697C-4AC2-800F-B6D5541B3952.jpg?alt=media,Gazebo Racing Lusqtoff GBL-9R,LUSQTOFF,"ARS 1,226,610.00",,,
,https://firebasestorage.stagebeta.kyte.site/v0/b/kyte-7c484.appspot.com/o/kO7PxYkhJuh8ulF3RSBup3HgPoo1%2Fthumb_280_xWjentsj1jOXm%2BAiVI7Axw%3D%3D.jpg?alt=media,GBL-8 GAZEBO 3x3 TELA OXFORD ADHESIVA,LUSQTOFF,"ARS 146,895.00",,,
,https://firebasestorage.stagebeta.kyte.site/v0/b/kyte-7c484.appspot.com/o/uNiBt23xEeTLHc6qq0SczvMaNPf1%2Fthumb_280_vXFDsYz5kU6ssjvUjD8Brg%3D%3D.jpg?alt=media,Generador Industrial Trifasico 12Kva Lusqtoff LQ12T-9,LUSQTOFF,"ARS 9,660,000.00",,,
,https://firebasestorage.stagebeta.kyte.site/v0/b/kyte-7c484.appspot.com/o/kO7PxYkhJuh8ulF3RSBup3HgPoo1%2Fthumb_280_SzZ3RuqMbl5j0l3GSszDUA%3D%3D.jpg?alt=media,GENERADOR NAFTERO LG13EX 5500Wts,LUSQTOFF,"ARS 1,153,950.00",,PRECIO SIN IVA INCLUIDO ) Potencia máxima 5500wts Combustible nafta Peso 84 Garantía 6 meses 13hp,
,https://firebasestorage.stagebeta.kyte.site/v0/b/kyte-7c484.appspot.com/o/kO7PxYkhJuh8ulF3RSBup3HgPoo1%2Fthumb_280_794B7B2D-C538-4913-97A0-5B95CB94BE8C.jpg?alt=media,Generador portátil LG950P,LUSQTOFF,"ARS 191,100.00",,PRECIO SIN IVA INCLUIDO,
,https://firebasestorage.stagebeta.kyte.site/v0/b/kyte-7c484.appspot.com/o/uNiBt23xEeTLHc6qq0SczvMaNPf1%2Fthumb_280_BF90E8A3-86BC-4F24-A7A5-ACF1608EBF0B.jpg?alt=media,Guantes Aramida 400°C Lusqtoff GRCL800-10,LUSQTOFF,"ARS 21,000.00",,,
,https://firebasestorage.stagebeta.kyte.site/v0/b/kyte-7c484.appspot.com/o/z8ceXb8w02TssUbULtdA08LxbUz1%2Fthumb_280_75kWx2qw5XRrxdZHgAHHdg%3D%3D.jpg?alt=media,Hidrolavadora 1200w Lusqtoff HL-120,LUSQTOFF,"ARS 99,990.00",,,
,https://firebasestorage.stagebeta.kyte.site/v0/b/kyte-7c484.appspot.com/o/uNiBt23xEeTLHc6qq0SczvMaNPf1%2Fthumb_280_Z4vVIBn5r83alANIS1EKPA%3D%3D.jpg?alt=media,Hidrolavadora 13hp Naftera Lusqtoff LH-13,LUSQTOFF,"ARS 1,034,250.00",,,COD: LH-13
,https://firebasestorage.stagebeta.kyte.site/v0/b/kyte-7c484.appspot.com/o/kO7PxYkhJuh8ulF3RSBup3HgPoo1%2Fthumb_280_Zy2gT05n6a4fbOvkbkNLIQ%3D%3D.jpg?alt=media,Hidrolavadora a explosion 7.5 Lh-75,LUSQTOFF,"ARS 809,550.00",,,
,https://firebasestorage.stagebeta.kyte.site/v0/b/kyte-7c484.appspot.com/o/uNiBt23xEeTLHc6qq0SczvMaNPf1%2Fthumb_280_XjMrM4g4SCpwJYbGYD644g%3D%3D.jpg?alt=media,Hidrolavadora Industrial 6000w Lusqtoff HL-6000EX,LUSQTOFF,"ARS 1,542,450.00",,,COD: HL-6000EX
,https://firebasestorage.stagebeta.kyte.site/v0/b/kyte-7c484.appspot.com/o/ZFyc7Bt6RkXUMOZjV0nJrgbWuBK2%2Fthumb_280_HKEfOTbiZ9H2%2BwrEcTDQ%3D%3D.jpg?alt=media,HL-1500EX HIDROLAVADORA INDUSTRIAL -3000W,LUSQTOFF,"ARS 1,236,900.00",,,COD: HL-1500EX
,https://firebasestorage.stagebeta.kyte.site/v0/b/kyte-7c484.appspot.com/o/ZFyc7Bt6RkXUMOZjV0nJrgbWuBK2%2Fthumb_280_0D39335F-D6DF-4FEA-980B-B0C5715100DF.jpg?alt=media,HL1800-8 Hidrolavadora 1800w Lusqtoff,LUSQTOFF,"ARS 257,250.00",,,COD: HL1800-8
,https://firebasestorage.stagebeta.kyte.site/v0/b/kyte-7c484.appspot.com/o/ZFyc7Bt6RkXUMOZjV0nJrgbWuBK2%2Fthumb_280_21909DB1-E251-4D39-B37D-E268A49D8E6C.jpg?alt=media,HL2100-9 Hidrolavadora 2100w Lusqtoff,LUSQTOFF,"ARS 289,800.00",,,COD: HL2100-9
,https://firebasestorage.stagebeta.kyte.site/v0/b/kyte-7c484.appspot.com/o/kO7PxYkhJuh8ulF3RSBup3HgPoo1%2Fthumb_280_5F0A5F17-F35A-4CDB-85BD-3203134BCAD8.jpg?alt=media,HM2501 GUINCHE PLUMA PLEGABLE 2TON,LUSQTOFF,"ARS 515,025.00",,,
,https://firebasestorage.stagebeta.kyte.site/v0/b/kyte-7c484.appspot.com/o/uNiBt23xEeTLHc6qq0SczvMaNPf1%2Fthumb_280_D92AF813-B052-4DF1-B0AF-F62DC795F364.jpg?alt=media,Hongo Calefactor Blanco Lusqtoff JK-1008,LUSQTOFF,"ARS 255,570.00",,,
,https://firebasestorage.stagebeta.kyte.site/v0/b/kyte-7c484.appspot.com/o/uNiBt23xEeTLHc6qq0SczvMaNPf1%2Fthumb_280_E35BEE31-4EC1-465D-B27B-F2107A1EBE00.jpg?alt=media,Hongo Calefactor Lusqtoff JK-1008N,LUSQTOFF,"ARS 255,570.00",,,
,https://firebasestorage.stagebeta.kyte.site/v0/b/kyte-7c484.appspot.com/o/kO7PxYkhJuh8ulF3RSBup3HgPoo1%2Fthumb_280_97C04ACC-1B51-4E61-B97A-5133DCE55865.jpg?alt=media,Hoyadora Naftera 58cc 2T Lusqtoff LH-58,LUSQTOFF,"ARS 257,985.00",,,
,https://firebasestorage.stagebeta.kyte.site/v0/b/kyte-7c484.appspot.com/o/kO7PxYkhJuh8ulF3RSBup3HgPoo1%2Fthumb_280_35F1E966-8FEB-4B86-898A-645E3E2FEDA3.jpg?alt=media,Hscab-9 hoja de sierra caladora CORTE AGRESIVO X pack X 5 unidades,LUSQTOFF,"ARS 3,885.00",,,
,https://firebasestorage.stagebeta.kyte.site/v0/b/kyte-7c484.appspot.com/o/kO7PxYkhJuh8ulF3RSBup3HgPoo1%2Fthumb_280_96DF2A09-B121-4BFC-B46E-09BF40729E72.jpg?alt=media,Hsccc-9 hoja de sierra caladora CORTE CURVO x pack x 5U,LUSQTOFF,"ARS 4,410.00",,,
,https://firebasestorage.stagebeta.kyte.site/v0/b/kyte-7c484.appspot.com/o/kO7PxYkhJuh8ulF3RSBup3HgPoo1%2Fthumb_280_MSWIHKr22Xt6vs3h4412Zg%3D%3D.jpg?alt=media,Hsccf-9 Hoja de sierra caladora CORTE METAL x pack x 5U,LUSQTOFF,"ARS 4,515.00",,,
,https://firebasestorage.stagebeta.kyte.site/v0/b/kyte-7c484.appspot.com/o/kO7PxYkhJuh8ulF3RSBup3HgPoo1%2Fthumb_280_jTJtqRNPaEpbpDuU2VAAew%3D%3D.jpg?alt=media,Hscfl-9 hoja de sierra caladora CORTE FINO Y LIMPIO x pack de 5 unidades,LUSQTOFF,"ARS 3,885.00",,,
,https://firebasestorage.stagebeta.kyte.site/v0/b/kyte-7c484.appspot.com/o/kO7PxYkhJuh8ulF3RSBup3HgPoo1%2Fthumb_280_Yl27kbCer8XKCqYoxJwmHA%3D%3D.jpg?alt=media,Hschl-9 Hoja de sierra caladora HOJA LARGA X pack de 5U,LUSQTOFF,"ARS 5,460.00",,,
,https://firebasestorage.stagebeta.kyte.site/v0/b/kyte-7c484.appspot.com/o/kO7PxYkhJuh8ulF3RSBup3HgPoo1%2Fthumb_280_4D01AFCB-A49D-4F23-AD2C-793207B819B3.jpg?alt=media,Hscr-9 Hoja de sierra caladora CORTE RAPIDO x pack de 5 unidades,LUSQTOFF,"ARS 3,885.00",,,
,https://firebasestorage.stagebeta.kyte.site/v0/b/kyte-7c484.appspot.com/o/kO7PxYkhJuh8ulF3RSBup3HgPoo1%2Fthumb_280_0EE1F063-4046-4DDA-AE79-33FFA4D69855.jpg?alt=media,HTBGO-30A CALEFACTOR CAÑON KEROSENE 26000k,LUSQTOFF,"ARS 579,600.00",,,
,https://firebasestorage.stagebeta.kyte.site/v0/b/kyte-7c484.appspot.com/o/kO7PxYkhJuh8ulF3RSBup3HgPoo1%2Fthumb_280_379C2C5F-7F32-49DA-A70D-9C2B387B96FC.jpg?alt=media,HTBGO-60A CALEFACTOR CAÑON KEROSENE 53000K,LUSQTOFF,"ARS 819,000.00",,,
,https://firebasestorage.stagebeta.kyte.site/v0/b/kyte-7c484.appspot.com/o/kO7PxYkhJuh8ulF3RSBup3HgPoo1%2Fthumb_280_bBUeeK%2BockPQ2Zr9OAWevA%3D%3D.jpg?alt=media,Inflador a Bateria con Medidor Digital Lusqtoff IL150-8,LUSQTOFF,"ARS 89,900.00",,,
,https://firebasestorage.stagebeta.kyte.site/v0/b/kyte-7c484.appspot.com/o/z8ceXb8w02TssUbULtdA08LxbUz1%2Fthumb_280_eqpZcHzL7jQZTpSWrzQyw%3D%3D.jpg?alt=media,Ionizador Solar para Piletas Lusqtoff LQ-IONSOL,LUSQTOFF,"ARS 53,900.00",,,
6% OFF,https://firebasestorage.stagebeta.kyte.site/v0/b/kyte-7c484.appspot.com/o/z8ceXb8w02TssUbULtdA08LxbUz1%2Fthumb_280_64F3785D-EE09-4486-BD58-A8830C5C4F0F.jpg?alt=media,IRON100-8 Soldadora Inverter Lusqtoff,LUSQTOFF,"ARS 94,300.00","ARS 99,900.00",,COD: IRON100-8
,https://firebasestorage.stagebeta.kyte.site/v0/b/kyte-7c484.appspot.com/o/uNiBt23xEeTLHc6qq0SczvMaNPf1%2Fthumb_280_903F6D17-DFFB-4490-AC07-AF2D765E0643.jpg?alt=media,IRON250-PRO Soldadora Inverter MMA Lusqtoff,LUSQTOFF,"ARS 282,450.00",,,
,https://firebasestorage.stagebeta.kyte.site/v0/b/kyte-7c484.appspot.com/o/kO7PxYkhJuh8ulF3RSBup3HgPoo1%2Fthumb_280_EFFEA3BD-8348-4BC2-95AC-E3FF0E95166E.jpg?alt=media,IRON-300 Soldadora Inverter MMA 50hz Lusqtoff,LUSQTOFF,"ARS 328,230.00",,,
,https://firebasestorage.stagebeta.kyte.site/v0/b/kyte-7c484.appspot.com/o/kO7PxYkhJuh8ulF3RSBup3HgPoo1%2Fthumb_280_E742CEC2-7E8A-42A7-8432-B4CF9185F0CE.jpg?alt=media,JATL82-8 JUEGO DE ACCESORIOS PARA TALADRO,LUSQTOFF,"ARS 35,650.00",,,COD: 7798225229353
,https://firebasestorage.stagebeta.kyte.site/v0/b/kyte-7c484.appspot.com/o/kO7PxYkhJuh8ulF3RSBup3HgPoo1%2Fthumb_280_mLsmmywmtjVNLvDHomamg%3D%3D.jpg?alt=media,JLC12-9 JUEGO DE LLAVES COMBINADAS 12 PCS,LUSQTOFF,"ARS 54,495.00",,,
,https://firebasestorage.stagebeta.kyte.site/v0/b/kyte-7c484.appspot.com/o/uNiBt23xEeTLHc6qq0SczvMaNPf1%2Fthumb_280_7FD5A386-05EF-44AC-9EE5-F47E18B63EAE.jpg?alt=media,JLC22-9 Juego 22 Llaves Combinadas Lusqtoff,LUSQTOFF,"ARS 99,750.00",,,
,https://firebasestorage.stagebeta.kyte.site/v0/b/kyte-7c484.appspot.com/o/kO7PxYkhJuh8ulF3RSBup3HgPoo1%2Fthumb_280_2E3DF71D-50DE-4D41-A724-24EAA16C5DB9.jpg?alt=media,jmhss19pz-9 Juego mecha acero rapido hss 19 piezas,LUSQTOFF,"ARS 31,489.50",,,
,https://firebasestorage.stagebeta.kyte.site/v0/b/kyte-7c484.appspot.com/o/kO7PxYkhJuh8ulF3RSBup3HgPoo1%2Fthumb_280_88A757A5-C3FD-4598-A8C7-5D95D9108003.jpg?alt=media,Jmhss6pz-9 Juego mecha acero rapido 6 piezas,LUSQTOFF,"ARS 9,345.00",,,
,https://firebasestorage.stagebeta.kyte.site/v0/b/kyte-7c484.appspot.com/o/kO7PxYkhJuh8ulF3RSBup3HgPoo1%2Fthumb_280_qH8MgvSmla2EVfAHcrhfiA%3D%3D.jpg?alt=media,Juego 6 Fresas Lusqtoff JFL68,LUSQTOFF,"ARS 17,367.00",,,
,https://firebasestorage.stagebeta.kyte.site/v0/b/kyte-7c484.appspot.com/o/z8ceXb8w02TssUbULtdA08LxbUz1%2Fthumb_280_e120e58b-3bd5-424d-83a9-87cce3a940ec.jpg?alt=media,Juego de 1 Mesa y 4 Sillas Plegable Lusqtoff MMS-8,LUSQTOFF,"ARS 261,450.00",,,
,https://firebasestorage.stagebeta.kyte.site/v0/b/kyte-7c484.appspot.com/o/uNiBt23xEeTLHc6qq0SczvMaNPf1%2Fthumb_280_FFB78E1F-D452-4B2D-A8E0-A9001F7CB726.jpg?alt=media,Juego de Mechas y Puntas 100pzs Lusqtoff JMPL100-8,LUSQTOFF,"ARS 59,400.00",,,
Juego Pinza Masa-Porta Electrodo 200A Lusq...,,Juego Pinza Masa-Porta Electrodo 200A Lusqtoff RIRON250R10,LUSQTOFF,"ARS 66,000.00",,,
,https://firebasestorage.stagebeta.kyte.site/v0/b/kyte-7c484.appspot.com/o/kO7PxYkhJuh8ulF3RSBup3HgPoo1%2Fthumb_280_wclXR2f7Nqo6y5n1f0GSjg%3D%3D.jpg?alt=media,KACL4-9 KIT ACOPLE RAPIDO PARA COMPRESOR,LUSQTOFF,"ARS 5,985.00",,,
,https://firebasestorage.stagebeta.kyte.site/v0/b/kyte-7c484.appspot.com/o/uNiBt23xEeTLHc6qq0SczvMaNPf1%2Fthumb_280_B876A70A-F8EF-45F7-8E1A-3153B8CE9BF0.jpg?alt=media,Kit 5pcs Compresor Lusqtoff AA-5000K,LUSQTOFF,"ARS 34,200.00",,,
,https://firebasestorage.stagebeta.kyte.site/v0/b/kyte-7c484.appspot.com/o/kO7PxYkhJuh8ulF3RSBup3HgPoo1%2Fthumb_280_QlfnKMJCWroWbkiGeawcQ%3D%3D.jpg?alt=media,Kit Accesorios KACL20-9 para Compresor Lusqtoff KACL20-9,LUSQTOFF,"ARS 33,900.00",,,
,https://firebasestorage.stagebeta.kyte.site/v0/b/kyte-7c484.appspot.com/o/kO7PxYkhJuh8ulF3RSBup3HgPoo1%2Fthumb_280_fzyKf5WEc%2BwbburTjyBMMg%3D%3D.jpg?alt=media,Kit Amoladora + Taladro Lusqtoff KATL-8,LUSQTOFF,"ARS 105,900.00",,,
,https://firebasestorage.stagebeta.kyte.site/v0/b/kyte-7c484.appspot.com/o/uNiBt23xEeTLHc6qq0SczvMaNPf1%2Fthumb_280_C592CDC4-83B4-4CEA-A878-859E4FFEA025.jpg?alt=media,Kit Bordeadora y Cortadora de Césped Eléctricas Lusqtoff KBCL-8,LUSQTOFF,"ARS 227,200.00",,,
,https://firebasestorage.stagebeta.kyte.site/v0/b/kyte-7c484.appspot.com/o/kO7PxYkhJuh8ulF3RSBup3HgPoo1%2Fthumb_280_CLyZz%2BSDaTwWDjytep62A%3D%3D.jpg?alt=media,Kit De Consumible Para Mig Acmigl-8.1 Kit Lusqtoff Pico 1mm,LUSQTOFF,"ARS 8,400.00",,PRECIO SIN IVA INCLUIDO,
,https://firebasestorage.stagebeta.kyte.site/v0/b/kyte-7c484.appspot.com/o/ZFyc7Bt6RkXUMOZjV0nJrgbWuBK2%2Fthumb_280_5E690589-1C7E-4AB0-BDA0-101D7EA191EE.jpg?alt=media,KTAL2-9BK Kit Taladro y Atornillador,LUSQTOFF,"ARS 317,100.00",,,COD: KTAL2-9BK
,https://firebasestorage.stagebeta.kyte.site/v0/b/kyte-7c484.appspot.com/o/ZFyc7Bt6RkXUMOZjV0nJrgbWuBK2%2Fthumb_280_N8zwoZabkiIKLLKndDsdUA%3D%3D.jpg?alt=media,L1702 Juego de Puntas para Taladro 42 pcs Lusqtoff,LUSQTOFF,"ARS 18,375.00",,,COD: L1702
,https://firebasestorage.stagebeta.kyte.site/v0/b/kyte-7c484.appspot.com/o/ZFyc7Bt6RkXUMOZjV0nJrgbWuBK2%2Fthumb_280_m7bKX3VZhirCtD6Q1vcKeQ%3D%3D.jpg?alt=media,L1703 Juego de Accesorios para Mini Torno 400pcs,LUSQTOFF,"ARS 40,950.00",,,COD: L1703
,https://firebasestorage.stagebeta.kyte.site/v0/b/kyte-7c484.appspot.com/o/ZFyc7Bt6RkXUMOZjV0nJrgbWuBK2%2Fthumb_280_K9Fp6QRFNpTBp6bK0f3Yjw%3D%3D.jpg?alt=media,L1704 Juego de Accesorios para Mini Torno 217pcs,LUSQTOFF,"ARS 25,725.00",,,COD: L1704
,https://firebasestorage.stagebeta.kyte.site/v0/b/kyte-7c484.appspot.com/o/ZFyc7Bt6RkXUMOZjV0nJrgbWuBK2%2Fthumb_280_P4hJBgI4JQJSlgGCvwbpSQ%3D%3D.jpg?alt=media,L2130 Juego de Brocas Cilindricas Acero Rapido 25pcs Lusqtoff,LUSQTOFF,"ARS 68,355.00",,,COD: L2130
,https://firebasestorage.stagebeta.kyte.site/v0/b/kyte-7c484.appspot.com/o/ZFyc7Bt6RkXUMOZjV0nJrgbWuBK2%2Fthumb_280_A12KjQGJEWk7IG7r5RA%3D%3D.jpg?alt=media,L2132 Juego de Brocas Cilindricas Acero Rapido 19pcs Lusqtoff,LUSQTOFF,"ARS 36,750.00",,,COD: L2132
,https://firebasestorage.stagebeta.kyte.site/v0/b/kyte-7c484.appspot.com/o/lMoTHi1BRBdqdbcY5aWHjbk2u7O2%2Fthumb_280_u8dNmUtGuv6MM4uNE%2BU%2B2g%3D%3D.jpg?alt=media,L8106 Carro Porta Herramientas Metalico 3 en 1 Lusqtoff,LUSQTOFF,"ARS 203,550.00",,,COD: L8106
,https://firebasestorage.stagebeta.kyte.site/v0/b/kyte-7c484.appspot.com/o/uNiBt23xEeTLHc6qq0SczvMaNPf1%2Fthumb_280_20924782-22A0-42D1-BF84-3996962C528D.jpg?alt=media,LA-1500MM Aspiradora 15L 1400w Lusqtoff,LUSQTOFF,"ARS 81,900.00",,,
,https://firebasestorage.stagebeta.kyte.site/v0/b/kyte-7c484.appspot.com/o/ZFyc7Bt6RkXUMOZjV0nJrgbWuBK2%2Fthumb_280_Z9jIbsclNNDTd0k6sltNhg%3D%3D.jpg?alt=media,LA-5001M ASPIRADORA ELECTRICA 5OL 1400W,LUSQTOFF,"ARS 240,450.00",,,COD: LA-5001M
,https://firebasestorage.stagebeta.kyte.site/v0/b/kyte-7c484.appspot.com/o/z8ceXb8w02TssUbULtdA08LxbUz1%2Fthumb_280_8quUbjQHhapnY4ZLoVIJlA%3D%3D.jpg?alt=media,LA-6002M ASPIRADORA 60LITROS 2 MOTORES,LUSQTOFF,"ARS 535,395.00",,,COD: LA-6002M
,https://firebasestorage.stagebeta.kyte.site/v0/b/kyte-7c484.appspot.com/o/ZFyc7Bt6RkXUMOZjV0nJrgbWuBK2%2Fthumb_280_1rfvzMFS%2BA2uFHoygWIr2A%3D%3D.jpg?alt=media,LA-8003M ASPIRADORA 80 LTS 3 MOTORES,LUSQTOFF,"ARS 818,464.50",,,COD: LA-8003M
,https://firebasestorage.stagebeta.kyte.site/v0/b/kyte-7c484.appspot.com/o/z8ceXb8w02TssUbULtdA08LxbUz1%2Fthumb_280_2257B3BD-0CE0-4E9A-AB64-2FCCF4170748.jpg?alt=media,Lata 10u Disco de Corte 1.2mm Lusqtoff DAL1151210,LUSQTOFF,"ARS 4,830.00",,,
,https://firebasestorage.stagebeta.kyte.site/v0/b/kyte-7c484.appspot.com/o/z8ceXb8w02TssUbULtdA08LxbUz1%2Fthumb_280_AC558974-A5A3-4676-85E1-4D383D3B5CC3.jpg?alt=media,Lata 10u Disco de Corte 1.6mm Lusqtoff DAL1151610,LUSQTOFF,"ARS 5,565.00",,,
,https://firebasestorage.stagebeta.kyte.site/v0/b/kyte-7c484.appspot.com/o/z8ceXb8w02TssUbULtdA08LxbUz1%2Fthumb_280_cKNIYbxWvgcW9hhPFb7r1A%3D%3D.jpg?alt=media,Lata 50u Disco de Corte 1.2mm Lusqtoff DAL1151250,LUSQTOFF,"ARS 22,365.00",,,
,https://firebasestorage.stagebeta.kyte.site/v0/b/kyte-7c484.appspot.com/o/z8ceXb8w02TssUbULtdA08LxbUz1%2Fthumb_280_5D8F7C3A-3164-4E25-BDDB-432A1C8DC81C.jpg?alt=media,Lata 50u Disco de Corte 1.6mm Lusqtoff DAL1151650,LUSQTOFF,"ARS 24,045.00",,,
,https://firebasestorage.stagebeta.kyte.site/v0/b/kyte-7c484.appspot.com/o/kO7PxYkhJuh8ulF3RSBup3HgPoo1%2Fthumb_280_kAJgX1lzaYNTYmgBw8R7mg%3D%3D.jpg?alt=media,LATEX INT/EXT 10L PROFESIONAL LLEXT10-8,LUSQTOFF,"ARS 43,050.00",,,
,https://firebasestorage.stagebeta.kyte.site/v0/b/kyte-7c484.appspot.com/o/kO7PxYkhJuh8ulF3RSBup3HgPoo1%2Fthumb_280_9gAvQWVgbjM04ILVY2H9Q%3D%3D.jpg?alt=media,Latex INT/EXT 20lts Lusqtoff LLEXT20-8,LUSQTOFF,"ARS 67,200.00",,,
,https://firebasestorage.stagebeta.kyte.site/v0/b/kyte-7c484.appspot.com/o/kO7PxYkhJuh8ulF3RSBup3HgPoo1%2Fthumb_280_EJ2lRNRORoIrNWCOWKW0aA%3D%3D.jpg?alt=media,LB1820-8 BATERIA LITIO 18V 2.0 AMP,LUSQTOFF,"ARS 27,300.00",,,
,https://firebasestorage.stagebeta.kyte.site/v0/b/kyte-7c484.appspot.com/o/kO7PxYkhJuh8ulF3RSBup3HgPoo1%2Fthumb_280_wYkRUA9WEgym6VMFGwZyPg%3D%3D.jpg?alt=media,LB1840-9 BATERIA DE LITIO 18V 4.0 AMP,LUSQTOFF,"ARS 48,300.00",,,
,https://firebasestorage.stagebeta.kyte.site/v0/b/kyte-7c484.appspot.com/o/ZFyc7Bt6RkXUMOZjV0nJrgbWuBK2%2Fthumb_280_sC7s31NZDmUJeORR%2B1IiQ%3D%3D.jpg?alt=media,LB4050-8 BATERIA DE LITIO 40v 2.5ah ECO LINE,LUSQTOFF,"ARS 147,000.00",,,COD: LB4050-8
,https://firebasestorage.stagebeta.kyte.site/v0/b/kyte-7c484.appspot.com/o/kO7PxYkhJuh8ulF3RSBup3HgPoo1%2Fthumb_280_AF4URNf80%2BhP4hlWzr8rig%3D%3D.jpg?alt=media,Lban100-9 lija de banda 75 X 533mm 100”x6uni,LUSQTOFF,"ARS 7,035.00",,,COD: Lban100-9
,https://firebasestorage.stagebeta.kyte.site/v0/b/kyte-7c484.appspot.com/o/kO7PxYkhJuh8ulF3RSBup3HgPoo1%2Fthumb_280_Dvjd8UapCUw0Bt0Z3my1pQ%3D%3D.jpg?alt=media,Lban150-9 Lija de banda 75 X533mm “150”x6uni,LUSQTOFF,"ARS 7,035.00",,,COD: Lban150-9
,https://firebasestorage.stagebeta.kyte.site/v0/b/kyte-7c484.appspot.com/o/kO7PxYkhJuh8ulF3RSBup3HgPoo1%2Fthumb_280_T%2BTfrWkv7c5gHof1LP8Lw%3D%3D.jpg?alt=media,Lban40-9 lija de banda 75 x 533mm 40x6uni,LUSQTOFF,"ARS 7,035.00",,,
,https://firebasestorage.stagebeta.kyte.site/v0/b/kyte-7c484.appspot.com/o/kO7PxYkhJuh8ulF3RSBup3HgPoo1%2Fthumb_280_j05eYM8RE9r70bId8u%2BnzQ%3D%3D.jpg?alt=media,Lban60-9 lija de banda 75 X 533mm “60” x6uni,LUSQTOFF,"ARS 7,035.00",,,
,https://firebasestorage.stagebeta.kyte.site/v0/b/kyte-7c484.appspot.com/o/kO7PxYkhJuh8ulF3RSBup3HgPoo1%2Fthumb_280_m5bjCLKeK9GPIAB9qMewaw%3D%3D.jpg?alt=media,Lban80-9 Lija de banda 75 x 533mm “80” x6uni,LUSQTOFF,"ARS 7,035.00",,,
,https://firebasestorage.stagebeta.kyte.site/v0/b/kyte-7c484.appspot.com/o/ZFyc7Bt6RkXUMOZjV0nJrgbWuBK2%2Fthumb_280_NUC4BNSk5J6%2BN10v0cNWWg%3D%3D.jpg?alt=media,LC-2025 Compresor 25L 2Hp Lusqtoff,LUSQTOFF,"ARS 162,750.00",,,COD: LC-2025
,https://firebasestorage.stagebeta.kyte.site/v0/b/kyte-7c484.appspot.com/o/kO7PxYkhJuh8ulF3RSBup3HgPoo1%2Fthumb_280_48686FBC-2EA9-4EC2-B84F-3422984C9745.jpg?alt=media,LC-2025BK Compresor 25L En Kit 2Hp Lusqtoff,LUSQTOFF,"ARS 196,350.00",,PRECIO SIN IVA INCLUIDO,
,https://firebasestorage.stagebeta.kyte.site/v0/b/kyte-7c484.appspot.com/o/kO7PxYkhJuh8ulF3RSBup3HgPoo1%2Fthumb_280_3D17CA1C-2CAF-4B28-96BC-A8B8C4A228C2.jpg?alt=media,LC-30150T COMPRESOR DE AIRE 3HP 150lts Lusqtoff,LUSQTOFF,"ARS 852,600.00",,,
,https://firebasestorage.stagebeta.kyte.site/v0/b/kyte-7c484.appspot.com/o/kO7PxYkhJuh8ulF3RSBup3HgPoo1%2Fthumb_280_A52B1321-35FD-4506-BE84-43139DEF6833.jpg?alt=media,LC-30200 COMPRESOR DE AIRE 3HP 200LTS,LUSQTOFF,"ARS 1,086,435.00",,,
,https://firebasestorage.stagebeta.kyte.site/v0/b/kyte-7c484.appspot.com/o/kO7PxYkhJuh8ulF3RSBup3HgPoo1%2Fthumb_280_8L6fx3DnFLsIxyed2lPBQ%3D%3D.jpg?alt=media,LC-40100 Compresor de aire 100 litros eléctrico Lüsqtoff monofásico naranja 220V 50Hz,LUSQTOFF,"ARS 511,350.00",,Compresor de aire eléctrico Lüsqtoff LC-40100 monofásico naranja 220V 50Hz 100 litros,
,https://firebasestorage.stagebeta.kyte.site/v0/b/kyte-7c484.appspot.com/o/kO7PxYkhJuh8ulF3RSBup3HgPoo1%2Fthumb_280_00B7245A-B09F-4F95-AA16-BDC5D03D75A0.jpg?alt=media,LC-55300 COMPRESOR DE AIRE TRIFASICO 5.5 hp,LUSQTOFF,"ARS 1,589,700.00",,,
,https://firebasestorage.stagebeta.kyte.site/v0/b/kyte-7c484.appspot.com/o/ZFyc7Bt6RkXUMOZjV0nJrgbWuBK2%2Fthumb_280_umkW%2BK8BKl5R3EIBZu0aA%3D%3D.jpg?alt=media,LC-826 Compresor Aire MD 1/3HP 11L Lusqtoff,LUSQTOFF,"ARS 145,950.00",,,COD: LC-826
,https://firebasestorage.stagebeta.kyte.site/v0/b/kyte-7c484.appspot.com/o/ZFyc7Bt6RkXUMOZjV0nJrgbWuBK2%2Fthumb_280_VLAeQD%2Bbc0Kua3GKHalrTw%3D%3D.jpg?alt=media,LCBH-120 CARGADOR DE BATERIA PARA HERRAMIENTAS,LUSQTOFF,"ARS 62,475.00",,,COD: LCBH-120
,https://firebasestorage.stagebeta.kyte.site/v0/b/kyte-7c484.appspot.com/o/yqjNgIWNHSPtDU8IsxdtNJ9QjBh2%2Fthumb_280_rAbvhDpIWBGDbrXiBM0sfA%3D%3D.jpg?alt=media,LCBH-54 Cargador de bateria,LUSQTOFF,"ARS 14,070.00",,,COD: LCBH-54
,https://firebasestorage.stagebeta.kyte.site/v0/b/kyte-7c484.appspot.com/o/ZFyc7Bt6RkXUMOZjV0nJrgbWuBK2%2Fthumb_280_E2KE%2BWqTCUkVp0g5VaJw%3D%3D.jpg?alt=media,LCC-500 CARGADOR ARRANCADOR DE BATERIA,LUSQTOFF,"ARS 416,745.00",,,COD: LCC-500
,https://firebasestorage.stagebeta.kyte.site/v0/b/kyte-7c484.appspot.com/o/ZFyc7Bt6RkXUMOZjV0nJrgbWuBK2%2Fthumb_280_BD45E4CD-88AD-4F65-B0E0-AA951A6D7E79.jpg?alt=media,LCHP6-8 Carro Porta Herramientas Organizador,LUSQTOFF,"ARS 432,600.00",,,COD: LCHP6-8
,https://firebasestorage.stagebeta.kyte.site/v0/b/kyte-7c484.appspot.com/o/ZFyc7Bt6RkXUMOZjV0nJrgbWuBK2%2Fthumb_280_29VREtJL9v4LnImzCEfFbg%3D%3D.jpg?alt=media,"LD38-9 DESMALEZADORA NAFTERA PROFESIONAL 38,9CC",LUSQTOFF,"ARS 346,395.00",,,COD: LD38-9
,https://firebasestorage.stagebeta.kyte.site/v0/b/kyte-7c484.appspot.com/o/ZFyc7Bt6RkXUMOZjV0nJrgbWuBK2%2Fthumb_280_MjG7I8mdODFQxhid9xkO1w%3D%3D.jpg?alt=media,LD52-7ON Desmalezadora 52cc Lusqtoff,LUSQTOFF,"ARS 122,839.50",,Palo desmontable,COD: LD52-7ON
,https://firebasestorage.stagebeta.kyte.site/v0/b/kyte-7c484.appspot.com/o/kO7PxYkhJuh8ulF3RSBup3HgPoo1%2Fthumb_280_032A4AA6-23ED-4122-B46F-0579BB95BB29.jpg?alt=media,LENDU20-8 ENDUIDO LUSQTOFF 20lts,LUSQTOFF,"ARS 45,150.00",,,
,https://firebasestorage.stagebeta.kyte.site/v0/b/kyte-7c484.appspot.com/o/uNiBt23xEeTLHc6qq0SczvMaNPf1%2Fthumb_280_D23DA5F0-2B30-4927-B6A9-9470FA6CBBFA.jpg?alt=media,Lentes seguridad Lusqtoff,LUSQTOFF,"ARS 1,312.50",,,
,https://firebasestorage.stagebeta.kyte.site/v0/b/kyte-7c484.appspot.com/o/kO7PxYkhJuh8ulF3RSBup3HgPoo1%2Fthumb_280_7AC06046-6D2B-416D-85BF-D49FAFEF8EAA.jpg?alt=media,LG3000 GENERADOR 2.8kw ARRANQUE MANUAL,LUSQTOFF,"ARS 428,400.00",,,
,https://firebasestorage.stagebeta.kyte.site/v0/b/kyte-7c484.appspot.com/o/kO7PxYkhJuh8ulF3RSBup3HgPoo1%2Fthumb_280_A00C1A2E-37AE-4925-8E18-EDB68A2B2A47.jpg?alt=media,LG3000E GENERADOR 2.8kw ARRANQUE ELECTRICO,LUSQTOFF,"ARS 546,000.00",,,
,https://firebasestorage.stagebeta.kyte.site/v0/b/kyte-7c484.appspot.com/o/kO7PxYkhJuh8ulF3RSBup3HgPoo1%2Fthumb_280_C2889636-7070-4E73-9688-62625A662F6E.jpg?alt=media,LG3500EX GENERADOR NAFTERO 3500W,LUSQTOFF,"ARS 640,489.50",,,
,https://firebasestorage.stagebeta.kyte.site/v0/b/kyte-7c484.appspot.com/o/kO7PxYkhJuh8ulF3RSBup3HgPoo1%2Fthumb_280_09BCE0BD-205D-49DA-A1A2-3E66989AF0F4.jpg?alt=media,LG3500EXI GENERADOR INVERTER 3500W EXTREME,LUSQTOFF,"ARS 1,366,050.00",,,
,https://firebasestorage.stagebeta.kyte.site/v0/b/kyte-7c484.appspot.com/o/kO7PxYkhJuh8ulF3RSBup3HgPoo1%2Fthumb_280_02E8A34B-76F7-4C4C-B1B9-27F7C4D9F3C3.jpg?alt=media,LG7500EX GENERADOR 15HP MONOFASICO 6500w,LUSQTOFF,"ARS 1,239,000.00",,,
,https://firebasestorage.stagebeta.kyte.site/v0/b/kyte-7c484.appspot.com/o/z8ceXb8w02TssUbULtdA08LxbUz1%2Fthumb_280_96C61D23-982E-4E7A-8009-A035A8D277D9.jpg?alt=media,LG8500EX Generador 8500w Naftero Lusqtoff,LUSQTOFF,"ARS 1,263,045.00",,,
,https://firebasestorage.stagebeta.kyte.site/v0/b/kyte-7c484.appspot.com/o/kO7PxYkhJuh8ulF3RSBup3HgPoo1%2Fthumb_280_9F1240CD-4B22-436B-989E-F92FAA0DA79F.jpg?alt=media,LG8500EXTGenerador 8500w Trifasico Lusqtoff,LUSQTOFF,"ARS 1,543,500.00",,,
,https://firebasestorage.stagebeta.kyte.site/v0/b/kyte-7c484.appspot.com/o/kO7PxYkhJuh8ulF3RSBup3HgPoo1%2Fthumb_280_1XMUlOVYqhBHoq1JeLceEQ%3D%3D.jpg?alt=media,LGSOL-8 Par de Guante Soldador Lusqtoff,LUSQTOFF,"ARS 9,135.00",,,
,https://firebasestorage.stagebeta.kyte.site/v0/b/kyte-7c484.appspot.com/o/kO7PxYkhJuh8ulF3RSBup3HgPoo1%2Fthumb_280_1ACD0FD1-5BD6-4B85-8742-C819A2F93948.jpg?alt=media,LGSOLPRO-9 Par de Guante PRO Soldador Lusqtoff,LUSQTOFF,"ARS 14,700.00",,,
,https://firebasestorage.stagebeta.kyte.site/v0/b/kyte-7c484.appspot.com/o/kO7PxYkhJuh8ulF3RSBup3HgPoo1%2Fthumb_280_69761EE4-DDC3-403E-AB2F-D73514416E0A.jpg?alt=media,Lhlz lanza universal para hidrolavadora,LUSQTOFF,"ARS 29,295.00",,,
,https://firebasestorage.stagebeta.kyte.site/v0/b/kyte-7c484.appspot.com/o/z8ceXb8w02TssUbULtdA08LxbUz1%2Fthumb_280_70BFA36F-D074-4701-8EB8-6732E746B5D7.jpg?alt=media,Lijadora Orbital 260w 110x110mm Lusqtoff LOL260-8,LUSQTOFF,"ARS 51,975.00",,,
,https://firebasestorage.stagebeta.kyte.site/v0/b/kyte-7c484.appspot.com/o/kO7PxYkhJuh8ulF3RSBup3HgPoo1%2Fthumb_280_nP%2BFdcjYXUrCIjZeQX7hpg%3D%3D.jpg?alt=media,Lijadora Roto Orbital 300w 125mm Lusqtoff LRL300-8,LUSQTOFF,"ARS 58,800.00",,,
,https://firebasestorage.stagebeta.kyte.site/v0/b/kyte-7c484.appspot.com/o/uNiBt23xEeTLHc6qq0SczvMaNPf1%2Fthumb_280_07K24gLWWgeHD2fxELIMw%3D%3D.jpg?alt=media,Lijadora Roto Orbital Neumatica Lusqtoff LX-4076,LUSQTOFF,"ARS 68,565.00",,,
,https://firebasestorage.stagebeta.kyte.site/v0/b/kyte-7c484.appspot.com/o/uNiBt23xEeTLHc6qq0SczvMaNPf1%2Fthumb_280_85AB7997-48B4-4FFF-9864-B9DF85D00459.jpg?alt=media,LIl1500-9 Llave de Impacto Lusqtoff BlackSeries,LUSQTOFF,"ARS 426,195.00",,,
,https://firebasestorage.stagebeta.kyte.site/v0/b/kyte-7c484.appspot.com/o/ZFyc7Bt6RkXUMOZjV0nJrgbWuBK2%2Fthumb_280_mCzml1ed1HJ8svbTEFuIbQ%3D%3D.jpg?alt=media,LIL1900-9B LLAVE DE IMPACTO A BATERIA 1/2,LUSQTOFF,"ARS 138,300.00",,,COD: LIL1900-9B
,https://firebasestorage.stagebeta.kyte.site/v0/b/kyte-7c484.appspot.com/o/ZFyc7Bt6RkXUMOZjV0nJrgbWuBK2%2Fthumb_280_7A488C51-24F5-46AB-BC1D-09487F712E91.jpg?alt=media,LIL600-8BK Llave de Impacto 600 Nm Lusqtoff,LUSQTOFF,"ARS 189,700.00",,,COD: LIL600-8BK
,https://firebasestorage.stagebeta.kyte.site/v0/b/kyte-7c484.appspot.com/o/kO7PxYkhJuh8ulF3RSBup3HgPoo1%2Fthumb_280_530D63F9-AD4B-49FB-8B46-DB62EA0C8C76.jpg?alt=media,Limpiador a Vapor 1050w Lusqtoff LQLV-1050,LUSQTOFF,"ARS 93,870.00",,,
,https://firebasestorage.stagebeta.kyte.site/v0/b/kyte-7c484.appspot.com/o/kO7PxYkhJuh8ulF3RSBup3HgPoo1%2Fthumb_280_l2L7wtsnHblR8J6A63i5xg%3D%3D.jpg?alt=media,Ll-27 Pistola de pintar -160l/min lusqtoff,LUSQTOFF,"ARS 51,450.00",,,
,https://firebasestorage.stagebeta.kyte.site/v0/b/kyte-7c484.appspot.com/o/uNiBt23xEeTLHc6qq0SczvMaNPf1%2Fthumb_280_9FB03BF9-F1B7-4E9C-8E66-BC0C1135CC55.jpg?alt=media,Llave crique con tubos Lusqtoff JBL11-8,LUSQTOFF,"ARS 40,950.00",,,
,https://firebasestorage.stagebeta.kyte.site/v0/b/kyte-7c484.appspot.com/o/kO7PxYkhJuh8ulF3RSBup3HgPoo1%2Fthumb_280_l4OqlvUMtb7ZOf4h57uNfQ%3D%3D.jpg?alt=media,"Llave de Impacto 1/2"" 900w Lusqtoff LIL900-8",LUSQTOFF,"ARS 145,500.00",,,
,https://firebasestorage.stagebeta.kyte.site/v0/b/kyte-7c484.appspot.com/o/kO7PxYkhJuh8ulF3RSBup3HgPoo1%2Fthumb_280_FE5BC35B-BCFA-46BB-9684-2F41AFD2C5A3.jpg?alt=media,"Llave de Impacto 1/2"" 750nm Lusqtoff LIL800-9BK",LUSQTOFF,"ARS 359,100.00",,,
,https://firebasestorage.stagebeta.kyte.site/v0/b/kyte-7c484.appspot.com/o/kO7PxYkhJuh8ulF3RSBup3HgPoo1%2Fthumb_280_Z%2BGhfvcXHP2qdmCQ3qbMA%3D%3D.jpg?alt=media,"Llave de Impacto 1/2"" Lusqtoff LIL530-8B",LUSQTOFF,"ARS 293,895.00",,,
,https://firebasestorage.stagebeta.kyte.site/v0/b/kyte-7c484.appspot.com/o/UxJDx4tXqVMwdhW1pLbTXZQNXC03%2Fthumb_280_0a841ddd-130c-437f-8968-f0aa23a229c9.jpg?alt=media,Llave mandril LMM13M9,LUSQTOFF,"ARS 1,564.50",,,
,https://firebasestorage.stagebeta.kyte.site/v0/b/kyte-7c484.appspot.com/o/kO7PxYkhJuh8ulF3RSBup3HgPoo1%2Fthumb_280_2C203CCD-26DE-4E46-8CAA-122306C0FE3B.jpg?alt=media,LLP-250 Bomba sumergible 3 en 1,LUSQTOFF,"ARS 65,089.50",,,
,https://firebasestorage.stagebeta.kyte.site/v0/b/kyte-7c484.appspot.com/o/kO7PxYkhJuh8ulF3RSBup3HgPoo1%2Fthumb_280_jCkUq3YeDbXMZpWvtXmCmw%3D%3D.jpg?alt=media,LM200 MOTOR NAFTERO 6.5 HP 3600RPM,LUSQTOFF,"ARS 197,400.00",,,
,https://firebasestorage.stagebeta.kyte.site/v0/b/kyte-7c484.appspot.com/o/z8ceXb8w02TssUbULtdA08LxbUz1%2Fthumb_280_522B877C-9DA3-40B8-96DB-052FB6E1F8DA.jpg?alt=media,LM420 Motor Naftero 15hp Lusqtoff,LUSQTOFF,"ARS 388,500.00",,,
,https://firebasestorage.stagebeta.kyte.site/v0/b/kyte-7c484.appspot.com/o/kO7PxYkhJuh8ulF3RSBup3HgPoo1%2Fthumb_280_21pLo100B8LaQnJCwZQpog%3D%3D.jpg?alt=media,Lm420e MOTOR NAFTERO 15HP 3600RPM A /EL,LUSQTOFF,"ARS 398,989.50",,,
,https://firebasestorage.stagebeta.kyte.site/v0/b/kyte-7c484.appspot.com/o/ZFyc7Bt6RkXUMOZjV0nJrgbWuBK2%2Fthumb_280_hau9kZoXyjfHTppdOVAmjw%3D%3D.jpg?alt=media,"LMP1003 Morsa Profesional de Banco 3"" Lusqtoff",LUSQTOFF,"ARS 91,875.00",,,COD: LMP1003
,https://firebasestorage.stagebeta.kyte.site/v0/b/kyte-7c484.appspot.com/o/ZFyc7Bt6RkXUMOZjV0nJrgbWuBK2%2Fthumb_280_A9p9kvKQMK9pLt38mUyD4w%3D%3D.jpg?alt=media,"LMP1004 Morsa Profesional de Banco 4"" Lusqtoff",LUSQTOFF,"ARS 141,330.00",,,COD: LMP1004
,https://firebasestorage.stagebeta.kyte.site/v0/b/kyte-7c484.appspot.com/o/ZFyc7Bt6RkXUMOZjV0nJrgbWuBK2%2Fthumb_280_xJsNCYDJPM4ayw6N1yEXhA%3D%3D.jpg?alt=media,"LMP1005 Morsa Profesional de Banco 5"" Lusqtoff",LUSQTOFF,"ARS 190,050.00",,,COD: LMP1005
,https://firebasestorage.stagebeta.kyte.site/v0/b/kyte-7c484.appspot.com/o/z8ceXb8w02TssUbULtdA08LxbUz1%2Fthumb_280_0107FC88-01C0-45B3-8F63-90601AE9A279.jpg?alt=media,LMR160-9 Motor Naftero 5.5hp Lusqtoff,LUSQTOFF,"ARS 154,350.00",,,
,https://firebasestorage.stagebeta.kyte.site/v0/b/kyte-7c484.appspot.com/o/kO7PxYkhJuh8ulF3RSBup3HgPoo1%2Fthumb_280_5526A870-F147-4867-B56A-CD931B5FB6A5.jpg?alt=media,LPA40-7 BOMBA PRESURIZADORA C/SOPORTE,LUSQTOFF,"ARS 86,089.50",,,
,https://firebasestorage.stagebeta.kyte.site/v0/b/kyte-7c484.appspot.com/o/kO7PxYkhJuh8ulF3RSBup3HgPoo1%2Fthumb_280_5FJypWR4OUlOSVxGsg1C3A%3D%3D.jpg?alt=media,LQ-100 BALANCEADOR DE NEUMATICOS 10-24,LUSQTOFF,"ARS 1,879,500.00",,,
,https://firebasestorage.stagebeta.kyte.site/v0/b/kyte-7c484.appspot.com/o/kO7PxYkhJuh8ulF3RSBup3HgPoo1%2Fthumb_280_eel1ZAR70ym7VnWtgk44w%3D%3D.jpg?alt=media,Lq10ft-3 Saltarina 305cm diametro,LUSQTOFF,"ARS 385,400.00",,,
,https://firebasestorage.stagebeta.kyte.site/v0/b/kyte-7c484.appspot.com/o/ZFyc7Bt6RkXUMOZjV0nJrgbWuBK2%2Fthumb_280_lWwEPtatEYZMRX5TIZqJeg%3D%3D.jpg?alt=media,LQ2007 Criquet Botella 20TN Lusqtoff,LUSQTOFF,"ARS 102,900.00",,,COD: LQ2007
,https://firebasestorage.stagebeta.kyte.site/v0/b/kyte-7c484.appspot.com/o/kO7PxYkhJuh8ulF3RSBup3HgPoo1%2Fthumb_280_9tL%2Brv5j%2Bz8pl7rviAbGdA%3D%3D.jpg?alt=media,LQ390 ANTIADHERENTE EN AEROSOL 440cc,LUSQTOFF,"ARS 8,715.00",,,
,https://firebasestorage.stagebeta.kyte.site/v0/b/kyte-7c484.appspot.com/o/kO7PxYkhJuh8ulF3RSBup3HgPoo1%2Fthumb_280_E54D65F3-192F-4616-81E6-D9A3C6C7ABF9.jpg?alt=media,LQ4-PACK-100 ELECTROBOMBA SUMERGIBLE POZO PROF 4'',LUSQTOFF,"ARS 199,500.00",,,
,https://firebasestorage.stagebeta.kyte.site/v0/b/kyte-7c484.appspot.com/o/kO7PxYkhJuh8ulF3RSBup3HgPoo1%2Fthumb_280_A017FC4C-674F-4B7E-AA84-9A49BA7A30AD.jpg?alt=media,Lq4-pack-120m ELECTROBOMBA SUMERGIBLE 220v-50,LUSQTOFF,"ARS 205,800.00",,,
,https://firebasestorage.stagebeta.kyte.site/v0/b/kyte-7c484.appspot.com/o/kO7PxYkhJuh8ulF3RSBup3HgPoo1%2Fthumb_280_FD846F6A-064E-45E0-B794-049E889C7434.jpg?alt=media,LQ4-PACK-70 ELECTROBOMBA SUMERGIBLE POZO PROF,LUSQTOFF,"ARS 117,600.00",,,
,https://firebasestorage.stagebeta.kyte.site/v0/b/kyte-7c484.appspot.com/o/kO7PxYkhJuh8ulF3RSBup3HgPoo1%2Fthumb_280_mBE7WnQJoLYNgfD4JftA7A%3D%3D.jpg?alt=media,LQ4-PACK-80MEX ELECTROBOMBA SUMERGIBLE 220V,LUSQTOFF,"ARS 160,639.50",,,
,https://firebasestorage.stagebeta.kyte.site/v0/b/kyte-7c484.appspot.com/o/kO7PxYkhJuh8ulF3RSBup3HgPoo1%2Fthumb_280_0B7D8BC6-3A7B-466E-9537-82AF1D208B8C.jpg?alt=media,LQ50-04N SOMBRILLA C/PIE 3MTS UV NEGRO,LUSQTOFF,"ARS 249,690.00",,,
,https://firebasestorage.stagebeta.kyte.site/v0/b/kyte-7c484.appspot.com/o/uNiBt23xEeTLHc6qq0SczvMaNPf1%2Fthumb_280_f8UHBQYVjku7AQkPFamIMA%3D%3D.jpg?alt=media,LQ500B Cortadora de Césped a Explosión 6.5hp Lusqtoff,LUSQTOFF,"ARS 564,900.00",,,COD: LQ500B
,https://firebasestorage.stagebeta.kyte.site/v0/b/kyte-7c484.appspot.com/o/kO7PxYkhJuh8ulF3RSBup3HgPoo1%2Fthumb_280_FBD313B3-7439-4337-9563-296B5B429E16.jpg?alt=media,LQ520B Cortadora de Cesped Nafta 6.5hp Autopropulsada Lusqtoff,LUSQTOFF,"ARS 681,450.00",,,COD: LQ520B
,https://firebasestorage.stagebeta.kyte.site/v0/b/kyte-7c484.appspot.com/o/uNiBt23xEeTLHc6qq0SczvMaNPf1%2Fthumb_280_j%2Bj7t1UIKm7SFt0afACCg%3D%3D.jpg?alt=media,"LQAL-065 Rollo Alambre MIG 0,6mm x5kg",LUSQTOFF,"ARS 37,800.00",,,
,https://firebasestorage.stagebeta.kyte.site/v0/b/kyte-7c484.appspot.com/o/uNiBt23xEeTLHc6qq0SczvMaNPf1%2Fthumb_280_YxweX5qeHKsd7ZBwci%2BFA%3D%3D.jpg?alt=media,"LQAL-085 Rollo Alambre MIG 0,8mm x5kg Lusqtoff",LUSQTOFF,"ARS 32,550.00",,,
,https://firebasestorage.stagebeta.kyte.site/v0/b/kyte-7c484.appspot.com/o/uNiBt23xEeTLHc6qq0SczvMaNPf1%2Fthumb_280_3lNr8mJJoKbwPYRI%2BeA26g%3D%3D.jpg?alt=media,"LQAL-095 Rollo Alambre MIG 0,9mm x5kg Lusqtoff",LUSQTOFF,"ARS 30,450.00",,,
,https://firebasestorage.stagebeta.kyte.site/v0/b/kyte-7c484.appspot.com/o/kO7PxYkhJuh8ulF3RSBup3HgPoo1%2Fthumb_280_48ADC84F-E406-441D-AD1F-D8E6B5A3768E.jpg?alt=media,Lqap-220 alisador de pared electrico,LUSQTOFF,"ARS 309,750.00",,,
,https://firebasestorage.stagebeta.kyte.site/v0/b/kyte-7c484.appspot.com/o/kO7PxYkhJuh8ulF3RSBup3HgPoo1%2Fthumb_280_CF074476-5A22-4F48-8128-4CF9F82B2F19.jpg?alt=media,LQAP-220B Alisador de P. C/Bol Rec. Y LED,LUSQTOFF,"ARS 257,250.00",,,
,https://firebasestorage.stagebeta.kyte.site/v0/b/kyte-7c484.appspot.com/o/kO7PxYkhJuh8ulF3RSBup3HgPoo1%2Fthumb_280_60BBE400-F0CC-4E36-8728-D937C82B2870.jpg?alt=media,LQC-100 Carro Plegable Aluminio Lüsqtoff Lqc-100,LUSQTOFF,"ARS 61,320.00",,PRECIO SIN IVA INCLUIDO,
,https://firebasestorage.stagebeta.kyte.site/v0/b/kyte-7c484.appspot.com/o/uNiBt23xEeTLHc6qq0SczvMaNPf1%2Fthumb_280_74D6202B-06D5-49D9-B0EF-E910ADDE939A.jpg?alt=media,LQC3-5EX Crique Extrachato 3.5TN Lusqtoff,LUSQTOFF,"ARS 470,400.00",,,
,https://firebasestorage.stagebeta.kyte.site/v0/b/kyte-7c484.appspot.com/o/uNiBt23xEeTLHc6qq0SczvMaNPf1%2Fthumb_280_098CF5CE-C8CB-49C2-8B1A-D541CD3C420D.jpg?alt=media,LQCH45-9X CAJON DE HERRAMIENTAS 45 KG,LUSQTOFF,"ARS 93,702.00",,,COD: LQCH45-9X
,https://firebasestorage.stagebeta.kyte.site/v0/b/kyte-7c484.appspot.com/o/ZFyc7Bt6RkXUMOZjV0nJrgbWuBK2%2Fthumb_280_E9B0357F-0064-4D5D-8E8F-44DC47AF7966.jpg?alt=media,LQCH50-9X CAJON DE HERRAMIENTAS 50 KG,LUSQTOFF,"ARS 140,175.00",,,COD: LQCH50-9X
,https://firebasestorage.stagebeta.kyte.site/v0/b/kyte-7c484.appspot.com/o/ZFyc7Bt6RkXUMOZjV0nJrgbWuBK2%2Fthumb_280_FAA63166-32E1-4EDA-8728-3E268AB11AE2.jpg?alt=media,LQCH70-9X CAJON DE HERRAMIENTAS 70 KG,LUSQTOFF,"ARS 153,825.00",,,COD: LQCH70-9X
,https://firebasestorage.stagebeta.kyte.site/v0/b/kyte-7c484.appspot.com/o/kO7PxYkhJuh8ulF3RSBup3HgPoo1%2Fthumb_280_gmwjhDKWbF1t0kMZetXRCw%3D%3D.jpg?alt=media,LQE6003 Escuadra Magnetica 5/34 kg Lusqtoff,LUSQTOFF,"ARS 10,290.00",,,
,https://firebasestorage.stagebeta.kyte.site/v0/b/kyte-7c484.appspot.com/o/kO7PxYkhJuh8ulF3RSBup3HgPoo1%2Fthumb_280_I4J1jObV1GZGXNW5pXxWEA%3D%3D.jpg?alt=media,LQE6012 Escuadra Magnetica Esquinera Lusqtoff,LUSQTOFF,"ARS 7,245.00",,,
,https://firebasestorage.stagebeta.kyte.site/v0/b/kyte-7c484.appspot.com/o/kO7PxYkhJuh8ulF3RSBup3HgPoo1%2Fthumb_280_S9WE08Co3gQ2PdbSUlDVg%3D%3D.jpg?alt=media,LQE6012R Escuadra Magnetica Esquinera Lusqtoff (copia),LUSQTOFF,"ARS 6,090.00",,,
,https://firebasestorage.stagebeta.kyte.site/v0/b/kyte-7c484.appspot.com/o/kO7PxYkhJuh8ulF3RSBup3HgPoo1%2Fthumb_280_KU6h0WCxiiRClmIj8kYPwg%3D%3D.jpg?alt=media,LQFLAP120 Disco Flap 115mm GR120 Lusqtoff,LUSQTOFF,"ARS 1,260.00",,,
,https://firebasestorage.stagebeta.kyte.site/v0/b/kyte-7c484.appspot.com/o/kO7PxYkhJuh8ulF3RSBup3HgPoo1%2Fthumb_280_rzr3wZBEWWMRaQmien8%2Bw%3D%3D.jpg?alt=media,LQFLAP40 Disco Flap 115mm GR40 Lusqtoff,LUSQTOFF,"ARS 1,260.00",,,
,https://firebasestorage.stagebeta.kyte.site/v0/b/kyte-7c484.appspot.com/o/kO7PxYkhJuh8ulF3RSBup3HgPoo1%2Fthumb_280_kv9YWdxejTk1dkuR7Twm0g%3D%3D.jpg?alt=media,LQFLAP60 Disco Flap 115mm GR60 Lusqtoff,LUSQTOFF,"ARS 1,260.00",,,
,https://firebasestorage.stagebeta.kyte.site/v0/b/kyte-7c484.appspot.com/o/kO7PxYkhJuh8ulF3RSBup3HgPoo1%2Fthumb_280_oQmlDhjxFt3rTZs9NMDSlg%3D%3D.jpg?alt=media,LQFLAP80 Disco Flap 115mm GR80 Lusqtoff,LUSQTOFF,"ARS 1,260.00",,,
,https://firebasestorage.stagebeta.kyte.site/v0/b/kyte-7c484.appspot.com/o/kO7PxYkhJuh8ulF3RSBup3HgPoo1%2Fthumb_280_wlFvk5lpWDaqFwSHyzUaA%3D%3D.jpg?alt=media,LQFLUX061 ROLLO DE ALAMBRE FLUX 0.6MM 1KG,LUSQTOFF,"ARS 14,175.00",,,
,https://firebasestorage.stagebeta.kyte.site/v0/b/kyte-7c484.appspot.com/o/z8ceXb8w02TssUbULtdA08LxbUz1%2Fthumb_280_6vy8yto6u%2BiWto2KZf9Dpw%3D%3D.jpg?alt=media,LQFLUX081 Alambre Flux 0.8mm 1kg Lusqtoff,LUSQTOFF,"ARS 11,130.00",,,
,https://firebasestorage.stagebeta.kyte.site/v0/b/kyte-7c484.appspot.com/o/kO7PxYkhJuh8ulF3RSBup3HgPoo1%2Fthumb_280_qtgCWPlCEdzREXnhhvlgw%3D%3D.jpg?alt=media,"LQFLUX0812 ALAMBRE PARA SOLDAR x0.45KG 0,8MM",LUSQTOFF,"ARS 6,195.00",,,COD: 7798225229957
,https://firebasestorage.stagebeta.kyte.site/v0/b/kyte-7c484.appspot.com/o/kO7PxYkhJuh8ulF3RSBup3HgPoo1%2Fthumb_280_2kmlEbRMXC4eAzFWgnK2eA%3D%3D.jpg?alt=media,LQFLUX085 Alambre para soldar x5KG 0.8MM,LUSQTOFF,"ARS 48,195.00",,,
,https://firebasestorage.stagebeta.kyte.site/v0/b/kyte-7c484.appspot.com/o/kO7PxYkhJuh8ulF3RSBup3HgPoo1%2Fthumb_280_41AA1941-7046-4B2D-B60D-45D1A9C8A7D6.jpg?alt=media,LQFLUX091 1kg alambre para soldar Flux (con gas),LUSQTOFF,"ARS 11,130.00",,PRECIO SIN IVA INCLUIDO ) Alambre flux para soldar LUSQTOFF C 1 kg,COD: LQFLUX091
,https://firebasestorage.stagebeta.kyte.site/v0/b/kyte-7c484.appspot.com/o/z8ceXb8w02TssUbULtdA08LxbUz1%2Fthumb_280_Hh%2BrRlTVVpL0EYllhdEow%3D%3D.jpg?alt=media,LQFLUX0912 Alambre para Soldar x0.45kg Lusqtoff,LUSQTOFF,"ARS 6,090.00",,,
,https://firebasestorage.stagebeta.kyte.site/v0/b/kyte-7c484.appspot.com/o/kO7PxYkhJuh8ulF3RSBup3HgPoo1%2Fthumb_280_99D329E4-EA6C-48EA-AC9C-AC20A666FDB4.jpg?alt=media,(Lqflux095) 5kg alambre Flux con gas para soldadora mig LUSQTOFF,LUSQTOFF,"ARS 46,095.00",,PRECIO SIN IVA INCLUIDO ) Alambre Flux con gas para soldadora mig . LUSQTOFF,
,https://firebasestorage.stagebeta.kyte.site/v0/b/kyte-7c484.appspot.com/o/kO7PxYkhJuh8ulF3RSBup3HgPoo1%2Fthumb_280_E753BD25-FA96-4805-92C3-7E56E14AF549.jpg?alt=media,LQH91204 CRIQUET BOTELLA 12TN,LUSQTOFF,"ARS 71,400.00",,,
,https://firebasestorage.stagebeta.kyte.site/v0/b/kyte-7c484.appspot.com/o/ZFyc7Bt6RkXUMOZjV0nJrgbWuBK2%2Fthumb_280_z8n1%2BaTHVZeLxKUI6qZn0g%3D%3D.jpg?alt=media,LQI2000-9 SIERRA INGLETADORA 2000w PROF,LUSQTOFF,"ARS 512,400.00",,,COD: LQI2000-9
,https://firebasestorage.stagebeta.kyte.site/v0/b/kyte-7c484.appspot.com/o/kO7PxYkhJuh8ulF3RSBup3HgPoo1%2Fthumb_280_74753A30-BCB8-4022-9863-388DB4C61B44.jpg?alt=media,LQLB-250 Lijadora De Banda Banco Combinada Lusqtoff 440 Watts,LUSQTOFF,"ARS 204,750.00",,PRECIO SIN IVA INCLUIDO,
,https://firebasestorage.stagebeta.kyte.site/v0/b/kyte-7c484.appspot.com/o/ZFyc7Bt6RkXUMOZjV0nJrgbWuBK2%2Fthumb_280_1A65CE0C-561C-4BBB-B7D3-49AEF6909B90.jpg?alt=media,"LQMCP-8 Casco Forestal Certificado hasta 29,1 DB Lusqtoff",LUSQTOFF,"ARS 63,525.00",,,COD: LQMCP-8
,https://firebasestorage.stagebeta.kyte.site/v0/b/kyte-7c484.appspot.com/o/kO7PxYkhJuh8ulF3RSBup3HgPoo1%2Fthumb_280_E141CDE2-73A1-4CB8-8295-697FD5B5D38A.jpg?alt=media,LQROD-20 RODILLO RECARGABLE CON ACCESORIOS,LUSQTOFF,"ARS 29,190.00",,PRECIO SIN IVA INCLUIDO.,
,https://firebasestorage.stagebeta.kyte.site/v0/b/kyte-7c484.appspot.com/o/kO7PxYkhJuh8ulF3RSBup3HgPoo1%2Fthumb_280_936E7702-BCE2-4166-A9F4-FD116FF9FF95.jpg?alt=media,LQSMARTER25 BOMBA ELEVADORA 25M 0.5 HP,LUSQTOFF,"ARS 162,750.00",,,
,https://firebasestorage.stagebeta.kyte.site/v0/b/kyte-7c484.appspot.com/o/kO7PxYkhJuh8ulF3RSBup3HgPoo1%2Fthumb_280_16D091A5-1FEA-4AF1-B824-DA5BAE95C399.jpg?alt=media,Lr-02 Remachadora neumatica,LUSQTOFF,"ARS 69,405.00",,,
,https://firebasestorage.stagebeta.kyte.site/v0/b/kyte-7c484.appspot.com/o/ZFyc7Bt6RkXUMOZjV0nJrgbWuBK2%2Fthumb_280_00819D58-4547-4DC1-8490-12B6A0FF38CD.jpg?alt=media,LR5.0-9B Remachadora a Batería,LUSQTOFF,"ARS 256,200.00",,,COD: LR5.0-9B
,https://firebasestorage.stagebeta.kyte.site/v0/b/kyte-7c484.appspot.com/o/kO7PxYkhJuh8ulF3RSBup3HgPoo1%2Fthumb_280_C9FEC079-BA77-4CC1-9399-4DFD8A91B02C.jpg?alt=media,Lt-590 Hidrolavadora Electrica 2800w Lusqtoff,LUSQTOFF,"ARS 472,500.00",,,COD: Lt-590
,https://firebasestorage.stagebeta.kyte.site/v0/b/kyte-7c484.appspot.com/o/uNiBt23xEeTLHc6qq0SczvMaNPf1%2Fthumb_280_4D423413-AA50-4254-99D9-95829D8BE94F.jpg?alt=media,Lubricante MultiProposito 280ml Lusqtoff ACL40,LUSQTOFF,"ARS 4,410.00",,,
,https://firebasestorage.stagebeta.kyte.site/v0/b/kyte-7c484.appspot.com/o/kO7PxYkhJuh8ulF3RSBup3HgPoo1%2Fthumb_280_5142A22A-03F1-4738-86D7-85FDFEB8EC20.jpg?alt=media,Lustradora Pulidora 600w Lusqtoff PDL600-8,LUSQTOFF,"ARS 261,030.00",,,
,https://firebasestorage.stagebeta.kyte.site/v0/b/kyte-7c484.appspot.com/o/uNiBt23xEeTLHc6qq0SczvMaNPf1%2Fthumb_280_1D0AE049-522D-4C5A-A977-B446BB5BFC41.jpg?alt=media,Lustralijadora 1300W Lusqtoff LJL1300-8,LUSQTOFF,"ARS 143,500.00",,,
,https://firebasestorage.stagebeta.kyte.site/v0/b/kyte-7c484.appspot.com/o/kO7PxYkhJuh8ulF3RSBup3HgPoo1%2Fthumb_280_naLwkAZGSW6mxD8Hd32Zyw%3D%3D.jpg?alt=media,Lvel125120-9 lija velcro 125mm “120” x6unidades,LUSQTOFF,"ARS 3,034.50",,,
,https://firebasestorage.stagebeta.kyte.site/v0/b/kyte-7c484.appspot.com/o/kO7PxYkhJuh8ulF3RSBup3HgPoo1%2Fthumb_280_%2BvmfVCtNJDR0BqB%2BuML%2Bg%3D%3D.jpg?alt=media,Lvel125180-9 lija velcro 125mm “180” x6unidades,LUSQTOFF,"ARS 3,034.50",,,
,https://firebasestorage.stagebeta.kyte.site/v0/b/kyte-7c484.appspot.com/o/kO7PxYkhJuh8ulF3RSBup3HgPoo1%2Fthumb_280_RHKhQBllwvDuD0n3mDcKg%3D%3D.jpg?alt=media,Lvel12540-9 lija velcro 125mm “40” x6unidades,LUSQTOFF,"ARS 3,034.50",,,
,https://firebasestorage.stagebeta.kyte.site/v0/b/kyte-7c484.appspot.com/o/kO7PxYkhJuh8ulF3RSBup3HgPoo1%2Fthumb_280_HlrF3KwfBMWwu4K1AU0u6w%3D%3D.jpg?alt=media,Lvel12560-9 lija velcro 125mm “60” x6unidades,LUSQTOFF,"ARS 3,034.50",,,
,https://firebasestorage.stagebeta.kyte.site/v0/b/kyte-7c484.appspot.com/o/kO7PxYkhJuh8ulF3RSBup3HgPoo1%2Fthumb_280_R3DpCk2rFv0IoLHstrlNAQ%3D%3D.jpg?alt=media,Lvel12580-9 lija velcro 125mm “80” x6unidades,LUSQTOFF,"ARS 3,034.50",,,
,https://firebasestorage.stagebeta.kyte.site/v0/b/kyte-7c484.appspot.com/o/z8ceXb8w02TssUbULtdA08LxbUz1%2Fthumb_280_C7C063A0-EB94-4D15-9347-C153BDC0EEE5.jpg?alt=media,Maletin 107pcs con Taladro Lusqtoff LQCT107-8K,LUSQTOFF,"ARS 201,600.00",,,
,https://firebasestorage.stagebeta.kyte.site/v0/b/kyte-7c484.appspot.com/o/z8ceXb8w02TssUbULtdA08LxbUz1%2Fthumb_280_13ED520F-344B-45BB-87AC-333985A1E5A9.jpg?alt=media,Maletin 245 Lusqtoff LQCM245-8,LUSQTOFF,"ARS 247,800.00",,,
,https://firebasestorage.stagebeta.kyte.site/v0/b/kyte-7c484.appspot.com/o/yqjNgIWNHSPtDU8IsxdtNJ9QjBh2%2Fthumb_280_IJbdfGWRtqbkYLW0aurSw%3D%3D.jpg?alt=media,MANGUERA ESPIRALADA COMPRESOR 15M LUSQTOFF,LUSQTOFF,ARS 0.01,,,
,https://firebasestorage.stagebeta.kyte.site/v0/b/kyte-7c484.appspot.com/o/z8ceXb8w02TssUbULtdA08LxbUz1%2Fthumb_280_A5iZcbJar4FI16F39PtQew%3D%3D.jpg?alt=media,Manguera Hidro Lusqtoff LHMG,LUSQTOFF,"ARS 20,895.00",,,
,https://firebasestorage.stagebeta.kyte.site/v0/b/kyte-7c484.appspot.com/o/uNiBt23xEeTLHc6qq0SczvMaNPf1%2Fthumb_280_7eo760MZc7KFRQ3U3NvmtA%3D%3D.jpg?alt=media,Maquina Pistola de Atar Hierro Lusqtoff LA08,LUSQTOFF,"ARS 570,150.00",,,
,https://firebasestorage.stagebeta.kyte.site/v0/b/kyte-7c484.appspot.com/o/z8ceXb8w02TssUbULtdA08LxbUz1%2Fthumb_280_CadhRXXzZgftPiBNKEeqNQ%3D%3D.jpg?alt=media,Masajeador de Cuello y Cervical Lusqtoff MJCL8-8,LUSQTOFF,"ARS 44,100.00",,,
,https://firebasestorage.stagebeta.kyte.site/v0/b/kyte-7c484.appspot.com/o/z8ceXb8w02TssUbULtdA08LxbUz1%2Fthumb_280_lbCuu8W2m4EGAoqn72ZMaQ%3D%3D.jpg?alt=media,Mascara Fotosensible Lusqtoff ST-1B,LUSQTOFF,"ARS 69,700.00",,,
,https://firebasestorage.stagebeta.kyte.site/v0/b/kyte-7c484.appspot.com/o/z8ceXb8w02TssUbULtdA08LxbUz1%2Fthumb_280_7D60AFD9-88BA-4E1F-9730-DEF839E0750E.jpg?alt=media,Mascara Fotosensible Lusqtoff ST-1N,LUSQTOFF,"ARS 29,600.00",,$19.500 c/u Caja cerrada por 20unidades,
Mascara Fotosensible Lusqtoff ST-IRONMAN,,Mascara Fotosensible Lusqtoff ST-IRONMAN,LUSQTOFF,"ARS 41,580.00",,,
,https://firebasestorage.stagebeta.kyte.site/v0/b/kyte-7c484.appspot.com/o/kO7PxYkhJuh8ulF3RSBup3HgPoo1%2Fthumb_280_E0A3EF8A-8013-43FD-B79B-17E158E2638A.jpg?alt=media,Mate 300ml Azul Lusqtoff MATLA-9,LUSQTOFF,"ARS 17,535.00",,,
,https://firebasestorage.stagebeta.kyte.site/v0/b/kyte-7c484.appspot.com/o/kO7PxYkhJuh8ulF3RSBup3HgPoo1%2Fthumb_280_D4D60A5C-7D47-47DE-8B96-7B21D758313E.jpg?alt=media,Mate 300ml Blanco Lusqtoff MATLB-9,LUSQTOFF,"ARS 17,535.00",,,COD: 7799108042434
,https://firebasestorage.stagebeta.kyte.site/v0/b/kyte-7c484.appspot.com/o/z8ceXb8w02TssUbULtdA08LxbUz1%2Fthumb_280_27719E59-1235-468A-8671-963A6DE5BCAD.jpg?alt=media,Mate 300ml Camuflado Lusqtoff MATLC-9,LUSQTOFF,"ARS 17,535.00",,,
,https://firebasestorage.stagebeta.kyte.site/v0/b/kyte-7c484.appspot.com/o/kO7PxYkhJuh8ulF3RSBup3HgPoo1%2Fthumb_280_F00673DF-EC70-43E6-8F5B-1104EB4B8789.jpg?alt=media,Mate 300ml Naranja Lusqtoff MATLNJ-9,LUSQTOFF,"ARS 17,535.00",,,
,https://firebasestorage.stagebeta.kyte.site/v0/b/kyte-7c484.appspot.com/o/kO7PxYkhJuh8ulF3RSBup3HgPoo1%2Fthumb_280_F84750CD-2FEA-45A4-84C0-3EF7DE5A0753.jpg?alt=media,Mate 300ml Negro Lusqtoff MATLN-9,LUSQTOFF,"ARS 17,535.00",,,
,https://firebasestorage.stagebeta.kyte.site/v0/b/kyte-7c484.appspot.com/o/kO7PxYkhJuh8ulF3RSBup3HgPoo1%2Fthumb_280_E348E46D-879A-4AD2-ADFD-2EDDA1638C98.jpg?alt=media,Mate 300ml Rosa Lusqtoff MATLR-9,LUSQTOFF,"ARS 17,535.00",,,
,https://firebasestorage.stagebeta.kyte.site/v0/b/kyte-7c484.appspot.com/o/kO7PxYkhJuh8ulF3RSBup3HgPoo1%2Fthumb_280_3AF4ABCC-6354-4E88-94B2-111C6846F858.jpg?alt=media,Mate 300ml Verde Lusqtoff MATLV-9,LUSQTOFF,"ARS 17,535.00",,,
,https://firebasestorage.stagebeta.kyte.site/v0/b/kyte-7c484.appspot.com/o/uNiBt23xEeTLHc6qq0SczvMaNPf1%2Fthumb_280_8FD54CB2-D89D-4AB9-B3F0-E90A3E9DB5AA.jpg?alt=media,Mate c/Bombilla 300ml Azul Lusqtoff MATLA-8B,LUSQTOFF,"ARS 17,535.00",,,
,https://firebasestorage.stagebeta.kyte.site/v0/b/kyte-7c484.appspot.com/o/uNiBt23xEeTLHc6qq0SczvMaNPf1%2Fthumb_280_96F3BD6F-2F28-4233-9885-FCE3B7494B3A.jpg?alt=media,Mate c/Bombilla 300ml Verde Lusqtoff MATLV-8B,LUSQTOFF,"ARS 17,535.00",,,
,https://firebasestorage.stagebeta.kyte.site/v0/b/kyte-7c484.appspot.com/o/kO7PxYkhJuh8ulF3RSBup3HgPoo1%2Fthumb_280_Re6TtR4av3ycpdnKxGYJyg%3D%3D.jpg?alt=media,MATLB3E-9 MATE 300 ML COLOR BLANCO 3 ESTRELLAS,LUSQTOFF,"ARS 19,215.00",,,
,https://firebasestorage.stagebeta.kyte.site/v0/b/kyte-7c484.appspot.com/o/ZFyc7Bt6RkXUMOZjV0nJrgbWuBK2%2Fthumb_280_BbwVoL9jSgYiYoFBEV37A%3D%3D.jpg?alt=media,MCBL30-8 Manguera Cottugada Bicolor Tube 30M,LUSQTOFF,"ARS 82,950.00",,,COD: MCBL30-8
,https://firebasestorage.stagebeta.kyte.site/v0/b/kyte-7c484.appspot.com/o/kO7PxYkhJuh8ulF3RSBup3HgPoo1%2Fthumb_280_A288F157-84B9-4009-8EA3-F13F16580B60.jpg?alt=media,MCML30-8 MANGUERA CORRUGADA MONOCHROME TUBE 30M,LUSQTOFF,"ARS 50,400.00",,PRECIO SIN IVA INCLUIDO,
,https://firebasestorage.stagebeta.kyte.site/v0/b/kyte-7c484.appspot.com/o/kO7PxYkhJuh8ulF3RSBup3HgPoo1%2Fthumb_280_F7713363-282D-4F91-89D5-E7DF3A3FA104.jpg?alt=media,MDL1050-9 Martillo Demoledor 1050W Lusqtoff,LUSQTOFF,"ARS 128,100.00",,,
,https://firebasestorage.stagebeta.kyte.site/v0/b/kyte-7c484.appspot.com/o/kO7PxYkhJuh8ulF3RSBup3HgPoo1%2Fthumb_280_E6CE37C5-C3A9-46B9-8026-0EB7CF9C1440.jpg?alt=media,MDL1300-9 Martillo Demoledor 1300w Lusqtoff,LUSQTOFF,"ARS 237,100.00",,NO TIENE IVA INCLUIDO.,
,https://firebasestorage.stagebeta.kyte.site/v0/b/kyte-7c484.appspot.com/o/kO7PxYkhJuh8ulF3RSBup3HgPoo1%2Fthumb_280_B63EE4F7-1780-4312-8E02-FB22A96DBF8A.jpg?alt=media,MDL1750-9 Martillo Demoledor 1750w Lusqtoff,LUSQTOFF,"ARS 826,350.00",,,
,https://firebasestorage.stagebeta.kyte.site/v0/b/kyte-7c484.appspot.com/o/kO7PxYkhJuh8ulF3RSBup3HgPoo1%2Fthumb_280_A3978DDF-CC01-4740-919F-38343464B9C2.jpg?alt=media,ME-60 MORSA ESQUINERA ANCHO MORDAZAS 60mm,LUSQTOFF,"ARS 44,415.00",,,
,https://firebasestorage.stagebeta.kyte.site/v0/b/kyte-7c484.appspot.com/o/ZFyc7Bt6RkXUMOZjV0nJrgbWuBK2%2Fthumb_280_IAXnCalPm3MCvLeE5RToag%3D%3D.jpg?alt=media,MEGAIRON140 KIT SOLD. IRON-140 + MASC ST-1X + 2 ESCUADRAS,LUSQTOFF,"ARS 180,600.00",,,COD: MEGAIRON140
,https://firebasestorage.stagebeta.kyte.site/v0/b/kyte-7c484.appspot.com/o/ZFyc7Bt6RkXUMOZjV0nJrgbWuBK2%2Fthumb_280_9%2BFLHQLWSu8u9pRMpfbkQ%3D%3D.jpg?alt=media,MEGAIRON180-9 Kit Soldadora Lusqtoff,LUSQTOFF,"ARS 187,950.00",,,COD: MEGAIRON180-9
,https://firebasestorage.stagebeta.kyte.site/v0/b/kyte-7c484.appspot.com/o/uNiBt23xEeTLHc6qq0SczvMaNPf1%2Fthumb_280_C0532774-377A-4353-9672-1D7020D86BB8.jpg?alt=media,Membrana Techos y Muros Blanco 20kg Lusqtoff MMEMT20-8,LUSQTOFF,"ARS 75,810.00",,,
,https://firebasestorage.stagebeta.kyte.site/v0/b/kyte-7c484.appspot.com/o/ZFyc7Bt6RkXUMOZjV0nJrgbWuBK2%2Fthumb_280_8%2B8rRji%2BfH1RNc1H5VYUGw%3D%3D.jpg?alt=media,MER08 Exhibidor 220x120 Lusqtoff,LUSQTOFF,"ARS 435,750.00",,,COD: MER08
,https://firebasestorage.stagebeta.kyte.site/v0/b/kyte-7c484.appspot.com/o/kO7PxYkhJuh8ulF3RSBup3HgPoo1%2Fthumb_280_PDQtAZTcxmrZ6OGsV2Bxw%3D%3D.jpg?alt=media,Mesa Porta Herramientas Lusqtoff TC-1350,LUSQTOFF,"ARS 86,100.00",,,
,https://firebasestorage.stagebeta.kyte.site/v0/b/kyte-7c484.appspot.com/o/kO7PxYkhJuh8ulF3RSBup3HgPoo1%2Fthumb_280_B1AD0EC2-676E-4E28-ABBA-DCEC3DBFC28D.jpg?alt=media,Mfos26-9 mecha fostner 26Mm,LUSQTOFF,"ARS 7,560.00",,,
,https://firebasestorage.stagebeta.kyte.site/v0/b/kyte-7c484.appspot.com/o/kO7PxYkhJuh8ulF3RSBup3HgPoo1%2Fthumb_280_A2BFE416-C9B5-4FA2-B3C9-75CC5F2CC388.jpg?alt=media,Mfos35-9 Mecha fostner 35MM,LUSQTOFF,"ARS 7,875.00",,,
,https://firebasestorage.stagebeta.kyte.site/v0/b/kyte-7c484.appspot.com/o/kO7PxYkhJuh8ulF3RSBup3HgPoo1%2Fthumb_280_ArGFIUH%2Be4WLev6pfJE2A%3D%3D.jpg?alt=media,MIAL225-8 MINI ANDAMIO PORTATIL,LUSQTOFF,"ARS 189,000.00",,,
,https://firebasestorage.stagebeta.kyte.site/v0/b/kyte-7c484.appspot.com/o/z8ceXb8w02TssUbULtdA08LxbUz1%2Fthumb_280_sV7nGMg83fCFkAcW6VYgww%3D%3D.jpg?alt=media,Mini Compresor 12v 150psi Lusqtoff MCL150-8,LUSQTOFF,"ARS 58,275.00",,,
,https://firebasestorage.stagebeta.kyte.site/v0/b/kyte-7c484.appspot.com/o/kO7PxYkhJuh8ulF3RSBup3HgPoo1%2Fthumb_280_238A22C6-1344-4926-988B-F31BCF33D9D5.jpg?alt=media,Mini Torno con Accesorios 145pcs Lusqtoff MTL150-9,LUSQTOFF,"ARS 69,195.00",,PRECIO SIN IVA INCLUIDO,
,https://firebasestorage.stagebeta.kyte.site/v0/b/kyte-7c484.appspot.com/o/ZFyc7Bt6RkXUMOZjV0nJrgbWuBK2%2Fthumb_280_%2BbwZcL4qgImajvR2UyOMeg%3D%3D.jpg?alt=media,ML300-8B MOTOSIERRA A BATERIA ECO LINE,LUSQTOFF,"ARS 289,800.00",,,COD: ML300-8B
,https://firebasestorage.stagebeta.kyte.site/v0/b/kyte-7c484.appspot.com/o/kO7PxYkhJuh8ulF3RSBup3HgPoo1%2Fthumb_280_B20B6053-F15C-4252-80CC-79342CD0DBB3.jpg?alt=media,Mm13m-9 Mandril metalico 13mm con llave mandril,LUSQTOFF,"ARS 7,035.00",,,
,https://firebasestorage.stagebeta.kyte.site/v0/b/kyte-7c484.appspot.com/o/kO7PxYkhJuh8ulF3RSBup3HgPoo1%2Fthumb_280_3tJaiGdUa6NXCq5XlHpUfA%3D%3D.jpg?alt=media,Mm13mk-9 mandril metalica 13mm + adaptador mandril,LUSQTOFF,"ARS 8,715.00",,,
,https://firebasestorage.stagebeta.kyte.site/v0/b/kyte-7c484.appspot.com/o/ZFyc7Bt6RkXUMOZjV0nJrgbWuBK2%2Fthumb_280_nZ7NBFKheBPoAY1VmsyXVg%3D%3D.jpg?alt=media,MOCL12-9 Mochila Porta Herramientas Lusqtoff,LUSQTOFF,"ARS 56,000.00",,,COD: MOCL12-8
,https://firebasestorage.stagebeta.kyte.site/v0/b/kyte-7c484.appspot.com/o/z8ceXb8w02TssUbULtdA08LxbUz1%2Fthumb_280_F3D8D9FD-CEF4-45E8-AB53-B1B4A568CD2F.jpg?alt=media,Monopatín 350w Lusqtoff MON350-7,LUSQTOFF,"ARS 555,450.00",,,
,https://firebasestorage.stagebeta.kyte.site/v0/b/kyte-7c484.appspot.com/o/kO7PxYkhJuh8ulF3RSBup3HgPoo1%2Fthumb_280_DE0DB244-75DB-4F4C-8485-DF247E0B9739.jpg?alt=media,Morsa de Banco 3” Giratoria Lusqtoff LM03,LUSQTOFF,"ARS 41,895.00",,PRECIO SIN IVA INCLUIDO,
,https://firebasestorage.stagebeta.kyte.site/v0/b/kyte-7c484.appspot.com/o/uNiBt23xEeTLHc6qq0SczvMaNPf1%2Fthumb_280_25FDFABF-F920-4D87-8086-B327AD4920C1.jpg?alt=media,Morsa de Banco 4” Giratoria Lusqtoff LM04,LUSQTOFF,"ARS 56,700.00",,,
,https://firebasestorage.stagebeta.kyte.site/v0/b/kyte-7c484.appspot.com/o/uNiBt23xEeTLHc6qq0SczvMaNPf1%2Fthumb_280_25FDFABF-F920-4D87-8086-B327AD4920C1.jpg?alt=media,Morsa de Banco 5” Giratoria Lusqtoff LM05,LUSQTOFF,"ARS 99,225.00",,,
,https://firebasestorage.stagebeta.kyte.site/v0/b/kyte-7c484.appspot.com/o/uNiBt23xEeTLHc6qq0SczvMaNPf1%2Fthumb_280_25FDFABF-F920-4D87-8086-B327AD4920C1.jpg?alt=media,Morsa de Banco 6” Giratoria Lusqtoff LM06,LUSQTOFF,"ARS 123,900.00",,,
,https://firebasestorage.stagebeta.kyte.site/v0/b/kyte-7c484.appspot.com/o/uNiBt23xEeTLHc6qq0SczvMaNPf1%2Fthumb_280_UZZCLlrCTqylBFFajN%2B17w%3D%3D.jpg?alt=media,Morsa para Taladro Doble Eje 15cm Lusqtoff TB-MC6,LUSQTOFF,"ARS 147,000.00",,,
,https://firebasestorage.stagebeta.kyte.site/v0/b/kyte-7c484.appspot.com/o/kO7PxYkhJuh8ulF3RSBup3HgPoo1%2Fthumb_280_DAA3EC8E-78E9-43D8-A1D3-8481676275D9.jpg?alt=media,"Motobomba Naftera 2"" 5,5hp Lusqtoff LMB-20",LUSQTOFF,"ARS 289,800.00",,,
,https://firebasestorage.stagebeta.kyte.site/v0/b/kyte-7c484.appspot.com/o/uNiBt23xEeTLHc6qq0SczvMaNPf1%2Fthumb_280_GLbuyw3h5X9GOBbz9Aw9ag%3D%3D.jpg?alt=media,Motocultivador 6.5hp Lusqtoff LMC-1002,LUSQTOFF,"ARS 1,241,100.00",,,
,https://firebasestorage.stagebeta.kyte.site/v0/b/kyte-7c484.appspot.com/o/uNiBt23xEeTLHc6qq0SczvMaNPf1%2Fthumb_280_6442EFF6-760A-481D-BF83-0386D31C5CE8.jpg?alt=media,Motosierra 12” 25cc Lusqtoff GS2500,LUSQTOFF,"ARS 178,605.00",,,
,https://firebasestorage.stagebeta.kyte.site/v0/b/kyte-7c484.appspot.com/o/uNiBt23xEeTLHc6qq0SczvMaNPf1%2Fthumb_280_1E3669FE-0B73-49B3-B6D5-00B58486FCF8.jpg?alt=media,Motosierra 16” 38cc Lusqtoff GS3800,LUSQTOFF,"ARS 174,300.00",,,
,https://firebasestorage.stagebeta.kyte.site/v0/b/kyte-7c484.appspot.com/o/uNiBt23xEeTLHc6qq0SczvMaNPf1%2Fthumb_280_1E3669FE-0B73-49B3-B6D5-00B58486FCF8.jpg?alt=media,Motosierra 18” 45cc Lusqtoff GS4500,LUSQTOFF,"ARS 189,980.00",,,
,https://firebasestorage.stagebeta.kyte.site/v0/b/kyte-7c484.appspot.com/o/kO7PxYkhJuh8ulF3RSBup3HgPoo1%2Fthumb_280_7E10B802-3A81-4E18-A4E3-979ADE666AB7.jpg?alt=media,Motosierra 20” 52cc Lusqtoff GS5200,LUSQTOFF,"ARS 208,950.00",,PRECIO SIN IVA INCLUIDO,
,https://firebasestorage.stagebeta.kyte.site/v0/b/kyte-7c484.appspot.com/o/kO7PxYkhJuh8ulF3RSBup3HgPoo1%2Fthumb_280_ED9BF6D0-69FC-4A41-A104-AB4B70A8E6C7.jpg?alt=media,Motosierra 22” 62cc Lusqtoff GS6200,LUSQTOFF,"ARS 299,250.00",,PRECIO SIN IVA INCLUIDO,
,https://firebasestorage.stagebeta.kyte.site/v0/b/kyte-7c484.appspot.com/o/ZFyc7Bt6RkXUMOZjV0nJrgbWuBK2%2Fthumb_280_72BECDBE-2E6C-40F4-9B84-86F2336D2FE0.jpg?alt=media,MTLE26-8 Mototaladro,LUSQTOFF,"ARS 204,750.00",,,COD: MTLE26-8
,https://firebasestorage.stagebeta.kyte.site/v0/b/kyte-7c484.appspot.com/o/z8ceXb8w02TssUbULtdA08LxbUz1%2Fthumb_280_E6293BB9-7B6E-4BA3-B69E-CC3F39FC42E2.jpg?alt=media,Nivel Laser 15m Lusqtoff NVL5-8,LUSQTOFF,"ARS 78,015.00",,,
,https://firebasestorage.stagebeta.kyte.site/v0/b/kyte-7c484.appspot.com/o/uNiBt23xEeTLHc6qq0SczvMaNPf1%2Fthumb_280_A0914FFF-885C-4D69-99D4-ED715745E5BD.jpg?alt=media,Nivel Láser 515mm Lusqtoff NVL515-9BK,LUSQTOFF,"ARS 230,895.00",,,
,https://firebasestorage.stagebeta.kyte.site/v0/b/kyte-7c484.appspot.com/o/kO7PxYkhJuh8ulF3RSBup3HgPoo1%2Fthumb_280_FF6B56F8-F158-4DC9-88EA-1DEBD08C533D.jpg?alt=media,NV11L-9 Nivel Laser BlackSeries Lusqtoff,LUSQTOFF,"ARS 106,260.00",,,
,https://firebasestorage.stagebeta.kyte.site/v0/b/kyte-7c484.appspot.com/o/kO7PxYkhJuh8ulF3RSBup3HgPoo1%2Fthumb_280_815F2056-E059-44D1-A244-4B3B666918F9.jpg?alt=media,"P08L-8 PALO MANGO EXTENSIBLE 0,8 MM ESPESOR",LUSQTOFF,"ARS 18,795.00",,,
,https://firebasestorage.stagebeta.kyte.site/v0/b/kyte-7c484.appspot.com/o/z8ceXb8w02TssUbULtdA08LxbUz1%2Fthumb_280_C409DF6E-A073-4E05-999E-16F299383274.jpg?alt=media,Pistola Aplicadora Lusqtoff PASL22-8,LUSQTOFF,"ARS 4,410.00",,,
,https://firebasestorage.stagebeta.kyte.site/v0/b/kyte-7c484.appspot.com/o/z8ceXb8w02TssUbULtdA08LxbUz1%2Fthumb_280_kqHmy4iHJW1a0pYX1RSw%3D%3D.jpg?alt=media,Pistola de Calor 1600w Lusqtoff PCL1600-7,LUSQTOFF,"ARS 33,900.00",,,
,https://firebasestorage.stagebeta.kyte.site/v0/b/kyte-7c484.appspot.com/o/kO7PxYkhJuh8ulF3RSBup3HgPoo1%2Fthumb_280_8DAA8B6D-B2B9-4EA3-88C1-A31F834CCFEA.jpg?alt=media,Pistola de calor 2000w Lusqtoff PCL2000-9,LUSQTOFF,"ARS 81,400.00",,PRECIO SIN IVA INCLUIDO,
,https://firebasestorage.stagebeta.kyte.site/v0/b/kyte-7c484.appspot.com/o/kO7PxYkhJuh8ulF3RSBup3HgPoo1%2Fthumb_280_592910E7-FBD8-4FB5-BA52-6AADBA85AFC9.jpg?alt=media,Pistola de Pintar Alta Lusqtoff AS-1050,LUSQTOFF,"ARS 23,310.00",,,
,https://firebasestorage.stagebeta.kyte.site/v0/b/kyte-7c484.appspot.com/o/z8ceXb8w02TssUbULtdA08LxbUz1%2Fthumb_280_A461FC62-70EB-4CB2-B729-7121B0A7AF70.jpg?alt=media,Pistola de Pintar Baja Lusqtoff AS-1004,LUSQTOFF,"ARS 22,785.00",,,
,https://firebasestorage.stagebeta.kyte.site/v0/b/kyte-7c484.appspot.com/o/z8ceXb8w02TssUbULtdA08LxbUz1%2Fthumb_280_8UrdGJ7OY8bkG0nKsC5HCw%3D%3D.jpg?alt=media,Pistola Masajeadora Lusqtoff MJPL6-8,LUSQTOFF,"ARS 99,645.00",,,
,https://firebasestorage.stagebeta.kyte.site/v0/b/kyte-7c484.appspot.com/o/uNiBt23xEeTLHc6qq0SczvMaNPf1%2Fthumb_280_EDA605AF-737B-4840-BACC-71917A737A02.jpg?alt=media,Pistola para Pintar 5L Texturado Lusqtoff LC-06,LUSQTOFF,"ARS 40,939.50",,,
,https://firebasestorage.stagebeta.kyte.site/v0/b/kyte-7c484.appspot.com/o/kO7PxYkhJuh8ulF3RSBup3HgPoo1%2Fthumb_280_03fc0kIG0VeGcZcDwdAklA%3D%3D.jpg?alt=media,Pistola para Pintar a Bateria Lusqtoff LL-32,LUSQTOFF,"ARS 124,425.00",,,
,https://firebasestorage.stagebeta.kyte.site/v0/b/kyte-7c484.appspot.com/o/kO7PxYkhJuh8ulF3RSBup3HgPoo1%2Fthumb_280_40A6683E-1AC9-42A2-9F12-3B00F4464F07.jpg?alt=media,POWERLINK SET DE HERRAMIENTAS A BATERÍA LUSQTOFF,LUSQTOFF,"ARS 332,640.00",,,
,https://firebasestorage.stagebeta.kyte.site/v0/b/kyte-7c484.appspot.com/o/uNiBt23xEeTLHc6qq0SczvMaNPf1%2Fthumb_280_EB7E936E-C148-4DE5-8668-30CADA8E2D09.jpg?alt=media,PQ-500 Cargador Arrancador 12v 300a Lusqtoff,LUSQTOFF,"ARS 199,200.00",,,
,https://firebasestorage.stagebeta.kyte.site/v0/b/kyte-7c484.appspot.com/o/uNiBt23xEeTLHc6qq0SczvMaNPf1%2Fthumb_280_8yMC8M9QUVWgX8eWdZ8qVA%3D%3D.jpg?alt=media,Prensa Hidráulica de Pie 20TN Lusqtoff PHL20-9,LUSQTOFF,"ARS 596,295.00",,,
,https://firebasestorage.stagebeta.kyte.site/v0/b/kyte-7c484.appspot.com/o/uNiBt23xEeTLHc6qq0SczvMaNPf1%2Fthumb_280_F482FABB-E1DD-4EAC-BB7D-85E1CF507425.jpg?alt=media,PRL150-9B Pulidora Roto Orbital Inalámbrica LusqtoffR,LUSQTOFF,"ARS 195,300.00",,,
,https://firebasestorage.stagebeta.kyte.site/v0/b/kyte-7c484.appspot.com/o/kO7PxYkhJuh8ulF3RSBup3HgPoo1%2Fthumb_280_Vr8mmOfSuXU0mCInaCd5Vw%3D%3D.jpg?alt=media,PSDSP20L-9 Cincel Punta SDSPLUS x250 Lusqtoff,LUSQTOFF,"ARS 2,940.00",,,
,https://firebasestorage.stagebeta.kyte.site/v0/b/kyte-7c484.appspot.com/o/kO7PxYkhJuh8ulF3RSBup3HgPoo1%2Fthumb_280_E6D6E5D3-C1EF-47F9-8E00-0ACD38E6B00B.jpg?alt=media,Pulidora Lustradora Inalambrica Lusqtoff PUL180-9B,LUSQTOFF,"ARS 362,250.00",,,
,https://firebasestorage.stagebeta.kyte.site/v0/b/kyte-7c484.appspot.com/o/z8ceXb8w02TssUbULtdA08LxbUz1%2Fthumb_280_2F913D5C-BA8F-4746-8A7C-1338D2B0BB53.jpg?alt=media,Pulverizador 7L Lusqtoff FPL7,LUSQTOFF,"ARS 24,570.00",,,
,https://firebasestorage.stagebeta.kyte.site/v0/b/kyte-7c484.appspot.com/o/kO7PxYkhJuh8ulF3RSBup3HgPoo1%2Fthumb_280_2413F404-A641-4653-9474-5992641D3BB0.jpg?alt=media,Pulverizador USB 2L Lusqtoff FL2-8B,LUSQTOFF,"ARS 43,785.00",,,
,https://firebasestorage.stagebeta.kyte.site/v0/b/kyte-7c484.appspot.com/o/uNiBt23xEeTLHc6qq0SczvMaNPf1%2Fthumb_280_C80AE5E3-F39E-4CA3-A408-C3E4C1C84251.jpg?alt=media,Regulador de Presion Lusqtoff MPS-1,LUSQTOFF,"ARS 37,800.00",,,
,https://firebasestorage.stagebeta.kyte.site/v0/b/kyte-7c484.appspot.com/o/uNiBt23xEeTLHc6qq0SczvMaNPf1%2Fthumb_280_CC6DF253-DFDF-4585-AF74-F3D50610EED9.jpg?alt=media,Regulador de Presion Lusqtoff MPS-2,LUSQTOFF,"ARS 53,800.16",,,
,https://firebasestorage.stagebeta.kyte.site/v0/b/kyte-7c484.appspot.com/o/uNiBt23xEeTLHc6qq0SczvMaNPf1%2Fthumb_280_fwyh9zUOFB42HssTjjrLVQ%3D%3D.jpg?alt=media,Repuesto Cadena 20” 76DL Lusqtoff,LUSQTOFF,"ARS 15,500.00",,,
27% OFF,https://firebasestorage.stagebeta.kyte.site/v0/b/kyte-7c484.appspot.com/o/kO7PxYkhJuh8ulF3RSBup3HgPoo1%2Fthumb_280_pbqH07RHAWY8EWjtJ%2Bcqgw%3D%3D.jpg?alt=media,RML4000-9BK Rotomartillo Inalambrico 2.5j Lusqtoff,LUSQTOFF,"ARS 141,600.00","ARS 194,700.00",,
,https://firebasestorage.stagebeta.kyte.site/v0/b/kyte-7c484.appspot.com/o/kO7PxYkhJuh8ulF3RSBup3HgPoo1%2Fthumb_280_9558EFCF-21E6-4D19-B0BE-51F6D5430EB0.jpg?alt=media,RML4450-9BK Rotomartillo Inalámbrico SDS PLUS Lusqtoff,LUSQTOFF,"ARS 153,300.00",,,
,https://firebasestorage.stagebeta.kyte.site/v0/b/kyte-7c484.appspot.com/o/ZFyc7Bt6RkXUMOZjV0nJrgbWuBK2%2Fthumb_280_8OxZxHK9r0JGpU6SKQo0OQ%3D%3D.jpg?alt=media,RML5400-9B Rotomartillo Inalambrico,LUSQTOFF,"ARS 162,750.00",,No incluye Bateria,COD: RML5400-9
,https://firebasestorage.stagebeta.kyte.site/v0/b/kyte-7c484.appspot.com/o/uNiBt23xEeTLHc6qq0SczvMaNPf1%2Fthumb_280_8E1428FA-D444-4E03-8336-87CE5D15F9F1.jpg?alt=media,Rotomartillo 1050w Lusqtoff RML1050-8,LUSQTOFF,"ARS 125,400.00",,,
,https://firebasestorage.stagebeta.kyte.site/v0/b/kyte-7c484.appspot.com/o/kO7PxYkhJuh8ulF3RSBup3HgPoo1%2Fthumb_280_88591666-D049-478C-B6B6-3B827EEC8B10.jpg?alt=media,Rotomartillo 1100w Lusqtoff RML1100-9,LUSQTOFF,"ARS 180,100.00",,,
Rotomartillo 1500w BlackSeries Lusqtoff RM...,,Rotomartillo 1500w BlackSeries Lusqtoff RML1500-9,LUSQTOFF,"ARS 188,000.00",,,
,https://firebasestorage.stagebeta.kyte.site/v0/b/kyte-7c484.appspot.com/o/uNiBt23xEeTLHc6qq0SczvMaNPf1%2Fthumb_280_DIFXd6rJga4wy2DbKjKew%3D%3D.jpg?alt=media,Rotomartillo 1600w Lusqtoff BlackSeries RML1600-9,LUSQTOFF,"ARS 221,539.50",,,
,https://firebasestorage.stagebeta.kyte.site/v0/b/kyte-7c484.appspot.com/o/kO7PxYkhJuh8ulF3RSBup3HgPoo1%2Fthumb_280_8lhZLFt9LV5gom1WDgukiw%3D%3D.jpg?alt=media,Rotomartillo 850w Lusqtoff RML850-7,LUSQTOFF,"ARS 72,800.00",,,
,https://firebasestorage.stagebeta.kyte.site/v0/b/kyte-7c484.appspot.com/o/kO7PxYkhJuh8ulF3RSBup3HgPoo1%2Fthumb_280_927329A6-7ECC-4F9F-A08B-D1A5E0ED291E.jpg?alt=media,Rotomartillo vertícal 1500w Lusqtoff RML1500-8,LUSQTOFF,"ARS 162,225.00",,PRECIO SIN IVA INCLUIDO,
,https://firebasestorage.stagebeta.kyte.site/v0/b/kyte-7c484.appspot.com/o/kO7PxYkhJuh8ulF3RSBup3HgPoo1%2Fthumb_280_859994F0-861D-4D7E-B65A-25AB9C918785.jpg?alt=media,RSL-8 RED SACA HOJAS PARA AGUAS P,LUSQTOFF,"ARS 5,985.00",,,
,https://firebasestorage.stagebeta.kyte.site/v0/b/kyte-7c484.appspot.com/o/kO7PxYkhJuh8ulF3RSBup3HgPoo1%2Fthumb_280_7DF365A7-2473-4AE6-A367-0ED4C3C129EE.jpg?alt=media,RSPL-8 RED SACA HOJAS AGUAS PROFUNDAS,LUSQTOFF,"ARS 11,760.00",,,
,https://firebasestorage.stagebeta.kyte.site/v0/b/kyte-7c484.appspot.com/o/ZFyc7Bt6RkXUMOZjV0nJrgbWuBK2%2Fthumb_280_1AF2A979-6FA9-48FD-87EB-1D17F752D034.jpg?alt=media,SAL10-8 Soporte de Amoladora Angular,LUSQTOFF,"ARS 51,975.00",,,COD: SAL10-8
,https://firebasestorage.stagebeta.kyte.site/v0/b/kyte-7c484.appspot.com/o/kO7PxYkhJuh8ulF3RSBup3HgPoo1%2Fthumb_280_E1389E24-25A9-4C48-885F-1BAAB63A657D.jpg?alt=media,SAL600-8 SOPLADORA 600W,LUSQTOFF,"ARS 52,395.00",,,
,https://firebasestorage.stagebeta.kyte.site/v0/b/kyte-7c484.appspot.com/o/ZFyc7Bt6RkXUMOZjV0nJrgbWuBK2%2Fthumb_280_HnDnxEFG6SEB58u443CWvQ%3D%3D.jpg?alt=media,SCB-16AB Sierra Caladora de Banco Lusqtoff,LUSQTOFF,"ARS 205,800.00",,,COD: SCB-16AB
,https://firebasestorage.stagebeta.kyte.site/v0/b/kyte-7c484.appspot.com/o/z8ceXb8w02TssUbULtdA08LxbUz1%2Fthumb_280_TTqdhKHk8bMN6wTHHiuk%2Bg%3D%3D.jpg?alt=media,SCL2200-8 Sierra circular 2200w 235mm,LUSQTOFF,"ARS 230,989.50",,,
,https://firebasestorage.stagebeta.kyte.site/v0/b/kyte-7c484.appspot.com/o/ZFyc7Bt6RkXUMOZjV0nJrgbWuBK2%2Fthumb_280_BC5132F5-57D5-49C2-B241-B2AEECF1458E.jpg?alt=media,SCL710-8 Sierra Caladora 710w Lusqtoff,LUSQTOFF,"ARS 88,725.00",,,COD: SCL710-8
,https://firebasestorage.stagebeta.kyte.site/v0/b/kyte-7c484.appspot.com/o/UxJDx4tXqVMwdhW1pLbTXZQNXC03%2Fthumb_280_59185e44-f45b-45a5-957f-5d0df2048237.jpg?alt=media,Sensor de Flujo de Agua Lusqtoff MPS-4,LUSQTOFF,"ARS 42,400.00",,,
,https://firebasestorage.stagebeta.kyte.site/v0/b/kyte-7c484.appspot.com/o/uNiBt23xEeTLHc6qq0SczvMaNPf1%2Fthumb_280_F6784AFE-FAA2-4DAE-934A-167C9E379774.jpg?alt=media,Set de Herramientas 9pcs Lusqtoff SHL9-7,LUSQTOFF,"ARS 33,900.00",,,
,https://firebasestorage.stagebeta.kyte.site/v0/b/kyte-7c484.appspot.com/o/kO7PxYkhJuh8ulF3RSBup3HgPoo1%2Fthumb_280_FED2A9F5-023B-4A4F-B8BA-A9E69A6A6D58.jpg?alt=media,Set Herramientas 108pzs Maletin Boxes Lusqtoff SET108LQ,LUSQTOFF,"ARS 73,395.00",,,
,https://firebasestorage.stagebeta.kyte.site/v0/b/kyte-7c484.appspot.com/o/z8ceXb8w02TssUbULtdA08LxbUz1%2Fthumb_280_twWBKvgjJ0W6YorpzJA4RA%3D%3D.jpg?alt=media,Set Racing 150 Piezas Lusqtoff SHL150-9,LUSQTOFF,"ARS 289,800.00",,,
,https://firebasestorage.stagebeta.kyte.site/v0/b/kyte-7c484.appspot.com/o/uNiBt23xEeTLHc6qq0SczvMaNPf1%2Fthumb_280_2E043DDF-FCCB-4840-AADA-84D16A577C5D.jpg?alt=media,Sierra Caladora 450w Lusqtoff SCL450-7,LUSQTOFF,"ARS 61,425.00",,,
,https://firebasestorage.stagebeta.kyte.site/v0/b/kyte-7c484.appspot.com/o/kO7PxYkhJuh8ulF3RSBup3HgPoo1%2Fthumb_280_Ujpkm6KzRwdDBCqfEnojw%3D%3D.jpg?alt=media,Sierra Circular 1500w 185mm Lusqtoff CSL1500-8,LUSQTOFF,"ARS 118,900.00",,,
,https://firebasestorage.stagebeta.kyte.site/v0/b/kyte-7c484.appspot.com/o/uNiBt23xEeTLHc6qq0SczvMaNPf1%2Fthumb_280_260004B9-BCD2-40D7-83B6-0A2F404A45EC.jpg?alt=media,Sierra Circular de Banco 2000W BlackSeries Lusqtoff SML2000B-9,LUSQTOFF,"ARS 489,900.00",,,
,https://firebasestorage.stagebeta.kyte.site/v0/b/kyte-7c484.appspot.com/o/kO7PxYkhJuh8ulF3RSBup3HgPoo1%2Fthumb_280_0E849C44-BDF0-46CA-A49C-B0DFEEC0D0D5.jpg?alt=media,Sierra de Banco 2000w Lusqtoff SML2000-8,LUSQTOFF,"ARS 266,700.00",,,
,https://firebasestorage.stagebeta.kyte.site/v0/b/kyte-7c484.appspot.com/o/kO7PxYkhJuh8ulF3RSBup3HgPoo1%2Fthumb_280_FCF862F9-344C-43AD-91A5-64330F461ED2.jpg?alt=media,Sierra de Banco 2000w Lusqtoff SML2000-9,LUSQTOFF,"ARS 378,420.00",,,
,https://firebasestorage.stagebeta.kyte.site/v0/b/kyte-7c484.appspot.com/o/kO7PxYkhJuh8ulF3RSBup3HgPoo1%2Fthumb_280_63B6DBD0-4970-427C-BB06-92339F7F79A1.jpg?alt=media,Sierra Ingletadora 1650w Lusqtoff LQI-1650,LUSQTOFF,"ARS 248,850.00",,PRECIO SIN IVA INCLUIDO,
,https://firebasestorage.stagebeta.kyte.site/v0/b/kyte-7c484.appspot.com/o/kO7PxYkhJuh8ulF3RSBup3HgPoo1%2Fthumb_280_BDD87EB8-9B53-4567-97A1-3A7B5B79F851.jpg?alt=media,Sierra Ingletadora 1800w Lusqtoff LQI1800-9,LUSQTOFF,"ARS 398,400.00",,PRECIO SIN IVA INCLUIDO ) Sierra Ingletadora Telescopica Lusqtoff 250mm 1800w Circular,
,https://firebasestorage.stagebeta.kyte.site/v0/b/kyte-7c484.appspot.com/o/kO7PxYkhJuh8ulF3RSBup3HgPoo1%2Fthumb_280_F3D0B97E-B4DF-4B35-9DB4-15B9CD025B32.jpg?alt=media,Sierra Ingletadora 2000w Lusqtoff LQI-2000,LUSQTOFF,"ARS 512,400.00",,,
,https://firebasestorage.stagebeta.kyte.site/v0/b/kyte-7c484.appspot.com/o/uNiBt23xEeTLHc6qq0SczvMaNPf1%2Fthumb_280_QXcOcolXHIbEbXcKCHto1g%3D%3D.jpg?alt=media,Sierra Ingletadora 2400w Lusqtoff LQI2400-9,LUSQTOFF,"ARS 735,000.00",,,
,https://firebasestorage.stagebeta.kyte.site/v0/b/kyte-7c484.appspot.com/o/kO7PxYkhJuh8ulF3RSBup3HgPoo1%2Fthumb_280_B0C49536-3E60-4889-A6FA-9FF262A1CA79.jpg?alt=media,Sierra Sable 1010w BlackSeries Lusqtoff SSL1010-9,LUSQTOFF,"ARS 166,845.00",,,
,https://firebasestorage.stagebeta.kyte.site/v0/b/kyte-7c484.appspot.com/o/kO7PxYkhJuh8ulF3RSBup3HgPoo1%2Fthumb_280_5B25208F-2354-4CC4-A992-7DC013DEF9A5.jpg?alt=media,Sierra Sable a Bateria BlackSeries Lusqtoff SSL115-9BK,LUSQTOFF,"ARS 260,400.00",,,
,https://firebasestorage.stagebeta.kyte.site/v0/b/kyte-7c484.appspot.com/o/kO7PxYkhJuh8ulF3RSBup3HgPoo1%2Fthumb_280_9FE47A01-74D2-4EF0-8CB8-E46A921435D3.jpg?alt=media,Sierra Sensitiva en Kit Lusqtoff CM-14K,LUSQTOFF,"ARS 144,690.00",,PRECIO SIN IVA INCLUIDO,
,https://firebasestorage.stagebeta.kyte.site/v0/b/kyte-7c484.appspot.com/o/kO7PxYkhJuh8ulF3RSBup3HgPoo1%2Fthumb_280_D55C2D96-B6CB-44D1-92EE-343ECE0A8295.jpg?alt=media,Sierra sin Fin de Mesa Lusqtoff SFL1100-9,LUSQTOFF,"ARS 1,259,895.00",,,
,https://firebasestorage.stagebeta.kyte.site/v0/b/kyte-7c484.appspot.com/o/z8ceXb8w02TssUbULtdA08LxbUz1%2Fthumb_280_B5A33ACF-766E-4A6E-969E-CBB6EA57C933.jpg?alt=media,Silicona Acética 50g Lusqtoff SIAL110-8,LUSQTOFF,"ARS 2,310.00",,,
,https://firebasestorage.stagebeta.kyte.site/v0/b/kyte-7c484.appspot.com/o/uNiBt23xEeTLHc6qq0SczvMaNPf1%2Fthumb_280_gQKfNiBdDHBVwrVRNggAjw%3D%3D.jpg?alt=media,Silicona Blanca Lusqtoff SIBL78-8,LUSQTOFF,"ARS 3,150.00",,,
,https://firebasestorage.stagebeta.kyte.site/v0/b/kyte-7c484.appspot.com/o/uNiBt23xEeTLHc6qq0SczvMaNPf1%2Fthumb_280_SxPOW1FLMCJZLhbiP%2BSaA%3D%3D.jpg?alt=media,Silicona Negra Lusqtoff SINGL78-8,LUSQTOFF,"ARS 3,517.50",,,
,https://firebasestorage.stagebeta.kyte.site/v0/b/kyte-7c484.appspot.com/o/kO7PxYkhJuh8ulF3RSBup3HgPoo1%2Fthumb_280_RT8%2BbGzq0B%2BhdVr3ZIWq8Q%3D%3D.jpg?alt=media,Silicona Neutra Lusqtoff SINL78-8,LUSQTOFF,"ARS 2,404.50",,,
,https://firebasestorage.stagebeta.kyte.site/v0/b/kyte-7c484.appspot.com/o/UxJDx4tXqVMwdhW1pLbTXZQNXC03%2Fthumb_280_TqOKRlGfTXlY5kCyuLuAw%3D%3D.jpg?alt=media,Silicona Renovador Lusqtoff SILMULTI-8,LUSQTOFF,"ARS 5,145.00",,,
,https://firebasestorage.stagebeta.kyte.site/v0/b/kyte-7c484.appspot.com/o/uNiBt23xEeTLHc6qq0SczvMaNPf1%2Fthumb_280_8B62659D-3E23-4946-BC7B-3E2D78FBFB1C.jpg?alt=media,Silla Gamer Lusqtoff SGL100-9,LUSQTOFF,"ARS 221,539.50",,,
,https://firebasestorage.stagebeta.kyte.site/v0/b/kyte-7c484.appspot.com/o/uNiBt23xEeTLHc6qq0SczvMaNPf1%2Fthumb_280_F6207EA8-E1FF-4778-83E8-0102E1E18B26.jpg?alt=media,Silla Gamer Pro Lusqtoff SGL120-9,LUSQTOFF,"ARS 239,400.00",,,
,https://firebasestorage.stagebeta.kyte.site/v0/b/kyte-7c484.appspot.com/o/ZFyc7Bt6RkXUMOZjV0nJrgbWuBK2%2Fthumb_280_axR5DIMjwA9s4sZOHt7msA%3D%3D.jpg?alt=media,SMART-MIG175 SOLDADORA INVERTER 220V-50HZ MIG,LUSQTOFF,"ARS 1,327,200.00",,,COD: SMART-MIG175
,https://firebasestorage.stagebeta.kyte.site/v0/b/kyte-7c484.appspot.com/o/kO7PxYkhJuh8ulF3RSBup3HgPoo1%2Fthumb_280_Ri3aDF5YtYX%2BWOe8GFGSrg%3D%3D.jpg?alt=media,SMEL1-8 Set de Mechas Escalonadas Lusqtoff,LUSQTOFF,"ARS 23,415.00",,,
,https://firebasestorage.stagebeta.kyte.site/v0/b/kyte-7c484.appspot.com/o/kO7PxYkhJuh8ulF3RSBup3HgPoo1%2Fthumb_280_YToKeiezQVynqh9dbaxAw%3D%3D.jpg?alt=media,SMEL2-8 Set de Mechas Escalonadas Lusqtoff,LUSQTOFF,"ARS 29,400.00",,,
,https://firebasestorage.stagebeta.kyte.site/v0/b/kyte-7c484.appspot.com/o/kO7PxYkhJuh8ulF3RSBup3HgPoo1%2Fthumb_280_n9rT2YKhsbtU3MgqBroNhQ%3D%3D.jpg?alt=media,SMEL3-8 Set de Mechas Escalonadas Lusqtoff,LUSQTOFF,"ARS 37,905.00",,,
,https://firebasestorage.stagebeta.kyte.site/v0/b/kyte-7c484.appspot.com/o/kO7PxYkhJuh8ulF3RSBup3HgPoo1%2Fthumb_280_E663B727-977F-48A1-ADBE-87C319D5BDF8.jpg?alt=media,SML120-8DK Soldadora Inverter Dual Lusqtoff,LUSQTOFF,"ARS 187,845.00",,,
,https://firebasestorage.stagebeta.kyte.site/v0/b/kyte-7c484.appspot.com/o/kO7PxYkhJuh8ulF3RSBup3HgPoo1%2Fthumb_280_F5CDE6C1-8947-4341-856C-0833F34C58A6.jpg?alt=media,Soldador de Plastico Lusqtoff SL50-8,LUSQTOFF,"ARS 45,675.00",,,
,https://firebasestorage.stagebeta.kyte.site/v0/b/kyte-7c484.appspot.com/o/kO7PxYkhJuh8ulF3RSBup3HgPoo1%2Fthumb_280_M7iXDD0%2BBDVAMg5NXB5tVQ%3D%3D.jpg?alt=media,SOLDADORA IRON MIG-100,LUSQTOFF,"ARS 273,000.00",,PRECIO SIN IVA INCLUIDO ) Soldadora IRON MIG-100,
,https://firebasestorage.stagebeta.kyte.site/v0/b/kyte-7c484.appspot.com/o/kO7PxYkhJuh8ulF3RSBup3HgPoo1%2Fthumb_280_6C8DDEC2-EA4F-4329-9F7E-A4A5922F4A80.jpg?alt=media,Soldadora Sacabollo Lusqtoff SBL4500-9,LUSQTOFF,"ARS 382,620.00",,,
,https://firebasestorage.stagebeta.kyte.site/v0/b/kyte-7c484.appspot.com/o/z8ceXb8w02TssUbULtdA08LxbUz1%2Fthumb_280_DB6F4669-DA38-414B-A876-525B09ADAFFE.jpg?alt=media,Soplador Aspirador Naftero 26cc Lusqtoff LSA-26,LUSQTOFF,"ARS 261,345.00",,,
,https://firebasestorage.stagebeta.kyte.site/v0/b/kyte-7c484.appspot.com/o/uNiBt23xEeTLHc6qq0SczvMaNPf1%2Fthumb_280_61885643-B3D9-4416-B967-00A29114A774.jpg?alt=media,Soplador Inalámbrico 18v Lusqtoff SPL13-8BK,LUSQTOFF,"ARS 206,850.00",,,
,https://firebasestorage.stagebeta.kyte.site/v0/b/kyte-7c484.appspot.com/o/uNiBt23xEeTLHc6qq0SczvMaNPf1%2Fthumb_280_3E2431C5-74AD-4FF3-900E-A23889819C15.jpg?alt=media,Soporte Auto 3TN Lusqtoff SAL3TON-7,LUSQTOFF,"ARS 45,045.00",,,
,https://firebasestorage.stagebeta.kyte.site/v0/b/kyte-7c484.appspot.com/o/uNiBt23xEeTLHc6qq0SczvMaNPf1%2Fthumb_280_F721DBFF-59CD-4B8A-8BCC-8B46417A316F.jpg?alt=media,SPL2400-8 Soplador Aspirador 2400w Lusqtoff,LUSQTOFF,"ARS 68,250.00",,,
,https://firebasestorage.stagebeta.kyte.site/v0/b/kyte-7c484.appspot.com/o/ZFyc7Bt6RkXUMOZjV0nJrgbWuBK2%2Fthumb_280_dcVomLzwwV6QfwXiOQ50g%3D%3D.jpg?alt=media,SPL550-8B Soplador a Bateria Eco Line Lusqtoff,LUSQTOFF,"ARS 182,700.00",,,COD: SPL550-8B
,https://firebasestorage.stagebeta.kyte.site/v0/b/kyte-7c484.appspot.com/o/kO7PxYkhJuh8ulF3RSBup3HgPoo1%2Fthumb_280_82026641-77C0-4931-BA50-0B37FE76C3EF.jpg?alt=media,SPML760-9 SOPLADOR MOCHILA NAFTERO,LUSQTOFF,"ARS 439,530.00",,,
,https://firebasestorage.stagebeta.kyte.site/v0/b/kyte-7c484.appspot.com/o/ZFyc7Bt6RkXUMOZjV0nJrgbWuBK2%2Fthumb_280_4939F7FE-93A6-4B66-812B-4842D6ED76F1.jpg?alt=media,ST-1E Máscara Fotosensible Lusqtoff,LUSQTOFF,"ARS 52,395.00",,,COD: ST-1E
,https://firebasestorage.stagebeta.kyte.site/v0/b/kyte-7c484.appspot.com/o/ZFyc7Bt6RkXUMOZjV0nJrgbWuBK2%2Fthumb_280_jBV2IyfGBNJyt8qgVtJ5mA%3D%3D.jpg?alt=media,ST-1T Máscara Fotosensible Profesional Lusqtoff,LUSQTOFF,"ARS 144,900.00",,,COD: ST-1T
,https://firebasestorage.stagebeta.kyte.site/v0/b/kyte-7c484.appspot.com/o/UxJDx4tXqVMwdhW1pLbTXZQNXC03%2Fthumb_280_BA9A7EB6-78D8-424A-BB0D-7417A5BFF86A.jpg?alt=media,Tal60-9b taladro atornillador inalambrico,LUSQTOFF,"ARS 95,403.00",,,
,https://firebasestorage.stagebeta.kyte.site/v0/b/kyte-7c484.appspot.com/o/z8ceXb8w02TssUbULtdA08LxbUz1%2Fthumb_280_BF280686-40AE-4999-BAD2-645C97FFEE7C.jpg?alt=media,Taladro 600w 13mm Lusqtoff TPL600-8,LUSQTOFF,"ARS 49,665.00",,,
,https://firebasestorage.stagebeta.kyte.site/v0/b/kyte-7c484.appspot.com/o/uNiBt23xEeTLHc6qq0SczvMaNPf1%2Fthumb_280_D1822B13-D251-45AB-BB15-1FDBAD31078B.jpg?alt=media,Taladro 710w 13mm Lusqtoff TPL710-8,LUSQTOFF,"ARS 61,845.00",,,
,https://firebasestorage.stagebeta.kyte.site/v0/b/kyte-7c484.appspot.com/o/kO7PxYkhJuh8ulF3RSBup3HgPoo1%2Fthumb_280_11D2A3B2-9A3B-4A48-8144-C79BC83BB487.jpg?alt=media,Taladro a batería 18v 13mm BlackSeries Lusqtoff TIL80-9BK,LUSQTOFF,"ARS 204,750.00",,,
,https://firebasestorage.stagebeta.kyte.site/v0/b/kyte-7c484.appspot.com/o/z8ceXb8w02TssUbULtdA08LxbUz1%2Fthumb_280_OEfLXgehcbzzfNfNNVP5DQ%3D%3D.jpg?alt=media,Taladro Atornillador a Bat. ATL18-9B 18v 13mm Lusqtoff,LUSQTOFF,"ARS 119,595.00",,,
,https://firebasestorage.stagebeta.kyte.site/v0/b/kyte-7c484.appspot.com/o/z8ceXb8w02TssUbULtdA08LxbUz1%2Fthumb_280_GnZ9L74AqUHP7tMb3zrMfg%3D%3D.jpg?alt=media,Taladro Atornillador a Bateria ATL18-8B 18v 10mm Lusqtoff,LUSQTOFF,"ARS 94,700.00",,,
,https://firebasestorage.stagebeta.kyte.site/v0/b/kyte-7c484.appspot.com/o/z8ceXb8w02TssUbULtdA08LxbUz1%2Fthumb_280_38F33B34-0C88-4EA0-AB5E-246076FC5390.jpg?alt=media,Taladro de banco 16mm 5/8” Lusqtoff TB-16,LUSQTOFF,"ARS 325,395.00",,,
,https://firebasestorage.stagebeta.kyte.site/v0/b/kyte-7c484.appspot.com/o/uNiBt23xEeTLHc6qq0SczvMaNPf1%2Fthumb_280_03E233F6-EE35-442D-BF2C-3634B8E2F224.jpg?alt=media,Taladro de Rotación a Batería BlackSeries Lusqtoff TRL130-9B,LUSQTOFF,"ARS 171,465.00",,NO INCLUYE BATERÍA NI CARGADOR,
,https://firebasestorage.stagebeta.kyte.site/v0/b/kyte-7c484.appspot.com/o/kO7PxYkhJuh8ulF3RSBup3HgPoo1%2Fthumb_280_37wVMnY%2BANYG6S%2BzPdvbg%3D%3D.jpg?alt=media,"Tanza de albañil 0,8mm 100mts tal08L-9",LUSQTOFF,"ARS 2,196.44",,,
,https://firebasestorage.stagebeta.kyte.site/v0/b/kyte-7c484.appspot.com/o/z8ceXb8w02TssUbULtdA08LxbUz1%2Fthumb_280_ECEFAA18-E743-489D-81D7-9DB31B089372.jpg?alt=media,TB-13 Taladro de Banco 13mm 1/2” Lusqtoff,LUSQTOFF,"ARS 176,190.00",,,
,https://firebasestorage.stagebeta.kyte.site/v0/b/kyte-7c484.appspot.com/o/ZFyc7Bt6RkXUMOZjV0nJrgbWuBK2%2Fthumb_280_qQE83q38XVV1VZZxYiiOnA%3D%3D.jpg?alt=media,TBL-18/300 Mini Torno para Metal,LUSQTOFF,"ARS 852,600.00",,,COD: TBL-18/300
,https://firebasestorage.stagebeta.kyte.site/v0/b/kyte-7c484.appspot.com/o/kO7PxYkhJuh8ulF3RSBup3HgPoo1%2Fthumb_280_wMojNcpFfJsFGJHLctK4pQ%3D%3D.jpg?alt=media,TC240L-9 Tanza 2.4mm cuadrada Lusqtoff,LUSQTOFF,"ARS 18,962.58",,PRECIO SIN IVA INCLUIDO,
,https://firebasestorage.stagebeta.kyte.site/v0/b/kyte-7c484.appspot.com/o/kO7PxYkhJuh8ulF3RSBup3HgPoo1%2Fthumb_280_dgubwUQSb%2Bve5m1SZUdavQ%3D%3D.jpg?alt=media,TC300L-9 Tanza cuadrada 3mm Lusqtoff,LUSQTOFF,"ARS 18,962.58",,PRECIO SIN IVA INCLUIDO,
,https://firebasestorage.stagebeta.kyte.site/v0/b/kyte-7c484.appspot.com/o/uNiBt23xEeTLHc6qq0SczvMaNPf1%2Fthumb_280_F26661EF-F7D3-4FC7-91E2-70B0C042FE03.jpg?alt=media,Termo 1.3L Verde Lusqtoff TL1.3-9,LUSQTOFF,"ARS 38,900.00",,,
,https://firebasestorage.stagebeta.kyte.site/v0/b/kyte-7c484.appspot.com/o/z8ceXb8w02TssUbULtdA08LxbUz1%2Fthumb_280_EC672E8F-39DF-47C1-A453-062A628FDA04.jpg?alt=media,Termo 1L Camuflado Lusqtoff TL1-9C,LUSQTOFF,"ARS 28,300.00",,,
,https://firebasestorage.stagebeta.kyte.site/v0/b/kyte-7c484.appspot.com/o/kO7PxYkhJuh8ulF3RSBup3HgPoo1%2Fthumb_280_7keBuzCvM8T4ZQmeLwJ31Q%3D%3D.jpg?alt=media,Termo 1L Naranja Lusqtoff TL1-9NJ,LUSQTOFF,"ARS 28,300.00",,,
,https://firebasestorage.stagebeta.kyte.site/v0/b/kyte-7c484.appspot.com/o/kO7PxYkhJuh8ulF3RSBup3HgPoo1%2Fthumb_280_nXjRxyfU0brdJLmtjpBsw%3D%3D.jpg?alt=media,Termo 1L Negro Lusqtoff TL1-9N,LUSQTOFF,"ARS 28,300.00",,,
,https://firebasestorage.stagebeta.kyte.site/v0/b/kyte-7c484.appspot.com/o/kO7PxYkhJuh8ulF3RSBup3HgPoo1%2Fthumb_280_706DD36F-1311-4DAD-B53F-D8E616608894.jpg?alt=media,Termo 750ml Blanco Lusqtoff TL750-9B,LUSQTOFF,"ARS 24,800.00",,,
,https://firebasestorage.stagebeta.kyte.site/v0/b/kyte-7c484.appspot.com/o/z8ceXb8w02TssUbULtdA08LxbUz1%2Fthumb_280_84E6A031-C508-42E0-B5F0-A022AA685510.jpg?alt=media,Termofusora 1500w Lusqtoff LTF-6315,LUSQTOFF,"ARS 60,900.00",,,
,https://firebasestorage.stagebeta.kyte.site/v0/b/kyte-7c484.appspot.com/o/uNiBt23xEeTLHc6qq0SczvMaNPf1%2Fthumb_280_52D0E996-2FE4-4BFF-981F-BC4A0D0CF728.jpg?alt=media,Termofusora 800w Lusqtoff LTF-6308R,LUSQTOFF,"ARS 41,895.00",,,
,https://firebasestorage.stagebeta.kyte.site/v0/b/kyte-7c484.appspot.com/o/uNiBt23xEeTLHc6qq0SczvMaNPf1%2Fthumb_280_209858CE-CCBC-4C06-A239-3957BE608B0F.jpg?alt=media,Termofusora a Bateria Lusqtoff TF18L-8B,LUSQTOFF,"ARS 120,435.00",,,
,https://firebasestorage.stagebeta.kyte.site/v0/b/kyte-7c484.appspot.com/o/uNiBt23xEeTLHc6qq0SczvMaNPf1%2Fthumb_280_6DE75A3E-72AD-4320-996C-C630FD27A47F.jpg?alt=media,Tester Digital 1000V Lusqtoff MDGL1000-9,LUSQTOFF,"ARS 54,600.00",,,
,https://firebasestorage.stagebeta.kyte.site/v0/b/kyte-7c484.appspot.com/o/z8ceXb8w02TssUbULtdA08LxbUz1%2Fthumb_280_fBLW%2BD2xa166ZYWFBSOTtw%3D%3D.jpg?alt=media,Tester Digital 600V Lusqtoff MDGL600-9,LUSQTOFF,"ARS 27,510.00",,,
,https://firebasestorage.stagebeta.kyte.site/v0/b/kyte-7c484.appspot.com/o/kO7PxYkhJuh8ulF3RSBup3HgPoo1%2Fthumb_280_615A90EF-FFD2-4FC8-8371-69AC8942039C.jpg?alt=media,Til23-8kb TALADRO ATORNILLADOR 12v,LUSQTOFF,"ARS 89,900.00",,,COD: 7798225229728
,https://firebasestorage.stagebeta.kyte.site/v0/b/kyte-7c484.appspot.com/o/kO7PxYkhJuh8ulF3RSBup3HgPoo1%2Fthumb_280_E285088C-2989-46BA-9D53-C3C5A451A77B.jpg?alt=media,TL1-9B3E TERMO BLANCO 3 ESTRELLAS 1LTS,LUSQTOFF,"ARS 31,900.00",,,
,https://firebasestorage.stagebeta.kyte.site/v0/b/kyte-7c484.appspot.com/o/kO7PxYkhJuh8ulF3RSBup3HgPoo1%2Fthumb_280_D3DA5BE7-4207-4F78-BFCA-707C1513F90E.jpg?alt=media,TL1-9N3E TERMO NEGRO 3 ESTRELLAS 1lt,LUSQTOFF,"ARS 31,900.00",,,
,https://firebasestorage.stagebeta.kyte.site/v0/b/kyte-7c484.appspot.com/o/kO7PxYkhJuh8ulF3RSBup3HgPoo1%2Fthumb_280_a8FDmSKZk1rmdCM9YYc9w%3D%3D.jpg?alt=media,Tl750-9 termo lusqtoff verde 750,LUSQTOFF,"ARS 24,800.00",,,
,https://firebasestorage.stagebeta.kyte.site/v0/b/kyte-7c484.appspot.com/o/ZFyc7Bt6RkXUMOZjV0nJrgbWuBK2%2Fthumb_280_eX6YFMXJGThiMJlr0K4Q%3D%3D.jpg?alt=media,TNFL13-8 Termonebulizador Fumigador Lusqtoff,LUSQTOFF,"ARS 1,023,750.00",,,COD: TNFL13-8
,https://firebasestorage.stagebeta.kyte.site/v0/b/kyte-7c484.appspot.com/o/uNiBt23xEeTLHc6qq0SczvMaNPf1%2Fthumb_280_NnNzdmsX8306UZUGKDP3AQ%3D%3D.jpg?alt=media,Torno Plegable 375w Monofasico Lusqtoff MCF-1000M,LUSQTOFF,"ARS 245,175.00",,,
,https://firebasestorage.stagebeta.kyte.site/v0/b/kyte-7c484.appspot.com/o/kO7PxYkhJuh8ulF3RSBup3HgPoo1%2Fthumb_280_FwO%2BYJ%2BsbuqCAghahVDrg%3D%3D.jpg?alt=media,"TR160L-9 Tanza redonda 1,6mm Lusqtoff",LUSQTOFF,"ARS 18,962.58",,PRECIO SIN IVA INCLUIDO,
,https://firebasestorage.stagebeta.kyte.site/v0/b/kyte-7c484.appspot.com/o/kO7PxYkhJuh8ulF3RSBup3HgPoo1%2Fthumb_280_RZFkopuSaSj7UeAYMzskTw%3D%3D.jpg?alt=media,TR200L-9 Tanza redonda 2mm Lusqtoff,LUSQTOFF,"ARS 18,962.58",,PRECIO SIN IVA INCLUIDO,COD: 7799108032862
,https://firebasestorage.stagebeta.kyte.site/v0/b/kyte-7c484.appspot.com/o/kO7PxYkhJuh8ulF3RSBup3HgPoo1%2Fthumb_280_hxYch9PDhhkPomsWwxgdyQ%3D%3D.jpg?alt=media,TR240L-9 TANZA AMARILLA PERFIL REDONDO 2.4mm,LUSQTOFF,"ARS 18,900.00",,,COD: 7799108032879
,https://firebasestorage.stagebeta.kyte.site/v0/b/kyte-7c484.appspot.com/o/kO7PxYkhJuh8ulF3RSBup3HgPoo1%2Fthumb_280_xBVgbW5w3V7d6aKOTKYNVg%3D%3D.jpg?alt=media,TR300L-9 TANZA AMARILLA PERFIL REDONDO 3.00mm 1KG,LUSQTOFF,"ARS 17,505.13",,,
,https://firebasestorage.stagebeta.kyte.site/v0/b/kyte-7c484.appspot.com/o/uNiBt23xEeTLHc6qq0SczvMaNPf1%2Fthumb_280_A0200171-F64C-4096-9AA2-6F2901551E2B.jpg?alt=media,Vaso aluminio 430ml Lusqtoff VTL430-8A,LUSQTOFF,"ARS 14,175.00",,,
,https://firebasestorage.stagebeta.kyte.site/v0/b/kyte-7c484.appspot.com/o/uNiBt23xEeTLHc6qq0SczvMaNPf1%2Fthumb_280_0D019071-F7B7-4C05-9CE7-9F6D89FC3EDB.jpg?alt=media,Vaso aluminio 430ml Lusqtoff VTL430-8V,LUSQTOFF,"ARS 14,175.00",,,
,https://firebasestorage.stagebeta.kyte.site/v0/b/kyte-7c484.appspot.com/o/kO7PxYkhJuh8ulF3RSBup3HgPoo1%2Fthumb_280_P1DfZQmstbrRUq4uSna3w%3D%3D.jpg?alt=media,Vaso Chopero Blanco 700ml Lusqtoff VCL700-8B,LUSQTOFF,"ARS 26,250.00",,,
,https://firebasestorage.stagebeta.kyte.site/v0/b/kyte-7c484.appspot.com/o/kO7PxYkhJuh8ulF3RSBup3HgPoo1%2Fthumb_280_arpP5aRxhyoUj%2BrQBGBVg%3D%3D.jpg?alt=media,Vaso Chopero Negro 700ml Lusqtoff VCL700-8N,LUSQTOFF,"ARS 26,250.00",,,
,https://firebasestorage.stagebeta.kyte.site/v0/b/kyte-7c484.appspot.com/o/kO7PxYkhJuh8ulF3RSBup3HgPoo1%2Fthumb_280_lPvPALqkggln4EVwlxwUQ%3D%3D.jpg?alt=media,Vaso Chopero Verde 700ml Lusqtoff VCL700-8V,LUSQTOFF,"ARS 26,250.00",,,
,https://firebasestorage.stagebeta.kyte.site/v0/b/kyte-7c484.appspot.com/o/uNiBt23xEeTLHc6qq0SczvMaNPf1%2Fthumb_280_67E49498-C700-4054-90A9-8246887B6F05.jpg?alt=media,Vaso Térmico 1.2Lts Azul Lusqtoff VTL1.2-9A,LUSQTOFF,"ARS 31,500.00",,,
,https://firebasestorage.stagebeta.kyte.site/v0/b/kyte-7c484.appspot.com/o/uNiBt23xEeTLHc6qq0SczvMaNPf1%2Fthumb_280_53FEBA52-C038-468D-9062-6D7B407F7BDF.jpg?alt=media,Vaso Térmico 1.2Lts Negro Lusqtoff VTL1.2-9N,LUSQTOFF,"ARS 31,500.00",,,
,https://firebasestorage.stagebeta.kyte.site/v0/b/kyte-7c484.appspot.com/o/uNiBt23xEeTLHc6qq0SczvMaNPf1%2Fthumb_280_CB89022F-2DAF-41C7-9177-66465012374D.jpg?alt=media,Ventilador Portátil a Bateria Lusqtoff VPL2500-8B,LUSQTOFF,"ARS 68,250.00",,,
,https://firebasestorage.stagebeta.kyte.site/v0/b/kyte-7c484.appspot.com/o/kO7PxYkhJuh8ulF3RSBup3HgPoo1%2Fthumb_280_4D0C6E32-CC4B-4830-AFBB-E71DA62B4431.jpg?alt=media,Yerbera Racing Lusqtoff YL250NJ-9,LUSQTOFF,"ARS 4,095.00",,,
,https://firebasestorage.stagebeta.kyte.site/v0/b/kyte-7c484.appspot.com/o/kO7PxYkhJuh8ulF3RSBup3HgPoo1%2Fthumb_280_563346DE-6472-4A29-AF27-D9DBE65CA676.jpg?alt=media,Yerbera Seleccion Lusqtoff YL500AR-10,LUSQTOFF,"ARS 4,935.00",,,
,https://firebasestorage.stagebeta.kyte.site/v0/b/kyte-7c484.appspot.com/o/kO7PxYkhJuh8ulF3RSBup3HgPoo1%2Fthumb_280_01FCFBE2-7589-46B0-A212-ACC0CD445056.jpg?alt=media,Zorra Hidráulica 2TN Lusqtoff CBY-2.0,LUSQTOFF,"ARS 393,645.00",,,
,https://firebasestorage.stagebeta.kyte.site/v0/b/kyte-7c484.appspot.com/o/kO7PxYkhJuh8ulF3RSBup3HgPoo1%2Fthumb_280_9C0B320F-64C3-48EE-A868-9478BDBAF2FF.jpg?alt=media,Zorra Hidraulica 3TN Lusqtoff CBY-3.0,LUSQTOFF,"ARS 514,815.00",,PRECIO SIN IVA INCLUIDO,COD: 7798225220169
,https://firebasestorage.stagebeta.kyte.site/v0/b/kyte-7c484.appspot.com/o/ZFyc7Bt6RkXUMOZjV0nJrgbWuBK2%2Fthumb_280_y8UtKHIOYVxz3Ad9I96cg%3D%3D.jpg?alt=media,1375 Lampara Oval Magnolia 40W,LUSQTOFF ELECTRIC,"ARS 7,356.85",,,
,https://firebasestorage.stagebeta.kyte.site/v0/b/kyte-7c484.appspot.com/o/ZFyc7Bt6RkXUMOZjV0nJrgbWuBK2%2Fthumb_280_T7uIv0JpXfH74ubZn0OuXA%3D%3D.jpg?alt=media,1377 Lampara Oval Magnolia 60W,LUSQTOFF ELECTRIC,"ARS 12,405.17",,,COD: 1377
,https://firebasestorage.stagebeta.kyte.site/v0/b/kyte-7c484.appspot.com/o/z8ceXb8w02TssUbULtdA08LxbUz1%2Fthumb_280_0BF61C13-D039-49C0-B82C-D61F64CEAB0D.jpg?alt=media,30 LEDS Luz de Emergencia Lusqtoff Electric LQ-EME30F,LUSQTOFF ELECTRIC,"ARS 11,977.00",,,COD: LQ-EME30F
,https://firebasestorage.stagebeta.kyte.site/v0/b/kyte-7c484.appspot.com/o/z8ceXb8w02TssUbULtdA08LxbUz1%2Fthumb_280_B3C6B7B0-869F-4CE4-BF69-E7106E94A614.jpg?alt=media,60 LEDS Luz de Emergencia Lusqtoff Electric LQ-EME60F,LUSQTOFF ELECTRIC,"ARS 18,968.50",,,COD: LQ-EME60F
,https://firebasestorage.stagebeta.kyte.site/v0/b/kyte-7c484.appspot.com/o/lMoTHi1BRBdqdbcY5aWHjbk2u7O2%2Fthumb_280_cuKqkSeZ88AxQYizJIvUw%3D%3D.jpg?alt=media,Aplique de Pared Cuadrado 68X80X80MM Lusqtoff,LUSQTOFF ELECTRIC,"ARS 8,750.00",,,COD: LQ-QB-L80S-GU10
,https://firebasestorage.stagebeta.kyte.site/v0/b/kyte-7c484.appspot.com/o/lMoTHi1BRBdqdbcY5aWHjbk2u7O2%2Fthumb_280_lnxLGHS6QSKr7BS21OlQFw%3D%3D.jpg?alt=media,Aplique de Pared Cuadrado Lusqtoff,LUSQTOFF ELECTRIC,"ARS 18,250.00",,,COD: LQ-QB-L160S-GU10
,https://firebasestorage.stagebeta.kyte.site/v0/b/kyte-7c484.appspot.com/o/lMoTHi1BRBdqdbcY5aWHjbk2u7O2%2Fthumb_280_JnnXfG2obbioRSgHbWVPiA%3D%3D.jpg?alt=media,Aplique de Pared Rectangular 68X80X150MM Lusqtoff,LUSQTOFF ELECTRIC,"ARS 17,250.00",,,COD: LQ-QB-L150S-GU10
,https://firebasestorage.stagebeta.kyte.site/v0/b/kyte-7c484.appspot.com/o/lMoTHi1BRBdqdbcY5aWHjbk2u7O2%2Fthumb_280_E8tdWQG7LNBHgaacS77n6A%3D%3D.jpg?alt=media,Aplique de Pared Rectangular 68X80X80MM Lusqtoff,LUSQTOFF ELECTRIC,"ARS 8,750.00",,,COD: LQ-QB-L80R-GU10
,https://firebasestorage.stagebeta.kyte.site/v0/b/kyte-7c484.appspot.com/o/lMoTHi1BRBdqdbcY5aWHjbk2u7O2%2Fthumb_280_ORwMNfybeISeLBhfPwKOZQ%3D%3D.jpg?alt=media,Aplique de Pared Rectangular Lusqtoff,LUSQTOFF ELECTRIC,"ARS 24,000.00",,,COD: LQ-QB-L230S-B-GU10
,https://firebasestorage.stagebeta.kyte.site/v0/b/kyte-7c484.appspot.com/o/lMoTHi1BRBdqdbcY5aWHjbk2u7O2%2Fthumb_280_rarT8Fp3s96LxlKujj7zIg%3D%3D.jpg?alt=media,Aplique de Pared Rectangular Semicircular 68X80X150MM Lusqtoff,LUSQTOFF ELECTRIC,"ARS 17,250.00",,,COD: LQ-QB-L150R-GU10
,https://firebasestorage.stagebeta.kyte.site/v0/b/kyte-7c484.appspot.com/o/lMoTHi1BRBdqdbcY5aWHjbk2u7O2%2Fthumb_280_pHuD0M2VKpwg182N8Oip2Q%3D%3D.jpg?alt=media,Aplique de Pared Semicircular Largo Lusqtoff,LUSQTOFF ELECTRIC,"ARS 25,000.00",,,COD: LQ-QB-L230R-B-GU10
,https://firebasestorage.stagebeta.kyte.site/v0/b/kyte-7c484.appspot.com/o/lMoTHi1BRBdqdbcY5aWHjbk2u7O2%2Fthumb_280_etrSF3%2B2C2J19qKoCeSew%3D%3D.jpg?alt=media,Aplique de Pared Semicircular Lusqtoff,LUSQTOFF ELECTRIC,"ARS 18,900.00",,,COD: LQ-QB-L160R-GU10
,https://firebasestorage.stagebeta.kyte.site/v0/b/kyte-7c484.appspot.com/o/kO7PxYkhJuh8ulF3RSBup3HgPoo1%2Fthumb_280_8GZ5UgOYWcZhzP5jbpjXag%3D%3D.jpg?alt=media,Camara con Bateria 3MP Lusqtoff LQE-CAM.BAT-3MP,LUSQTOFF ELECTRIC,"ARS 88,690.00",,,
,https://firebasestorage.stagebeta.kyte.site/v0/b/kyte-7c484.appspot.com/o/kO7PxYkhJuh8ulF3RSBup3HgPoo1%2Fthumb_280_YIpSvwu5IpFwVK3XwywZqA%3D%3D.jpg?alt=media,Camara Doble 4MP + 4MP Lusqtoff LQE-CAM.DOB-4MP,LUSQTOFF ELECTRIC,"ARS 88,790.00",,,
,https://firebasestorage.stagebeta.kyte.site/v0/b/kyte-7c484.appspot.com/o/kO7PxYkhJuh8ulF3RSBup3HgPoo1%2Fthumb_280_YhzsXLhTYkk%2B2utkI3dmMg%3D%3D.jpg?alt=media,Camara Exterior Solar Autonoma 3MP Lusqtoff LQE-CAM.SOL-3MP,LUSQTOFF ELECTRIC,"ARS 95,880.00",,,
,https://firebasestorage.stagebeta.kyte.site/v0/b/kyte-7c484.appspot.com/o/kO7PxYkhJuh8ulF3RSBup3HgPoo1%2Fthumb_280_ukrsMJckJgNqbQb6mszgdg%3D%3D.jpg?alt=media,Camara Interior 360° 3MP Lusqtoff LQE-CAM.INT2-3MP,LUSQTOFF ELECTRIC,"ARS 46,755.00",,,
,https://firebasestorage.stagebeta.kyte.site/v0/b/kyte-7c484.appspot.com/o/kO7PxYkhJuh8ulF3RSBup3HgPoo1%2Fthumb_280_iKHN8aOsYkQrIm8D6Q6tkA%3D%3D.jpg?alt=media,Camara Interior 3MP Lusqtoff LQE-CAM.INT1-3MP,LUSQTOFF ELECTRIC,"ARS 39,890.00",,,
,https://firebasestorage.stagebeta.kyte.site/v0/b/kyte-7c484.appspot.com/o/z8ceXb8w02TssUbULtdA08LxbUz1%2Fthumb_280_c3etMm0yrnCePNJpVPsiQ%3D%3D.jpg?alt=media,Lámpara 12W Lusqtoff,LUSQTOFF ELECTRIC,ARS 902.70,,,COD: KBL12W
,https://firebasestorage.stagebeta.kyte.site/v0/b/kyte-7c484.appspot.com/o/uNiBt23xEeTLHc6qq0SczvMaNPf1%2Fthumb_280_Qf1g4fxCKGGBU%2Btkt%2BB08Q%3D%3D.jpg?alt=media,Lámpara 15W Lusqtoff,LUSQTOFF ELECTRIC,"ARS 1,079.70",,,COD: KBL15W
,https://firebasestorage.stagebeta.kyte.site/v0/b/kyte-7c484.appspot.com/o/uNiBt23xEeTLHc6qq0SczvMaNPf1%2Fthumb_280_jyh70KDiLsSBXEvuiKZQ2w%3D%3D.jpg?alt=media,Lámpara 5W Lusqtoff,LUSQTOFF ELECTRIC,"ARS 1,008.90",,,COD: KBL5W
,https://firebasestorage.stagebeta.kyte.site/v0/b/kyte-7c484.appspot.com/o/z8ceXb8w02TssUbULtdA08LxbUz1%2Fthumb_280_swefBKssVFofOqBatcbbmg%3D%3D.jpg?alt=media,Lámpara 9W Lusqtoff,LUSQTOFF ELECTRIC,ARS 831.90,,,COD: KBL9W
,https://firebasestorage.stagebeta.kyte.site/v0/b/kyte-7c484.appspot.com/o/lMoTHi1BRBdqdbcY5aWHjbk2u7O2%2Fthumb_280_pH%2Bl9diaROD9Sb1B6ChrQ%3D%3D.jpg?alt=media,Lámpara de Jardin con Estaca Lusqtoff,LUSQTOFF ELECTRIC,"ARS 10,990.00",,,COD: LQ.CD98A-GU10
,https://firebasestorage.stagebeta.kyte.site/v0/b/kyte-7c484.appspot.com/o/uNiBt23xEeTLHc6qq0SczvMaNPf1%2Fthumb_280_76916EDC-ADC1-41DE-B49C-4D271A2E597F.jpg?alt=media,Lámpara Dicroica LED 12w Calida Lusqtoff Electric LQE-AR111C,LUSQTOFF ELECTRIC,"ARS 5,206.75",,,COD: LQE-AR111C
,https://firebasestorage.stagebeta.kyte.site/v0/b/kyte-7c484.appspot.com/o/uNiBt23xEeTLHc6qq0SczvMaNPf1%2Fthumb_280_CA246725-47A2-4595-B62D-E706E95C08E3.jpg?alt=media,Lámpara Dicroica LED 12w Fría Lusqtoff Electric LQE-AR111F,LUSQTOFF ELECTRIC,"ARS 5,206.75",,,COD: LQE-AR111F
,https://firebasestorage.stagebeta.kyte.site/v0/b/kyte-7c484.appspot.com/o/z8ceXb8w02TssUbULtdA08LxbUz1%2Fthumb_280_Qb2pnWb9dmHM4Ym7Lp0LHA%3D%3D.jpg?alt=media,Lampara Eco 20W Alta Potencia Lusqtoff,LUSQTOFF ELECTRIC,"ARS 1,858.50",,,COD: KFP20W
,https://firebasestorage.stagebeta.kyte.site/v0/b/kyte-7c484.appspot.com/o/kO7PxYkhJuh8ulF3RSBup3HgPoo1%2Fthumb_280_HtKlNwCHTcpK4MACl0cPUA%3D%3D.jpg?alt=media,Lampara Eco 30W Alta Potencia Lusqtoff,LUSQTOFF ELECTRIC,"ARS 2,778.90",,,COD: KFP30W
,https://firebasestorage.stagebeta.kyte.site/v0/b/kyte-7c484.appspot.com/o/kO7PxYkhJuh8ulF3RSBup3HgPoo1%2Fthumb_280_z1HzihPxcWhtJdrXxMTOpg%3D%3D.jpg?alt=media,Lampara Eco 50W Alta Potencia Lusqtoff,LUSQTOFF ELECTRIC,"ARS 4,814.40",,,COD: KFP50W
,https://firebasestorage.stagebeta.kyte.site/v0/b/kyte-7c484.appspot.com/o/kO7PxYkhJuh8ulF3RSBup3HgPoo1%2Fthumb_280_stp%2BQ4FyhMbvk7wTcJBlwA%3D%3D.jpg?alt=media,Lampara Ind 200W Alta Potencia Lusqtoff,LUSQTOFF ELECTRIC,"ARS 34,750.56",,,COD: KFP200W
,https://firebasestorage.stagebeta.kyte.site/v0/b/kyte-7c484.appspot.com/o/uNiBt23xEeTLHc6qq0SczvMaNPf1%2Fthumb_280_RiHRiMCHk8qeJrkIWU6TjQ%3D%3D.jpg?alt=media,Lampara Ind 50W Alta Potencia Lusqtoff,LUSQTOFF ELECTRIC,"ARS 9,381.00",,,COD: KFP50W
,https://firebasestorage.stagebeta.kyte.site/v0/b/kyte-7c484.appspot.com/o/z8ceXb8w02TssUbULtdA08LxbUz1%2Fthumb_280_PI3kuwcrvQJ2V3BebQZ6Q%3D%3D.jpg?alt=media,Lampara Ind 80W Alta Potencia Lusqtoff,LUSQTOFF ELECTRIC,"ARS 16,903.50",,,COD: KFP80W
,https://firebasestorage.stagebeta.kyte.site/v0/b/kyte-7c484.appspot.com/o/lMoTHi1BRBdqdbcY5aWHjbk2u7O2%2Fthumb_280_gIn7PoVP62pPD%2BSkVriIZA%3D%3D.jpg?alt=media,Lámpara Solar de Pie 240W Lusqtoff,LUSQTOFF ELECTRIC,"ARS 194,500.00",,,COD: LQE-LAMSP1
,https://firebasestorage.stagebeta.kyte.site/v0/b/kyte-7c484.appspot.com/o/uNiBt23xEeTLHc6qq0SczvMaNPf1%2Fthumb_280_324EF03C-7715-4D87-90F5-AB85B4888010.jpg?alt=media,LEC12F Plafon Exterior Cuadrado 12W Lusqtoff,LUSQTOFF ELECTRIC,"ARS 4,100.57",,,COD: LEC12W
,https://firebasestorage.stagebeta.kyte.site/v0/b/kyte-7c484.appspot.com/o/uNiBt23xEeTLHc6qq0SczvMaNPf1%2Fthumb_280_324EF03C-7715-4D87-90F5-AB85B4888010.jpg?alt=media,LEC18F Plafon Exterior Cuadrado 18W Lusqtoff,LUSQTOFF ELECTRIC,"ARS 5,235.75",,,COD: LEC18W
,https://firebasestorage.stagebeta.kyte.site/v0/b/kyte-7c484.appspot.com/o/uNiBt23xEeTLHc6qq0SczvMaNPf1%2Fthumb_280_324EF03C-7715-4D87-90F5-AB85B4888010.jpg?alt=media,LEC24F Plafon Exterior Cuadrado 24W Lusqtoff,LUSQTOFF ELECTRIC,"ARS 8,733.98",,,COD: LEC24W
,https://firebasestorage.stagebeta.kyte.site/v0/b/kyte-7c484.appspot.com/o/uNiBt23xEeTLHc6qq0SczvMaNPf1%2Fthumb_280_324EF03C-7715-4D87-90F5-AB85B4888010.jpg?alt=media,LEC6F Plafon Exterior Cuadrado 6W Lusqtoff,LUSQTOFF ELECTRIC,"ARS 3,081.22",,,COD: LEC6W
,https://firebasestorage.stagebeta.kyte.site/v0/b/kyte-7c484.appspot.com/o/z8ceXb8w02TssUbULtdA08LxbUz1%2Fthumb_280_68B15AE8-D8CB-4A52-B837-6ECF21EA4E35.jpg?alt=media,LER12F Plafon Exterior Redondo 12W Lusqtoff,LUSQTOFF ELECTRIC,"ARS 3,475.06",,,COD: LER12W
,https://firebasestorage.stagebeta.kyte.site/v0/b/kyte-7c484.appspot.com/o/z8ceXb8w02TssUbULtdA08LxbUz1%2Fthumb_280_653327F3-773D-4349-9016-62FD806FF08A.jpg?alt=media,LER18F Plafon Exterior Redondo 18W Lusqtoff,LUSQTOFF ELECTRIC,"ARS 4,749.24",,,COD: LER18W
,https://firebasestorage.stagebeta.kyte.site/v0/b/kyte-7c484.appspot.com/o/z8ceXb8w02TssUbULtdA08LxbUz1%2Fthumb_280_653327F3-773D-4349-9016-62FD806FF08A.jpg?alt=media,LER24F Plafon Exterior Redondo 24W Lusqtoff,LUSQTOFF ELECTRIC,"ARS 7,575.62",,,COD: LER24W
,https://firebasestorage.stagebeta.kyte.site/v0/b/kyte-7c484.appspot.com/o/z8ceXb8w02TssUbULtdA08LxbUz1%2Fthumb_280_BB659C12-1AE2-4FC5-B1A4-5494DF083F01.jpg?alt=media,LER6F Plafon Exterior Redondo 6W Lusqtoff,LUSQTOFF ELECTRIC,"ARS 2,756.88",,,COD: LER6W
,https://firebasestorage.stagebeta.kyte.site/v0/b/kyte-7c484.appspot.com/o/z8ceXb8w02TssUbULtdA08LxbUz1%2Fthumb_280_21216322-F428-44D4-99FD-F974B7AB22A5.jpg?alt=media,LIC12F Plafon Interior Cuadrado 12W Lusqtoff,LUSQTOFF ELECTRIC,"ARS 3,289.72",,,COD: LIC12W
,https://firebasestorage.stagebeta.kyte.site/v0/b/kyte-7c484.appspot.com/o/z8ceXb8w02TssUbULtdA08LxbUz1%2Fthumb_280_21216322-F428-44D4-99FD-F974B7AB22A5.jpg?alt=media,LIC18F Plafon Interior Cuadrado 18W Lusqtoff,LUSQTOFF ELECTRIC,"ARS 4,517.57",,,COD: LIC18W
,https://firebasestorage.stagebeta.kyte.site/v0/b/kyte-7c484.appspot.com/o/z8ceXb8w02TssUbULtdA08LxbUz1%2Fthumb_280_21216322-F428-44D4-99FD-F974B7AB22A5.jpg?alt=media,LIC24F Plafon Interior Cuadrado 24W Lusqtoff,LUSQTOFF ELECTRIC,"ARS 7,552.46",,,COD: LIC24W
,https://firebasestorage.stagebeta.kyte.site/v0/b/kyte-7c484.appspot.com/o/z8ceXb8w02TssUbULtdA08LxbUz1%2Fthumb_280_21216322-F428-44D4-99FD-F974B7AB22A5.jpg?alt=media,LIC6F Plafon Interior Cuadrado 6W Lusqtoff,LUSQTOFF ELECTRIC,"ARS 2,386.21",,,COD: LIC6W
,https://firebasestorage.stagebeta.kyte.site/v0/b/kyte-7c484.appspot.com/o/z8ceXb8w02TssUbULtdA08LxbUz1%2Fthumb_280_D85883DC-2176-4030-91B0-BAA9B729C800.jpg?alt=media,LIR12F Plafon Interior Redondo 12W Lusqtoff,LUSQTOFF ELECTRIC,"ARS 3,104.38",,,COD: LIR12W
,https://firebasestorage.stagebeta.kyte.site/v0/b/kyte-7c484.appspot.com/o/z8ceXb8w02TssUbULtdA08LxbUz1%2Fthumb_280_D85883DC-2176-4030-91B0-BAA9B729C800.jpg?alt=media,LIR18F Plafon Interior Redondo 18W Lusqtoff,LUSQTOFF ELECTRIC,"ARS 4,262.74",,,COD: LIR18W
,https://firebasestorage.stagebeta.kyte.site/v0/b/kyte-7c484.appspot.com/o/z8ceXb8w02TssUbULtdA08LxbUz1%2Fthumb_280_D85883DC-2176-4030-91B0-BAA9B729C800.jpg?alt=media,LIR24F Plafon Interior Redondo 24W Lusqtoff,LUSQTOFF ELECTRIC,"ARS 6,950.11",,,COD: LIR24W
,https://firebasestorage.stagebeta.kyte.site/v0/b/kyte-7c484.appspot.com/o/z8ceXb8w02TssUbULtdA08LxbUz1%2Fthumb_280_D85883DC-2176-4030-91B0-BAA9B729C800.jpg?alt=media,LIR6F Plafon Interior Redondo 6W Lusqtoff,LUSQTOFF ELECTRIC,"ARS 2,293.54",,,COD: LIR6W
,https://firebasestorage.stagebeta.kyte.site/v0/b/kyte-7c484.appspot.com/o/uNiBt23xEeTLHc6qq0SczvMaNPf1%2Fthumb_280_0B800CBC-B9C5-4AE6-82C9-8AFD146578D6.jpg?alt=media,Liston para 1 Tubo 60cm Lusqtoff Electric LQE-LT9,LUSQTOFF ELECTRIC,"ARS 2,006.00",,,COD: LQE-LT9
,https://firebasestorage.stagebeta.kyte.site/v0/b/kyte-7c484.appspot.com/o/uNiBt23xEeTLHc6qq0SczvMaNPf1%2Fthumb_280_95955F2B-0A71-431B-8BE2-3A94383270FB.jpg?alt=media,Liston para 1 Tubo LED 120cm Lusqtoff Electric LQE-LT18,LUSQTOFF ELECTRIC,"ARS 2,197.75",,,COD: LQE-LT18
,https://firebasestorage.stagebeta.kyte.site/v0/b/kyte-7c484.appspot.com/o/uNiBt23xEeTLHc6qq0SczvMaNPf1%2Fthumb_280_D70AEB48-E5BC-4729-A832-821731657B1A.jpg?alt=media,Liston para 2 Tubo LED 120cm Lusqtoff Electric LQE-LT18D,LUSQTOFF ELECTRIC,"ARS 2,758.25",,,COD: LQE-LT18D
,https://firebasestorage.stagebeta.kyte.site/v0/b/kyte-7c484.appspot.com/o/uNiBt23xEeTLHc6qq0SczvMaNPf1%2Fthumb_280_31A808C9-AB7A-4CE0-96E3-EA888D940CF4.jpg?alt=media,LQE-SL02 Luz LED Solar de Exterior Lusqtoff,LUSQTOFF ELECTRIC,"ARS 28,733.00",,,COD: LQE-SLCROM
,https://firebasestorage.stagebeta.kyte.site/v0/b/kyte-7c484.appspot.com/o/uNiBt23xEeTLHc6qq0SczvMaNPf1%2Fthumb_280_33484F2B-A2EE-49C7-A5F6-5979750F8244.jpg?alt=media,Luminaria Solar Bidireccional 2 Focos Lusqtoff,LUSQTOFF ELECTRIC,"ARS 15,900.00",,,
,https://firebasestorage.stagebeta.kyte.site/v0/b/kyte-7c484.appspot.com/o/uNiBt23xEeTLHc6qq0SczvMaNPf1%2Fthumb_280_51C12950-6383-4184-88A6-F6BC1B2126B2.jpg?alt=media,Luminaria Solar Bidireccional 3 Focos Lusqtoff LQE-LUMBISOL-3F,LUSQTOFF ELECTRIC,"ARS 19,900.00",,,
,https://firebasestorage.stagebeta.kyte.site/v0/b/kyte-7c484.appspot.com/o/uNiBt23xEeTLHc6qq0SczvMaNPf1%2Fthumb_280_bmuE6IkXxygA5RsZYl2%2B4w%3D%3D.jpg?alt=media,Luminaria Vial 100w 6500k Lusqtoff Electric LQE-LV100,LUSQTOFF ELECTRIC,"ARS 68,882.50",,,COD: LQE-LV100
,https://firebasestorage.stagebeta.kyte.site/v0/b/kyte-7c484.appspot.com/o/uNiBt23xEeTLHc6qq0SczvMaNPf1%2Fthumb_280_elAnmSJPfGJ5vz7X6hlEtA%3D%3D.jpg?alt=media,Luminaria Vial 150w 6500k Lusqtoff Electric LQE-LV150,LUSQTOFF ELECTRIC,"ARS 96,435.50",,,COD: LQE-LV150
,https://firebasestorage.stagebeta.kyte.site/v0/b/kyte-7c484.appspot.com/o/uNiBt23xEeTLHc6qq0SczvMaNPf1%2Fthumb_280_shMKw%2B3Ig0r7JXqWk%2Bb6ig%3D%3D.jpg?alt=media,Luminaria Vial 200w 6500k Lusqtoff Electric LQE-LV200,LUSQTOFF ELECTRIC,"ARS 137,720.75",,,COD: LQE-LV200
,https://firebasestorage.stagebeta.kyte.site/v0/b/kyte-7c484.appspot.com/o/uNiBt23xEeTLHc6qq0SczvMaNPf1%2Fthumb_280_oJ2pvEv37ZiVGfQtQotrIw%3D%3D.jpg?alt=media,Luminaria Vial Solar 100w Lusqtoff Electric LQE-SL100,LUSQTOFF ELECTRIC,"ARS 66,788.00",,,COD: LQE-SL100
,https://firebasestorage.stagebeta.kyte.site/v0/b/kyte-7c484.appspot.com/o/uNiBt23xEeTLHc6qq0SczvMaNPf1%2Fthumb_280_F050C76C-3EE0-4CA8-A911-B4267B14BE5B.jpg?alt=media,Luminaria Vial Solar 50w Lusqtoff Electric LQE-SL50,LUSQTOFF ELECTRIC,"ARS 53,085.25",,,COD: LQE-SL50
,https://firebasestorage.stagebeta.kyte.site/v0/b/kyte-7c484.appspot.com/o/uNiBt23xEeTLHc6qq0SczvMaNPf1%2Fthumb_280_B1C982AA-0BA4-4909-B45D-B4B99D74E2E7.jpg?alt=media,Luz LED Magnética Velador Blanco Lusqtoff Electric LQE-VEL-CB,LUSQTOFF ELECTRIC,"ARS 44,250.00",,,COD: LQE-VEL-CB
,https://firebasestorage.stagebeta.kyte.site/v0/b/kyte-7c484.appspot.com/o/uNiBt23xEeTLHc6qq0SczvMaNPf1%2Fthumb_280_AE039DC9-1329-4B74-948F-9C47A409C921.jpg?alt=media,Luz LED Magnética Velador Blanco Lusqtoff Electric LQE-VEL-RB,LUSQTOFF ELECTRIC,"ARS 44,250.00",,,COD: LQE-VEL-RB
,https://firebasestorage.stagebeta.kyte.site/v0/b/kyte-7c484.appspot.com/o/uNiBt23xEeTLHc6qq0SczvMaNPf1%2Fthumb_280_n1NMwlzp9ainOlYwqHuK8A%3D%3D.jpg?alt=media,Luz LED Magnética Velador Negro Lusqtoff Electric LQE-VEL-CN,LUSQTOFF ELECTRIC,"ARS 44,250.00",,,COD: LQE-VEL-CN
,https://firebasestorage.stagebeta.kyte.site/v0/b/kyte-7c484.appspot.com/o/uNiBt23xEeTLHc6qq0SczvMaNPf1%2Fthumb_280_OO3InoR6Dr2SHwNJg9l0wQ%3D%3D.jpg?alt=media,Luz LED Magnética Velador Negro Lusqtoff Electric LQE-VEL-RN,LUSQTOFF ELECTRIC,"ARS 44,250.00",,,COD: LQE-VEL-RN
,https://firebasestorage.stagebeta.kyte.site/v0/b/kyte-7c484.appspot.com/o/z8ceXb8w02TssUbULtdA08LxbUz1%2Fthumb_280_C6C439E5-6FB3-454B-A363-4D1B6DDFD7B8.jpg?alt=media,Luz LED Solar Angular Lusqtoff Electric LQE-SL333,LUSQTOFF ELECTRIC,"ARS 45,179.25",,,COD: LQE-SL333
,https://firebasestorage.stagebeta.kyte.site/v0/b/kyte-7c484.appspot.com/o/ZFyc7Bt6RkXUMOZjV0nJrgbWuBK2%2Fthumb_280_QmSpUGpGfjg%2B8sOlxlwdA%3D%3D.jpg?alt=media,PANEL LED 60X60 3 EN 1,LUSQTOFF ELECTRIC,"ARS 36,023.18",,,COD: PANEL60603E
,https://firebasestorage.stagebeta.kyte.site/v0/b/kyte-7c484.appspot.com/o/ZFyc7Bt6RkXUMOZjV0nJrgbWuBK2%2Fthumb_280_A3NiUBG0JlimFzf8p5462w%3D%3D.jpg?alt=media,PANEL LED 60X60 48W CALIDO,LUSQTOFF ELECTRIC,"ARS 20,852.85",,,COD: PANEL6060C
,https://firebasestorage.stagebeta.kyte.site/v0/b/kyte-7c484.appspot.com/o/ZFyc7Bt6RkXUMOZjV0nJrgbWuBK2%2Fthumb_280_XPnvMRLUqRmgD1kTCMB9Zg%3D%3D.jpg?alt=media,PANEL LED 60X60 48W FRIO,LUSQTOFF ELECTRIC,"ARS 20,852.85",,,COD: PANEL6060F
,https://firebasestorage.stagebeta.kyte.site/v0/b/kyte-7c484.appspot.com/o/ZFyc7Bt6RkXUMOZjV0nJrgbWuBK2%2Fthumb_280_bIDKUjL9k0ee8MT9n89lw%3D%3D.jpg?alt=media,PANEL LED 60X60 48W NEUTRO,LUSQTOFF ELECTRIC,"ARS 20,852.85",,,COD: PANEL6060N
,https://firebasestorage.stagebeta.kyte.site/v0/b/kyte-7c484.appspot.com/o/uNiBt23xEeTLHc6qq0SczvMaNPf1%2Fthumb_280_D04F2793-B0A9-41DD-9092-6CF7BFC97C0B.jpg?alt=media,Pasacable 3.8mts x 10mts Plástico Lusqtoff,LUSQTOFF ELECTRIC,"ARS 2,017.80",,,COD: LQEPLAS-10
,https://firebasestorage.stagebeta.kyte.site/v0/b/kyte-7c484.appspot.com/o/uNiBt23xEeTLHc6qq0SczvMaNPf1%2Fthumb_280_6A821510-585B-43E8-A5A0-D03C8ED5622B.jpg?alt=media,Pasacable 3.8mts x 15mts Plástico Lusqtoff,LUSQTOFF ELECTRIC,"ARS 2,265.60",,,COD: LQEPLAS-15
,https://firebasestorage.stagebeta.kyte.site/v0/b/kyte-7c484.appspot.com/o/uNiBt23xEeTLHc6qq0SczvMaNPf1%2Fthumb_280_E0FFDB0C-E4FB-44E2-9179-C8E6F6F592B4.jpg?alt=media,Pasacable 3.8mts x 7mts Plástico Lusqtoff,LUSQTOFF ELECTRIC,"ARS 1,858.50",,,COD: LQEPLAS-7
,https://firebasestorage.stagebeta.kyte.site/v0/b/kyte-7c484.appspot.com/o/uNiBt23xEeTLHc6qq0SczvMaNPf1%2Fthumb_280_67906246-7E72-4431-B670-DE4C0C00F2FA.jpg?alt=media,Pasacable 4mts x 10mts Acero Lusqtoff,LUSQTOFF ELECTRIC,"ARS 3,911.70",,,COD: LQEACE-10
,https://firebasestorage.stagebeta.kyte.site/v0/b/kyte-7c484.appspot.com/o/uNiBt23xEeTLHc6qq0SczvMaNPf1%2Fthumb_280_67906246-7E72-4431-B670-DE4C0C00F2FA.jpg?alt=media,Pasacable 4mts x 15mts Acero Lusqtoff,LUSQTOFF ELECTRIC,"ARS 5,380.80",,,COD: LQEACE-15
,https://firebasestorage.stagebeta.kyte.site/v0/b/kyte-7c484.appspot.com/o/uNiBt23xEeTLHc6qq0SczvMaNPf1%2Fthumb_280_67906246-7E72-4431-B670-DE4C0C00F2FA.jpg?alt=media,Pasacable 4mts x 7mts Acero Lusqtoff,LUSQTOFF ELECTRIC,"ARS 3,416.10",,,COD: LQEACE-7
,https://firebasestorage.stagebeta.kyte.site/v0/b/kyte-7c484.appspot.com/o/kO7PxYkhJuh8ulF3RSBup3HgPoo1%2Fthumb_280_AUeS5eX6pH8LjS%2BuhWOv4A%3D%3D.jpg?alt=media,"Pasacable Helicoidal Poliéster 3,2mm x 15mts Lusqtoff",LUSQTOFF ELECTRIC,"ARS 9,628.80",,,COD: LQEHEL-15
,https://firebasestorage.stagebeta.kyte.site/v0/b/kyte-7c484.appspot.com/o/uNiBt23xEeTLHc6qq0SczvMaNPf1%2Fthumb_280_92A67334-E171-4B58-88AF-C0D6F04116B1.jpg?alt=media,Reflector con Sensor 10w Lusqtoff Electric LQE-PCS10F,LUSQTOFF ELECTRIC,"ARS 16,062.75",,,COD: LQE-PCS10F
,https://firebasestorage.stagebeta.kyte.site/v0/b/kyte-7c484.appspot.com/o/uNiBt23xEeTLHc6qq0SczvMaNPf1%2Fthumb_280_9CAB366E-6A68-4BDD-AAE5-9C628367E655.jpg?alt=media,Reflector con Sensor 20w Lusqtoff Electric LQE-PCS20F,LUSQTOFF ELECTRIC,"ARS 18,024.50",,,COD: LQE-PCS20F
,https://firebasestorage.stagebeta.kyte.site/v0/b/kyte-7c484.appspot.com/o/kO7PxYkhJuh8ulF3RSBup3HgPoo1%2Fthumb_280_UAb5xG7eA4v8b8XDC8b4QA%3D%3D.jpg?alt=media,REFLECTOR LED 100w LUSQTOFF,LUSQTOFF ELECTRIC,"ARS 17,080.50",,,COD: LPR100W
,https://firebasestorage.stagebeta.kyte.site/v0/b/kyte-7c484.appspot.com/o/kO7PxYkhJuh8ulF3RSBup3HgPoo1%2Fthumb_280_s3GD%2BX4XDMABkOUcor14Q%3D%3D.jpg?alt=media,REFLECTOR LED 10W LUSQTOFF,LUSQTOFF ELECTRIC,"ARS 4,141.80",,,COD: LPR10W
,https://firebasestorage.stagebeta.kyte.site/v0/b/kyte-7c484.appspot.com/o/kO7PxYkhJuh8ulF3RSBup3HgPoo1%2Fthumb_280_sfDhWy32ltU82VjqetuoNg%3D%3D.jpg?alt=media,REFLECTOR LED 200W LUSQTOFF,LUSQTOFF ELECTRIC,"ARS 30,904.20",,,COD: LPR200W
,https://firebasestorage.stagebeta.kyte.site/v0/b/kyte-7c484.appspot.com/o/UxJDx4tXqVMwdhW1pLbTXZQNXC03%2Fthumb_280_AGkN2oONMzdLzkl3LEQCzQ%3D%3D.jpg?alt=media,REFLECTOR LED 20W LUSQTOFF,LUSQTOFF ELECTRIC,"ARS 5,327.70",,,COD: LPR20W
,https://firebasestorage.stagebeta.kyte.site/v0/b/kyte-7c484.appspot.com/o/kO7PxYkhJuh8ulF3RSBup3HgPoo1%2Fthumb_280_PyHJbCPGcLcXK2XQbNVBLQ%3D%3D.jpg?alt=media,REFLECTOR LED 30W LUSQTOFF,LUSQTOFF ELECTRIC,"ARS 6,549.00",,COMPRA MINIMA X30 UNIDADES,COD: LPR30W
,https://firebasestorage.stagebeta.kyte.site/v0/b/kyte-7c484.appspot.com/o/kO7PxYkhJuh8ulF3RSBup3HgPoo1%2Fthumb_280_ULFV%2BhMedtYwu6KmAYbPA%3D%3D.jpg?alt=media,REFLECTOR LED 50W LUSQTOFF,LUSQTOFF ELECTRIC,"ARS 8,796.90",,,COD: LPR50W
,https://firebasestorage.stagebeta.kyte.site/v0/b/kyte-7c484.appspot.com/o/uNiBt23xEeTLHc6qq0SczvMaNPf1%2Fthumb_280_21287F58-C63C-430C-A801-4AAFE91DD61F.jpg?alt=media,Repetidor de Wifi Lusqtoff Electric LQE-REPWIFI4,LUSQTOFF ELECTRIC,"ARS 31,904.25",,,COD: LQE-REPWIFI4
,https://firebasestorage.stagebeta.kyte.site/v0/b/kyte-7c484.appspot.com/o/uNiBt23xEeTLHc6qq0SczvMaNPf1%2Fthumb_280_6F41A146-A13E-407D-821B-D20C19F30B20.jpg?alt=media,Sensor de Pared Lusqtoff Electric LQE-SEN100P,LUSQTOFF ELECTRIC,"ARS 11,844.25",,,COD: LQE-SEN100P
,https://firebasestorage.stagebeta.kyte.site/v0/b/kyte-7c484.appspot.com/o/uNiBt23xEeTLHc6qq0SczvMaNPf1%2Fthumb_280_DAEB6FE7-60A4-464D-B9EF-8851E34680A4.jpg?alt=media,Sensor de Techo Lusqtoff Electric LQE-SEN104T,LUSQTOFF ELECTRIC,"ARS 11,180.50",,,COD: LQE-SEN104T
,https://firebasestorage.stagebeta.kyte.site/v0/b/kyte-7c484.appspot.com/o/uNiBt23xEeTLHc6qq0SczvMaNPf1%2Fthumb_280_Ef7x2WziFXTs6dl0jJ1A%3D%3D.jpg?alt=media,Temporizador 24hs con 48 Programas Lusqtoff Electric a LQE-TIMER2,LUSQTOFF ELECTRIC,"ARS 9,100.75",,,COD: LQE-TIMER2
,https://firebasestorage.stagebeta.kyte.site/v0/b/kyte-7c484.appspot.com/o/uNiBt23xEeTLHc6qq0SczvMaNPf1%2Fthumb_280_p2OB18etqjPBayOc%2BDAUyg%3D%3D.jpg?alt=media,Temporizador 24hs con 48 Programas Lusqtoff Electric LQE-TIMER1,LUSQTOFF ELECTRIC,"ARS 9,100.75",,,COD: LQE-TIMER1
,https://firebasestorage.stagebeta.kyte.site/v0/b/kyte-7c484.appspot.com/o/uNiBt23xEeTLHc6qq0SczvMaNPf1%2Fthumb_280_xfJQ6guKIpUIlAov9JwNYA%3D%3D.jpg?alt=media,Temporizador Digital 8 Botones Lusqtoff Electric LQE-TIMER0,LUSQTOFF ELECTRIC,"ARS 18,924.25",,,COD: LQE-TIMER0
,https://firebasestorage.stagebeta.kyte.site/v0/b/kyte-7c484.appspot.com/o/uNiBt23xEeTLHc6qq0SczvMaNPf1%2Fthumb_280_D29A928D-F778-4144-9FED-88F90DBA8A2A.jpg?alt=media,Tubo 10w LED T8 Lusqtoff Electric LQE-TB9F,LUSQTOFF ELECTRIC,"ARS 1,873.25",,CAJA X30 UNIDADES,COD: LQE-TB9F
,https://firebasestorage.stagebeta.kyte.site/v0/b/kyte-7c484.appspot.com/o/uNiBt23xEeTLHc6qq0SczvMaNPf1%2Fthumb_280_D29A928D-F778-4144-9FED-88F90DBA8A2A.jpg?alt=media,Tubo 18w LED T8 Lusqtoff Electric LQE-TB18F,LUSQTOFF ELECTRIC,"ARS 2,168.25",,CAJA X30 UNIDADES,COD: LQE-TB18F
,https://firebasestorage.stagebeta.kyte.site/v0/b/kyte-7c484.appspot.com/o/ZFyc7Bt6RkXUMOZjV0nJrgbWuBK2%2Fthumb_280_2JM3oHszd%2BOFdWLI3uLrQ%3D%3D.jpg?alt=media,Air Fryer Freidora Digital 5.5L Lusqtoff LQ-FA001,LUSQTOFF HOME,"ARS 92,323.35",,"Freidora de aire Código LQ-FA001 Litros totales 5,5 LTS Temporizador regulable 1 a 60 MINUTOS Temperatura ajustable 80 a 200°C Potencia 1200W Programas predefinidos 6 Especificaciones: Pantalla táctil digital Ajuste manual Contenedor con vidrio templado 21.5 x 21.5x 11.5 ( ancho/profund/alto) Protección por sobrecalentamiento Placa rejilla desmontable metalica 19x19 cm Libre de BPA y PFOA Peso: 3,9 kg Medidas externas del producto: 30 x 25 x 28 cm (al. x an. x prof.) Medidas de la caja: 61 x 35 x 35,5 cm (al. x an. x prof.)",COD: LQ-FA001
,https://firebasestorage.stagebeta.kyte.site/v0/b/kyte-7c484.appspot.com/o/ZFyc7Bt6RkXUMOZjV0nJrgbWuBK2%2Fthumb_280_VVHGCZMui59t%2BEA0aFU6OA%3D%3D.jpg?alt=media,Cafetera Espresso Capsulas Lusqtoff LQ-EX008,LUSQTOFF HOME,"ARS 206,700.00",,"Lusqtoff Cafetera Espresso Multicapsula • Modelo: LQ-EX008 • Pantalla tactil • Bomba de 20 bares para un cafe perfecto • caldera con sistema de calefaccion thermoblock • precalentamiento utrarapido • programas: espresso, doblo espresso, largo, agua caliente & vapor • Cuerpo de acero inoxidable • filtro de cafe molido para 1 y 2 tazas • adaptador para capsula compatible • indicador de nivel de agua",COD: LQ-EX008
,https://firebasestorage.stagebeta.kyte.site/v0/b/kyte-7c484.appspot.com/o/ZFyc7Bt6RkXUMOZjV0nJrgbWuBK2%2Fthumb_280_qW4iA8UCrVEq9upGRahfA%3D%3D.jpg?alt=media,Cafetera Espresso Capsulas Lusqtoff LQ-EX010,LUSQTOFF HOME,"ARS 258,400.00",,"Cafetera Expresso Lusqtoff LQ-EX010 con adaptador de cápsulas y tanque de leche. - Funciones y propiedades - Programas: Espresso, Doble espresso, Cappuccino (largo o corto), latte (largo o corto) - Cuerpo de acero inoxidable - Tanque de leche transparente con dispositivo para espuma de leche, desmontable para facilitar la limpieza. - Filtro de Acero Inoxidable para 1 y 2 tazas. - Controlador electrónico de PCB para garantizar una temperatura de bebida más precisa. - Bandeja de goteo extraíble para fácil limpieza. - El depósito de agua extraíble de 1 litro garantiza siempre agua fresca para su delicioso café. - Indicador de nivel de agua. - Apoyos antideslizantes. Accesorios - Porta filtro/Cuchara medidora. - Adaptador para uso de cápsulas de café compatibles. - 2 filtros (para 1 y 2 tasas).",COD: LQ-EX010
Exprimidor 800ml 65w Celeste Lusqtoff LQ-E...,,Exprimidor 800ml 65w Celeste Lusqtoff LQ-EC603,LUSQTOFF HOME,"ARS 21,800.00",,,
,https://firebasestorage.stagebeta.kyte.site/v0/b/kyte-7c484.appspot.com/o/ZFyc7Bt6RkXUMOZjV0nJrgbWuBK2%2Fthumb_280_3tYddNMTMvnUSo8lFE60tA%3D%3D.jpg?alt=media,Horno Air Fryer Duo Lusqtoff LQ11HAF,LUSQTOFF HOME,"ARS 99,088.50",,"Características principales: * Potencia: 1200w * Funciones: Freir por aire + Convecciòn • Capacidad de 11L, ideal para porciones familiares. • Función de freidora de aire para cocinar con menos grasa. •Control de temperatura ajustable hasta 200°C. •Temporizador de 60 min. • Diseño compacto y elegante, con accesorios incluidos. * Puerta con vidrio y apertura abatible * Alarma para Fin de Coccion * incluye: Cesta para Freir y Bandeja para Hornear * Control de Funcion de Conveccion",COD: LQ11HAF
,https://firebasestorage.stagebeta.kyte.site/v0/b/kyte-7c484.appspot.com/o/ZFyc7Bt6RkXUMOZjV0nJrgbWuBK2%2Fthumb_280_LJM%2BVzYgOjKDkZqII3R5iQ%3D%3D.jpg?alt=media,Horno Electrico 42L Crema Lusqtoff LQ42CRE,LUSQTOFF HOME,"ARS 120,225.00",,"HORNO ELÉCTRICO 1600W 42L LUSQTOFF LQ42CRE COLOR CREMA ACERCA DEL PRODUCTO: - Potencia de 1600W. - Dimensiones 575x405x375mm. - Manija y marco de la puerta en acero inoxidable. - Temporizador 60 minutos con aviso sonoro. - Termostato ajustable en rango 100º a 250ºC. - Selector de modo cocción superior, inferior o de ambos lados. - Indicador luminoso de encendido/apagado automático. - Incluye bandeja enlozada, pinza y rejilla metálica regulable en altura.",COD: LQ42CRE
,https://firebasestorage.stagebeta.kyte.site/v0/b/kyte-7c484.appspot.com/o/ZFyc7Bt6RkXUMOZjV0nJrgbWuBK2%2Fthumb_280_IsHsRbR1c7xweej8JN3qcw%3D%3D.jpg?alt=media,Horno Electrico 85L Crema Lusqtoff LQ-85CE,LUSQTOFF HOME,"ARS 210,775.95",,"HORNO ELÉCTRICO 2200W 85L LUSQTOFF LQ85CRE COLOR CREAM ACERCA DEL PRODUCTO: - Potencia de 2200W. - Dimensiones 62 x 38 x 41cm. - Manija y marco de la puerta en acero inoxidable. - Temporizador 60 minutos con aviso sonoro. - Termostato ajustable en rango 100º a 250ºC. - Selector de modo cocción superior, inferior o de ambos lados. - Indicador luminoso de encendido/apagado automático. - Incluye bandeja enlozada, pinza y rejilla metálica regulable en altura.",COD: LQ85CRE
,https://firebasestorage.stagebeta.kyte.site/v0/b/kyte-7c484.appspot.com/o/ZFyc7Bt6RkXUMOZjV0nJrgbWuBK2%2Fthumb_280_9BecdC7%2BNXOcXNapPCP6qA%3D%3D.jpg?alt=media,Horno para Pan 1kg 650w Lusqtoff LQ-MP101,LUSQTOFF HOME,"ARS 157,773.00",,"Especificaciones técnicas y funcionalidades 14 programas digitales: Para preparar panes, masas para pizza, pastas, tortas y mermeladas. Capacidad: Hasta 1000 gramos de preparación. Permite visualizar el estado de cocción sin abrir la tapa. Dispenser para frutas y semillas. Accesorios incluidos: Cuchara plástica para medir e incorporar ingredientes. Taza plástica para medir ingredientes. Molde y amasadores antiadherentes: Fácil de limpiar y duradero. Potencia: 650 W, eficiencia energética.",COD: LQ-MP101
Microondas 20L Digital Lusqtoff LQ-HM200D,,Microondas 20L Digital Lusqtoff LQ-HM200D,LUSQTOFF HOME,"ARS 208,900.00",,,
Microondas 20L Mecanico Lusqtoff LQ-HM200M,,Microondas 20L Mecanico Lusqtoff LQ-HM200M,LUSQTOFF HOME,"ARS 183,700.00",,,
,https://firebasestorage.stagebeta.kyte.site/v0/b/kyte-7c484.appspot.com/o/ZFyc7Bt6RkXUMOZjV0nJrgbWuBK2%2Fthumb_280_Q4YseteK7hYiSK0RiCvI%2Bw%3D%3D.jpg?alt=media,"Pava Electrica 1,7L 2200W Blanca Lusqtoff LQ-PV804C",LUSQTOFF HOME,"ARS 46,095.00",,"Pava Lusqtoff Blanca 1,7 L LQ-PV804C con corte Automatico Descripción Potencia 1850 - 2200 W. Tension nominal 220-240 V. Frecuencia nominal 50 Hz. Capacidad 1,7 Lts. Nivel de agua Visible. Base Giratoria 360° con conexción central. Filtro Extraíble. Apagado Automático. Especificaciones: Cuerpo de acero inoxidable. Asa ergonómica. Botón para apertura de tapa. Interruptor on/off. Resistencia oculta. Alojamiento para cable. Fácil limpieza. Medidas externas del producto 25 x 21 x 16 cm (al. x an. x prof.). Diámetro base 16 cm.",COD: LQ-PV804C
,https://firebasestorage.stagebeta.kyte.site/v0/b/kyte-7c484.appspot.com/o/ZFyc7Bt6RkXUMOZjV0nJrgbWuBK2%2Fthumb_280_rq9ok27wOtNG7oY9RT3Yug%3D%3D.jpg?alt=media,"Pava Electrica 1,7L 2200W Celeste Lusqtoff LQ-PV804",LUSQTOFF HOME,"ARS 46,095.00",,"ava Lusqtoff Celeste 1,7 L LQ-PV804 con corte Automatico Descripción Potencia 1850 - 2200 WTTS Tension nominal 220-240 V Frecuencia nominal 50 Hz Capacidad 1,7 Lts Nivel de agua Visible Base Giratoria 360° con conexción central Filtro Extraíble Apagado Automático Especificaciones: Cuerpo de acero inoxidable Asa ergonómica Botón para apertura de tapa Interruptor on/off Resistencia oculta Alojamiento para cable Fácil limpieza Medidas externas del producto 25 x 21 x 16 cm (al. x an. x prof.) Diámetro base 16 cm",COD: LQ-PV804
,https://firebasestorage.stagebeta.kyte.site/v0/b/kyte-7c484.appspot.com/o/ZFyc7Bt6RkXUMOZjV0nJrgbWuBK2%2Fthumb_280_m%2BG8Pp6wctJT9y9ASJqtbg%3D%3D.jpg?alt=media,"Pava Electrica 1,7L 2200W Crema Lusqtoff LQ-PV802",LUSQTOFF HOME,"ARS 44,583.00",,"Descripción: Potencia: 1850 - 2200 W. Tension nominal:220-240 V. Frecuencia nominal: 50 Hz. Capacidad: 1,7 Lts. Nivel de agua: Visible. Base: Giratoria 360° con conexción central. Filtro: Extraíble. Apagado: Automático. Especificaciones: Color Crema. Cuerpo de acero inoxidable. Asa ergonómica. Botón para apertura de tapa. Interruptor on/off. Resistencia oculta. Alojamiento para cable. Fácil limpieza. Medidas externas del producto 24 x 22 x 16 cm (al. x an. x prof.).",COD: LQ-PV802
,https://firebasestorage.stagebeta.kyte.site/v0/b/kyte-7c484.appspot.com/o/ZFyc7Bt6RkXUMOZjV0nJrgbWuBK2%2Fthumb_280_yveR44zBenUNQVm8Ia6h3g%3D%3D.jpg?alt=media,"Pava Electrica 1,7L 2200W Negra Lusqtoff LQ-PV802N",LUSQTOFF HOME,"ARS 44,583.00",,"Pava vintage Lusqtoff Negro 1,7L LQ-PV802N Descripción: Potencia: 1850 - 2200 WTTS Tension nominal:220-240 V Frecuencia nominal: 50 Hz Capacidad: 1,7 Lts Nivel de agua: Visible Base: Giratoria 360° con conexción central Filtro: Extraíble Apagado:Automático Especificaciones: Color Negro Cuerpo de acero inoxidable Asa ergonómica Botón para apertura de tapa Interruptor on/off Resistencia oculta Alojamiento para cable Fácil limpieza Medidas externas del producto 24 x 22 x 16 cm (al. x an. x prof.)",COD: LQ-PV802N
,https://firebasestorage.stagebeta.kyte.site/v0/b/kyte-7c484.appspot.com/o/ZFyc7Bt6RkXUMOZjV0nJrgbWuBK2%2Fthumb_280_CSDRk8We20qKjIRhXKjP7A%3D%3D.jpg?alt=media,"Pava Eléctrica C/Reloj Termómetro Blanca 1,7lts Lusqtoff LQ-PV805B",LUSQTOFF HOME,"ARS 48,300.00",,"PAVA C/ TERMOMETRO ANALOGICO BLANCO Descripción Pava c/reloj tem Lusqtoff verde 1,7Lts LQ-PV805B Potencia 1850 - 2200 WTTS Tension nominal 220-240 V Frecuencia nominal 50 Hz Capacidad 1,7 Lts Nivel de agua Visible Indicador de temperatura Termómetro analógico de 20° hasta 100°C Base Giratoria 360° con conexción central Filtro Extraíble Apagado Automático Especificaciones Cuerpo de acero inoxidable Asa ergonómica Botón para apertura de tapa Interruptor on/off Resistencia oculta Alojamiento para cable Fácil limpieza Medidas externas del producto 25 x 21 x 16 cm (al. x an. x prof.) Diámetro base 16 cm",COD: LQ-PV805B
,https://firebasestorage.stagebeta.kyte.site/v0/b/kyte-7c484.appspot.com/o/ZFyc7Bt6RkXUMOZjV0nJrgbWuBK2%2Fthumb_280_vdLaaXv2Ri8FVtv9nmEQ1Q%3D%3D.jpg?alt=media,"Pava Eléctrica C/Reloj Termómetro Verde 1,7lts Lusqtoff LQ-PV805",LUSQTOFF HOME,"ARS 48,300.00",,"PAVA C/ TERMOMETRO ANALOGICO VERDE MENTA Descripción Pava c/reloj tem Lüsqtoff verde 1,7Lts LQ-PV805 Potencia 1850 - 2200 WTTS Tension nominal 220-240 V Frecuencia nominal 50 Hz Capacidad 1,7 Lts Nivel de agua Visible Indicador de temperatura Termómetro analógico de 20° hasta 100°C Base Giratoria 360° con conexción central Filtro Extraíble Apagado Automático Especificaciones Cuerpo de acero inoxidable Asa ergonómica Botón para apertura de tapa Interruptor on/off Resistencia oculta Alojamiento para cable Fácil limpieza Medidas externas del producto 25 x 21 x 16 cm (al. x an. x prof.) Diámetro base 16 cm",COD: LQ-PV805
,https://firebasestorage.stagebeta.kyte.site/v0/b/kyte-7c484.appspot.com/o/ZFyc7Bt6RkXUMOZjV0nJrgbWuBK2%2Fthumb_280_nVKTjZHH9UQDyj00HBz4og%3D%3D.jpg?alt=media,Pava Electrica Digital Blanca Lusqtoff LQ-PV806B,LUSQTOFF HOME,"ARS 54,075.00",,"PAVA ELECTRICA DIGITAL LÜSQTOFF 1.7L Blanca LQ-PV806B Características: - Potencia: 2200 watts. - Capacidad: 1.7 litros. - Control de temperatura digital. - Display Digital. - 6 temperaturas preestablecidas: 45º, 55º, 75°, 85º(MATE), 90º y 100 °C. - Función mantener caliente. - Exterior frío al tacto. - Doble pared interior de Acero inoxidable. - Base giratoria 360º con conexión central. - Asa ergonómica. - Resistencia Oculta. - Filtro extraíble fácil limpieza. - Apagado automático. - Botón para apertura de tapa. - Alojamiento para el cable.",COD: LQ-PV806B
,https://firebasestorage.stagebeta.kyte.site/v0/b/kyte-7c484.appspot.com/o/ZFyc7Bt6RkXUMOZjV0nJrgbWuBK2%2Fthumb_280_uhoZhtKVW8JXWjNiQ3RWg%3D%3D.jpg?alt=media,Pava Electrica Digital Negra Lusqtoff LQ-PV806,LUSQTOFF HOME,"ARS 54,075.00",,"PAVA ELECTRICA DIGITAL LÜSQTOFF 1.7L Negra LQ-PV806 Características: - Potencia: 2200 watts. - Capacidad: 1.7 litros. - Control de temperatura digital. - Display Digital. - 6 temperaturas preestablecidas: 45º, 55º, 75°, 85º(MATE), 90º y 100 °C. - Función mantener caliente. - Exterior frío al tacto. - Doble pared interior de Acero inoxidable. - Base giratoria 360º con conexión central. - Asa ergonómica. - Resistencia Oculta. - Filtro extraíble fácil limpieza. - Apagado automático. - Botón para apertura de tapa. - Alojamiento para el cable.",COD: LQ-PV806
,https://firebasestorage.stagebeta.kyte.site/v0/b/kyte-7c484.appspot.com/o/ZFyc7Bt6RkXUMOZjV0nJrgbWuBK2%2Fthumb_280_ItuXxb5EMPF9rw9lSAVIXQ%3D%3D.jpg?alt=media,Picadora de Alimentos 1200ml 500w Lusqtoff LQ-CH080,LUSQTOFF HOME,"ARS 37,275.00",,PICADORA DE ALIMENTOS MULTIPROCESADORA DE 1200ML LUSQTOFF LQE33 DE 500W LQ-CH080 • Dos niveles de velocidad para mayor practicidad. • Cuatro filosas cuchillas de acero inoxidable. • Bowl de vidrio resistente. • Base anti-deslizante. - Potencia: 500 W - Capacidad: 1200 ml,COD: LQ-CH080
,https://firebasestorage.stagebeta.kyte.site/v0/b/kyte-7c484.appspot.com/o/ZFyc7Bt6RkXUMOZjV0nJrgbWuBK2%2Fthumb_280_m%2Br4K6xgHkO8lv1HfysZ2A%3D%3D.jpg?alt=media,Picadora de Alimentos 2000ml 600w Lusqtoff LQ-CH090,LUSQTOFF HOME,"ARS 38,839.50",,PICADORA DE ALIMENTOS MULTIPROCESADORA DE 2 LITROS LUSQTOFF LQE34 DE 600W LQ-CH090 • Dos niveles de velocidad para mayor practicidad. • Cuatro filosas cuchillas de acero inoxidable. • Bowl de vidrio resistente. • Base anti-deslizante. - Potencia: 600 W - Capacidad: 200 ml - Dimensiones: 220 x 260 x 195 mm,COD: LQ-CH090
,https://firebasestorage.stagebeta.kyte.site/v0/b/kyte-7c484.appspot.com/o/ZFyc7Bt6RkXUMOZjV0nJrgbWuBK2%2Fthumb_280_FlSnwZFYir%2B1DdixjpSdw%3D%3D.jpg?alt=media,Picadora de Alimentos 2000ml 650w Lusqtoff LQ-CH095,LUSQTOFF HOME,"ARS 42,525.00",,PICADORA DE ALIMENTOS MULTIPROCESADORA DE 2 LITROS LUSQTOFF LQE35 DE 650W LQ-CH095 • Dos niveles de velocidad para mayor practicidad. • Cuatro filosas cuchillas de acero inoxidable. • Bowl y cuerpo de acero inoxidable (AISI 304) resistente. • Base anti-deslizante. - Potencia: 650 W - Capacidad: 200 ml - Dimensiones: 220 x 240 x 195 mm,COD: LQ-CH095
,https://firebasestorage.stagebeta.kyte.site/v0/b/kyte-7c484.appspot.com/o/ZFyc7Bt6RkXUMOZjV0nJrgbWuBK2%2Fthumb_280_%2B8veFrTdpABk5pSQPfO6HA%3D%3D.jpg?alt=media,Picadora de Alimentos 600ml 300w Lusqtoff LQ-CH070,LUSQTOFF HOME,"ARS 33,075.00",,PICADORA DE ALIMENTOS MULTIPROCESADORA DE 600ML LUSQTOFF LQE32 DE 300W LQ-CH070 • Dos niveles de velocidad para mayor practicidad. • Cuatro filosas cuchillas de acero inoxidable. • Bowl de vidrio resistente. • Base anti-deslizante. - Potencia: 300 W - Capacidad: 600 ml - Dimensiones: 120 x 250 x 120 mm,COD: LQ-CH070
,https://firebasestorage.stagebeta.kyte.site/v0/b/kyte-7c484.appspot.com/o/ZFyc7Bt6RkXUMOZjV0nJrgbWuBK2%2Fthumb_280_kGwWVrGAwLx99Ppe8dwIyw%3D%3D.jpg?alt=media,Tostadora C/Display Digital Blanca 930w Lüsqtoff LQ-TE402B,LUSQTOFF HOME,"ARS 38,745.00",,Tostadora c/display dig Lusqtoff Blanca LQ-TE402B - Potencia 780 - 930w. - Tension nominal 220-240 V. - Frecuencia nominal 50 Hz. - Niveles de tostado 6. - Capacidad Hasta dos fetas de pan. Funciones: - Descongelar. - Recalentar. - Cancelar. Especificaciones: - Pantalla tactil digital. - Indicador LED de nivel de tostado. - Bandeja recolectora de migas. - Cuerpo frío al tacto. - Guarda cables. - Apoyos antideslizantes. - Medidas externas del producto 19 x 25 x 17 cm (al. x an. x prof.).,COD: LQ-TE402B
,https://firebasestorage.stagebeta.kyte.site/v0/b/kyte-7c484.appspot.com/o/ZFyc7Bt6RkXUMOZjV0nJrgbWuBK2%2Fthumb_280_SoWoQrEZDrnObiPQdDNIdg%3D%3D.jpg?alt=media,Tostadora C/Display Digital Negra 930w Lüsqtoff LQ-TE402,LUSQTOFF HOME,"ARS 38,745.00",,Tostadora c/display dig Lusqtoff negra LQ-TE402 Potencia 780 - 930 WTTS Tension nominal 220-240 V Frecuencia nominal 50 Hz Niveles de tostado 6 Capacidad Hasta dos fetas de pan Funciones: Descongelar Recalentar Cancelar Especificaciones: Pantalla tactil digital Indicador LED de nivel de tostado Bandeja recolectora de migas Cuerpo frío al tacto Guarda cables Apoyos antideslizantes Medidas externas del producto 19 x 25 x 17 cm (al. x an. x prof.),COD: LQ-TE402
,https://firebasestorage.stagebeta.kyte.site/v0/b/kyte-7c484.appspot.com/o/ZFyc7Bt6RkXUMOZjV0nJrgbWuBK2%2Fthumb_280_64HDD4y7UAGD2rYygdKdgg%3D%3D.jpg?alt=media,Tostadora Vintage Eléctrica 7 Niveles 930w Crema Lusqtoff LQ-TE405,LUSQTOFF HOME,"ARS 36,225.00",,"Tostadora vintage Lusqtoff cream LQ-TE405 Descripción Potencia 780 - 930 WTTS Tension nominal 220-240 V Frecuencia nominal 50 Hz Niveles de tostado 7 Capacidad Hasta dos fetas de pan Funciones: Descongelar Recalentar Cancelar Especificaciones: Bandeja recolectora de migas Cuerpo frío al tacto Guarda cables Apoyos antideslizantes Medidas externas del producto 18 x 30 x 18,5 cm (al. x an. x prof.)",COD: LQ-TE405
,https://firebasestorage.stagebeta.kyte.site/v0/b/kyte-7c484.appspot.com/o/ZFyc7Bt6RkXUMOZjV0nJrgbWuBK2%2Fthumb_280_tUqHPzPKMN2wJwQa3nBQw%3D%3D.jpg?alt=media,Tostadora Vintage Eléctrica 7 Niveles 930w Negro Lusqtoff LQ-TE405N,LUSQTOFF HOME,"ARS 36,225.00",,"Tostadora vintage Negro Lüsqtoff (LQ-TE405N) Descripción: - Potencia 780 - 930 WTTS. - Tension nominal 220-240 V. - Frecuencia nominal 50 Hz. - Niveles de tostado 7. - Capacidad Hasta dos fetas de pan. Funciones: - Descongelar. - Recalentar. - Cancelar. Especificaciones: - Bandeja recolectora de migas. - Cuerpo frío al tacto. - Guarda cables. - Apoyos antideslizantes. - Medidas externas del producto 18 x 30 x 18,5 cm (al. x an. x prof.).",COD: LQ-TE405N
,https://firebasestorage.stagebeta.kyte.site/v0/b/kyte-7c484.appspot.com/o/kO7PxYkhJuh8ulF3RSBup3HgPoo1%2Fthumb_280_75D12882-9FA9-41C5-A70A-16ABDCB3071F.jpg?alt=media,Bomba Manual de Aceite Lusqtoff Racing L1033,LUSQTOFF RACING,"ARS 59,850.00",,,
,https://firebasestorage.stagebeta.kyte.site/v0/b/kyte-7c484.appspot.com/o/z8ceXb8w02TssUbULtdA08LxbUz1%2Fthumb_280_6C035BC5-D1C4-4A85-BD85-0915B536A0F2.jpg?alt=media,Destornillador de Impacto Lusqtoff Racing L1039,LUSQTOFF RACING,"ARS 34,545.00",,,
,https://firebasestorage.stagebeta.kyte.site/v0/b/kyte-7c484.appspot.com/o/kO7PxYkhJuh8ulF3RSBup3HgPoo1%2Fthumb_280_9294042A-1663-4F1D-9F9E-FFCF3EECD1EC.jpg?alt=media,Engrasadora Manual 400cc Lusqtoff Racing L1040,LUSQTOFF RACING,"ARS 24,150.00",,,
,https://firebasestorage.stagebeta.kyte.site/v0/b/kyte-7c484.appspot.com/o/uNiBt23xEeTLHc6qq0SczvMaNPf1%2Fthumb_280_926F80E5-E350-4BEB-B144-E040AB2E676F.jpg?alt=media,Espejo Telescopico Artículado Lusqtoff Racing L1019,LUSQTOFF RACING,"ARS 3,937.50",,,
,https://firebasestorage.stagebeta.kyte.site/v0/b/kyte-7c484.appspot.com/o/uNiBt23xEeTLHc6qq0SczvMaNPf1%2Fthumb_280_39F3413D-3D35-4325-BBD2-F1F994E86BFE.jpg?alt=media,Espejo Telescopico con Luz LED Lusqtoff Racing L1020,LUSQTOFF RACING,"ARS 7,875.00",,,
,https://firebasestorage.stagebeta.kyte.site/v0/b/kyte-7c484.appspot.com/o/kO7PxYkhJuh8ulF3RSBup3HgPoo1%2Fthumb_280_1F87A4EA-343D-4777-B9C9-738945C4687C.jpg?alt=media,Etetoscopio para Mecanico Lusqtoff Racing L1034,LUSQTOFF RACING,"ARS 10,290.00",,,
,https://firebasestorage.stagebeta.kyte.site/v0/b/kyte-7c484.appspot.com/o/z8ceXb8w02TssUbULtdA08LxbUz1%2Fthumb_280_23114918-5BD8-4DDC-BB68-FCEBB237B75D.jpg?alt=media,Extractor de Clips 6” Lusqtoff Racing L1030,LUSQTOFF RACING,"ARS 6,090.00",,,
,https://firebasestorage.stagebeta.kyte.site/v0/b/kyte-7c484.appspot.com/o/ZFyc7Bt6RkXUMOZjV0nJrgbWuBK2%2Fthumb_280_wa0yy6ZRePzHuxj5xusNkQ%3D%3D.jpg?alt=media,EXTRACTOR DE RODAMIENTOS • KIT 9 PIEZAS L1005,LUSQTOFF RACING,"ARS 52,395.00",,• Capacidad: para rodamientos de 10 a 30 mm • Apto para remover pequeños engranajes. • Largo del tornillo: 100 mm • Profundidad máxima: 50 mm • Fabricado en Cr-V INCLUYE • 1 Separador φ15-58 mm • 2 garras de 50 mm • 1 Tornillo de empuje • 2 varillas de extensión de 45 mm • 2 Extensores de 30 mm • 1 Viga transversal,COD: L1005
,https://firebasestorage.stagebeta.kyte.site/v0/b/kyte-7c484.appspot.com/o/uNiBt23xEeTLHc6qq0SczvMaNPf1%2Fthumb_280_9DD45859-A9B0-4F27-B636-7638DDC20CB9.jpg?alt=media,Extractor Recolector Neumatico de Aceite 70L Lusqtoff Racing L1045,LUSQTOFF RACING,"ARS 606,900.00",,,
,https://firebasestorage.stagebeta.kyte.site/v0/b/kyte-7c484.appspot.com/o/kO7PxYkhJuh8ulF3RSBup3HgPoo1%2Fthumb_280_93C11AC9-BDB7-4BF3-97AD-2E15F1807672.jpg?alt=media,Extractor Tapones de Carter 12pzs Lusqtoff Racing L1011,LUSQTOFF RACING,"ARS 59,850.00",,,
,https://firebasestorage.stagebeta.kyte.site/v0/b/kyte-7c484.appspot.com/o/ZFyc7Bt6RkXUMOZjV0nJrgbWuBK2%2Fthumb_280_KJqZp3%2B8qZag%2Bau5OmPTGA%3D%3D.jpg?alt=media,GML12-9 GABINETE ORGANIZADOR 2 en 1,LUSQTOFF RACING,"ARS 1,893,706.39",,"• Bandeja superior con tapa • Diseño 2 en 1: Gabinete y cofre desmontable • 12 cajones: 5 superiores - 7 inferiores • Movilidad 4 ruedas: 2 con freno • Cierre de seguridad con llave • Dimensiones totales: 1,04 x 1,60 M INCLUYE • Accesorios para montaje (tornillos, tuercas, etc.). • Manual de usuario",COD: GML12-9
,https://firebasestorage.stagebeta.kyte.site/v0/b/kyte-7c484.appspot.com/o/ZFyc7Bt6RkXUMOZjV0nJrgbWuBK2%2Fthumb_280_cIp5sYWI4faEC5X5APGtTw%3D%3D.jpg?alt=media,GML7-9 GABINETE ORGANIZADOR 2 EN 1,LUSQTOFF RACING,"ARS 391,072.38",,"• Bandeja superior con tapa • Gabinete y cofre desmontable • 6 cajones y armario de 2 puertas • Movilidad: 4 ruedas (2 con frenos - 2 fijas) • 2 cerraduras y llaves • Dimensiones totales 0,62 x 1,09 M INCLUYE • Accesorios para montaje (tornillos, tuercas, etc.). • Manual de usuario.",COD: GML7-9
,https://firebasestorage.stagebeta.kyte.site/v0/b/kyte-7c484.appspot.com/o/uNiBt23xEeTLHc6qq0SczvMaNPf1%2Fthumb_280_D58C4AE1-5CA6-4E13-A0A1-E9256F464B87.jpg?alt=media,Iman Telescopico Extensible Lusqtoff Racing L1018,LUSQTOFF RACING,"ARS 4,410.00",,,
,https://firebasestorage.stagebeta.kyte.site/v0/b/kyte-7c484.appspot.com/o/kO7PxYkhJuh8ulF3RSBup3HgPoo1%2Fthumb_280_6EF42C7D-3B35-4F18-8C70-23739EB68F67.jpg?alt=media,Juego de Insertos para Roscas 131pzs Lusqtoff Racing L1017,LUSQTOFF RACING,"ARS 89,250.00",,,
,https://firebasestorage.stagebeta.kyte.site/v0/b/kyte-7c484.appspot.com/o/kO7PxYkhJuh8ulF3RSBup3HgPoo1%2Fthumb_280_8BA8CBB7-15B0-4899-9C27-C765DAA50425.jpg?alt=media,Juego de Puntas Torx y Bocallaves Lusqtoff Racing L1048,LUSQTOFF RACING,"ARS 56,700.00",,,
,https://firebasestorage.stagebeta.kyte.site/v0/b/kyte-7c484.appspot.com/o/kO7PxYkhJuh8ulF3RSBup3HgPoo1%2Fthumb_280_3594239C-3D35-42AF-86FF-7755DB316437.jpg?alt=media,"Juego de Torx, Hexagonales y Multiestrias 40pzs Lusqtoff Racing L1047",LUSQTOFF RACING,"ARS 46,200.00",,,
,https://firebasestorage.stagebeta.kyte.site/v0/b/kyte-7c484.appspot.com/o/kO7PxYkhJuh8ulF3RSBup3HgPoo1%2Fthumb_280_0F28347D-E68B-42B9-8EA9-D832BBB5B79D.jpg?alt=media,Juego Reparador de Roscas 49pzs Lusqtoff Racing L1046,LUSQTOFF RACING,"ARS 172,200.00",,,
,https://firebasestorage.stagebeta.kyte.site/v0/b/kyte-7c484.appspot.com/o/kO7PxYkhJuh8ulF3RSBup3HgPoo1%2Fthumb_280_3FDF8305-0164-43AB-A7D4-6DB31B70C263.jpg?alt=media,Kit Compresometro Diesel 19pzs Lusqtoff Racing L1015,LUSQTOFF RACING,"ARS 65,100.00",,,
,https://firebasestorage.stagebeta.kyte.site/v0/b/kyte-7c484.appspot.com/o/kO7PxYkhJuh8ulF3RSBup3HgPoo1%2Fthumb_280_DE146980-3654-408A-8C6F-E3E615D8D1BB.jpg?alt=media,Kit Compresometro Nafta Lusqtoff Racing L1000,LUSQTOFF RACING,"ARS 29,400.00",,,
,https://firebasestorage.stagebeta.kyte.site/v0/b/kyte-7c484.appspot.com/o/uNiBt23xEeTLHc6qq0SczvMaNPf1%2Fthumb_280_296CA373-501A-4C16-BC61-044B60E030C3.jpg?alt=media,Punta Logica de Prueba Lusqtoff Racing L1031,LUSQTOFF RACING,"ARS 6,615.00",,,
,https://firebasestorage.stagebeta.kyte.site/v0/b/kyte-7c484.appspot.com/o/uNiBt23xEeTLHc6qq0SczvMaNPf1%2Fthumb_280_3829E01E-8765-4067-87DB-1D111A3812DC.jpg?alt=media,Saca Filtro Universal de Cadena Lusqtoff Racing L1008,LUSQTOFF RACING,"ARS 7,875.00",,,
,https://firebasestorage.stagebeta.kyte.site/v0/b/kyte-7c484.appspot.com/o/uNiBt23xEeTLHc6qq0SczvMaNPf1%2Fthumb_280_A80B9B95-84A0-4E14-9102-122E3C65077B.jpg?alt=media,Saca Filtros Fleje Giratorio 73-85mm Lusqtoff Racing L1023,LUSQTOFF RACING,"ARS 6,930.00",,,
,https://firebasestorage.stagebeta.kyte.site/v0/b/kyte-7c484.appspot.com/o/uNiBt23xEeTLHc6qq0SczvMaNPf1%2Fthumb_280_1EE66F93-CD0B-4508-82A5-2AD7748BDEB5.jpg?alt=media,Saca Filtros Fleje Giratorio 85-95mm Lusqtoff Racing L1024,LUSQTOFF RACING,"ARS 8,085.00",,,
,https://firebasestorage.stagebeta.kyte.site/v0/b/kyte-7c484.appspot.com/o/kO7PxYkhJuh8ulF3RSBup3HgPoo1%2Fthumb_280_878D45AA-AC77-4F61-BFF8-4B92302146FF.jpg?alt=media,Set Extractor Caliper de Freno 18pzs Lusqtoff Racing L1001,LUSQTOFF RACING,"ARS 67,095.00",,,
,https://firebasestorage.stagebeta.kyte.site/v0/b/kyte-7c484.appspot.com/o/z8ceXb8w02TssUbULtdA08LxbUz1%2Fthumb_280_1A92371E-2682-451A-B3B3-9EE21195D61F.jpg?alt=media,Set Terrajas y Machos 40pcs Lusqtoff Racing L1032,LUSQTOFF RACING,"ARS 66,150.00",,,
8% OFF,https://firebasestorage.stagebeta.kyte.site/v0/b/kyte-7c484.appspot.com/o/uNiBt23xEeTLHc6qq0SczvMaNPf1%2Fthumb_280_Owwd3FEy%2BN3Z1A8AbUH6w%3D%3D.jpg?alt=media,Amoladora 750w Omaha AA-750,OMAHA,"ARS 36,900.00","ARS 39,900.00",x10 unidades $34.900 c/u,
,https://firebasestorage.stagebeta.kyte.site/v0/b/kyte-7c484.appspot.com/o/z8ceXb8w02TssUbULtdA08LxbUz1%2Fthumb_280_ir5VXdePhnGQQeUQIbH0g%3D%3D.jpg?alt=media,Bomba Presurizadora Omaha WRS-15/90Z,OMAHA,"ARS 45,139.50",,,
,https://firebasestorage.stagebeta.kyte.site/v0/b/kyte-7c484.appspot.com/o/kO7PxYkhJuh8ulF3RSBup3HgPoo1%2Fthumb_280_A6668647-2D27-47FF-A512-B2615E9E521C.jpg?alt=media,Cepillo Rebajador 900w Omaha CE-900,OMAHA,"ARS 95,025.00",,,COD: 7798325014927
,https://firebasestorage.stagebeta.kyte.site/v0/b/kyte-7c484.appspot.com/o/uNiBt23xEeTLHc6qq0SczvMaNPf1%2Fthumb_280_CC48B46F-690C-4640-A902-B2B307B6A9C4.jpg?alt=media,Cortacaño 42mm Omaha CUT-01,OMAHA,"ARS 9,660.00",,,
,https://firebasestorage.stagebeta.kyte.site/v0/b/kyte-7c484.appspot.com/o/uNiBt23xEeTLHc6qq0SczvMaNPf1%2Fthumb_280_1A01C727-6443-4EF1-A3E0-FAF3ADBDEF7B.jpg?alt=media,Llaves Combinadas Omaha JL-19,OMAHA,"ARS 29,295.00",,,
,https://firebasestorage.stagebeta.kyte.site/v0/b/kyte-7c484.appspot.com/o/uNiBt23xEeTLHc6qq0SczvMaNPf1%2Fthumb_280_lL0uR3VeRBEFXoNHcxZfw%3D%3D.jpg?alt=media,Lp1500 Pulidora Lustralijadora 1500w Omaha,OMAHA,"ARS 95,550.00",,,
8% OFF,https://firebasestorage.stagebeta.kyte.site/v0/b/kyte-7c484.appspot.com/o/yqjNgIWNHSPtDU8IsxdtNJ9QjBh2%2Fthumb_280_ojkro1AQ9G1HxLz2IDNjMA%3D%3D.jpg?alt=media,PISTOLA DE CALOR PK-1800 ELÉCTRICA OMAHA 1800W,OMAHA,"ARS 26,700.00","ARS 28,900.00",x5 unidades $25.500 c/u,
,https://firebasestorage.stagebeta.kyte.site/v0/b/kyte-7c484.appspot.com/o/uNiBt23xEeTLHc6qq0SczvMaNPf1%2Fthumb_280_15F017FD-8C8E-40F0-9A23-34F4288809F5.jpg?alt=media,Soldadora Inverter 120A Omaha SMITH-120,OMAHA,"ARS 94,300.00",,,
,https://firebasestorage.stagebeta.kyte.site/v0/b/kyte-7c484.appspot.com/o/kO7PxYkhJuh8ulF3RSBup3HgPoo1%2Fthumb_280_8C06BD0F-43A8-4515-B083-940BDA75832E.jpg?alt=media,262c CANILLA MONOCOMANDO CUDRADA NEGRA,ORYX,"ARS 17,745.00",,,
,https://firebasestorage.stagebeta.kyte.site/v0/b/kyte-7c484.appspot.com/o/kO7PxYkhJuh8ulF3RSBup3HgPoo1%2Fthumb_280_D44DA2F5-38EE-4152-8021-1F923A633257.jpg?alt=media,265A GRIFERIA MONOCOMANDO LAVATORIO NEGRA,ORYX,"ARS 23,100.00",,,
,https://firebasestorage.stagebeta.kyte.site/v0/b/kyte-7c484.appspot.com/o/kO7PxYkhJuh8ulF3RSBup3HgPoo1%2Fthumb_280_24500B7E-0F32-4C7D-A016-A180AF04AA6F.jpg?alt=media,296A GRIFERIA DE BAÑO LAVATORIO ALTO COLOR GRIS,ORYX,"ARS 27,510.00",,,
,https://firebasestorage.stagebeta.kyte.site/v0/b/kyte-7c484.appspot.com/o/kO7PxYkhJuh8ulF3RSBup3HgPoo1%2Fthumb_280_BBE59C60-5EDD-40CE-AB9E-F69FBB03634B.jpg?alt=media,304A CANILLA FLEXIBLE COLOR NEGRO,ORYX,"ARS 28,665.00",,COMPRA MINIMA 20 UNIDADES,
,https://firebasestorage.stagebeta.kyte.site/v0/b/kyte-7c484.appspot.com/o/uNiBt23xEeTLHc6qq0SczvMaNPf1%2Fthumb_280_4744E468-702D-4D97-B489-33BCEE767E27.jpg?alt=media,Aspiradora de Mano y Vertical 400w Oryx OR-MOP01,ORYX,"ARS 44,300.00",,,
,https://firebasestorage.stagebeta.kyte.site/v0/b/kyte-7c484.appspot.com/o/kO7PxYkhJuh8ulF3RSBup3HgPoo1%2Fthumb_280_xi5jobI3EsMqZLTRpohXSA%3D%3D.jpg?alt=media,Aspiradora Industrial 20L Oryx OR-16LD,ORYX,"ARS 74,900.00",,,
,https://firebasestorage.stagebeta.kyte.site/v0/b/kyte-7c484.appspot.com/o/uNiBt23xEeTLHc6qq0SczvMaNPf1%2Fthumb_280_gpH2RvptJJd4Ca3eSIhhVQ%3D%3D.jpg?alt=media,Bordeadora Inalámbrica 21v Oryx BOR100,ORYX,"ARS 94,395.00",,,
,https://firebasestorage.stagebeta.kyte.site/v0/b/kyte-7c484.appspot.com/o/ZFyc7Bt6RkXUMOZjV0nJrgbWuBK2%2Fthumb_280_EA00F163-2C23-4369-991C-DC320397EC66.jpg?alt=media,C90W2 Máscara Fotosensible Oryx,ORYX,"ARS 19,530.00",,,
,https://firebasestorage.stagebeta.kyte.site/v0/b/kyte-7c484.appspot.com/o/uNiBt23xEeTLHc6qq0SczvMaNPf1%2Fthumb_280_33A4912C-5833-4EC0-9AB8-04E7CE6E61DF.jpg?alt=media,Camara Seguridad Wifi IP66 Oryx,ORYX,"ARS 39,900.00",,,
,https://firebasestorage.stagebeta.kyte.site/v0/b/kyte-7c484.appspot.com/o/yqjNgIWNHSPtDU8IsxdtNJ9QjBh2%2Fthumb_280_QuiRGFp3AykM9C7A5HUJ2A%3D%3D.jpg?alt=media,CONTADORA DE BILLETES M21E ORYX,ORYX,"ARS 112,245.00",,,
,https://firebasestorage.stagebeta.kyte.site/v0/b/kyte-7c484.appspot.com/o/uNiBt23xEeTLHc6qq0SczvMaNPf1%2Fthumb_280_D2CF8D46-1F6D-4118-8921-90B443B18F5F.jpg?alt=media,Convector Eléctrico 2000w Oryx,ORYX,"ARS 47,775.00",,,COD: DL2000
,https://firebasestorage.stagebeta.kyte.site/v0/b/kyte-7c484.appspot.com/o/ZFyc7Bt6RkXUMOZjV0nJrgbWuBK2%2Fthumb_280_D6C9BED9-D7E1-4DE0-9BD2-B18FB67DC331.jpg?alt=media,E93H Máscara Fotosensible Oryx,ORYX,"ARS 30,200.00",,,COD: E93H
,https://firebasestorage.stagebeta.kyte.site/v0/b/kyte-7c484.appspot.com/o/uNiBt23xEeTLHc6qq0SczvMaNPf1%2Fthumb_280_D1E014D3-67BB-4887-9A9B-AC0B71CE842A.jpg?alt=media,EL678 Hidrolavadora Inalámbrica Oryx,ORYX,"ARS 49,875.00",,,
,https://firebasestorage.stagebeta.kyte.site/v0/b/kyte-7c484.appspot.com/o/ZFyc7Bt6RkXUMOZjV0nJrgbWuBK2%2Fthumb_280_Tdumqe99wiv7TxbkQd5sPw%3D%3D.jpg?alt=media,ETL0113 LLAVE TUBO 46PC. CAJA ROJO,ORYX,"ARS 9,240.00",,,
,https://firebasestorage.stagebeta.kyte.site/v0/b/kyte-7c484.appspot.com/o/kO7PxYkhJuh8ulF3RSBup3HgPoo1%2Fthumb_280_EC50D004-ECE0-4638-B26B-214FA29C1BF0.jpg?alt=media,"GENERADOR 7,5 KVA ARRANQUE ELECTRICO ORYX",ORYX,"ARS 1,039,500.00",,,
,https://firebasestorage.stagebeta.kyte.site/v0/b/kyte-7c484.appspot.com/o/z8ceXb8w02TssUbULtdA08LxbUz1%2Fthumb_280_dRyL2z3ZZwq5RNfCzy5srg%3D%3D.jpg?alt=media,Llave criquet 1/2 ORYX El642,ORYX,"ARS 18,500.00",,,
,https://firebasestorage.stagebeta.kyte.site/v0/b/kyte-7c484.appspot.com/o/uNiBt23xEeTLHc6qq0SczvMaNPf1%2Fthumb_280_yAi8rE0WGGL7IsB2cTbmuA%3D%3D.jpg?alt=media,Llave de Impacto Neumática Oryx OR-396,ORYX,"ARS 69,600.00",,"• Kit de 17 piezas • Encastre 1/2″ • 7000 RPM • Incluye:10 tubos, Barras de extensión, Mini engrasador, Llave hexagonal, Aceite",COD: OR-396
,https://firebasestorage.stagebeta.kyte.site/v0/b/kyte-7c484.appspot.com/o/kO7PxYkhJuh8ulF3RSBup3HgPoo1%2Fthumb_280_D3D038BB-84A1-45FA-9938-20F08D4333B8.jpg?alt=media,Luz Led Emergencia Solar Oryx OR-0809,ORYX,"ARS 14,280.00",,,
,https://firebasestorage.stagebeta.kyte.site/v0/b/kyte-7c484.appspot.com/o/ZFyc7Bt6RkXUMOZjV0nJrgbWuBK2%2Fthumb_280_TdUq0RxxOUZLyCoCMEK7A%3D%3D.jpg?alt=media,OR0155 PILAS AA ORYX x4 UNIDADES,ORYX,"ARS 1,200.00",,,COD: OR0155
,https://firebasestorage.stagebeta.kyte.site/v0/b/kyte-7c484.appspot.com/o/ZFyc7Bt6RkXUMOZjV0nJrgbWuBK2%2Fthumb_280_Eq9VUGr3JDgjXm2Ifrw4w%3D%3D.jpg?alt=media,OR0156 PILAS AAA ORYX X 4 UNIDADES,ORYX,"ARS 1,050.00",,,COD: OR0156
,https://firebasestorage.stagebeta.kyte.site/v0/b/kyte-7c484.appspot.com/o/z8ceXb8w02TssUbULtdA08LxbUz1%2Fthumb_280_dgsEWNZBhB4eDQ7mGu1NQ%3D%3D.jpg?alt=media,OR101A Camara Inteligente Wifi Oryx,ORYX,"ARS 37,926.00",,,COD: OR101A
,https://firebasestorage.stagebeta.kyte.site/v0/b/kyte-7c484.appspot.com/o/kO7PxYkhJuh8ulF3RSBup3HgPoo1%2Fthumb_280_mlKj7Aoxz7%2B0oRt3DRL5Q%3D%3D.jpg?alt=media,OR118 BATERIA DE COCINA ORYX,ORYX,"ARS 88,200.00",,PRECIO SIN IVA INCLUIDO.,COD: OR118
,https://firebasestorage.stagebeta.kyte.site/v0/b/kyte-7c484.appspot.com/o/kO7PxYkhJuh8ulF3RSBup3HgPoo1%2Fthumb_280_5E53797C-328C-4C5F-8E5F-1E0B61BAD17A.jpg?alt=media,OR-17LD Aspiradora 12L Seco/Humedo Oryx,ORYX,"ARS 69,300.00",,,COD: OR-17LD
,https://firebasestorage.stagebeta.kyte.site/v0/b/kyte-7c484.appspot.com/o/uNiBt23xEeTLHc6qq0SczvMaNPf1%2Fthumb_280_1OR4sUdG02YYMJD4gz75nw%3D%3D.jpg?alt=media,OR-393 Set 108pzs Llaves y Tubos Oryx,ORYX,"ARS 66,675.00",,,
,https://firebasestorage.stagebeta.kyte.site/v0/b/kyte-7c484.appspot.com/o/uNiBt23xEeTLHc6qq0SczvMaNPf1%2Fthumb_280_16zIYTfXbHv0W0CXPSvNQ%3D%3D.jpg?alt=media,Or-394 Set 216pzs Llaves y Tubos Oryx,ORYX,"ARS 138,600.00",,,
,https://firebasestorage.stagebeta.kyte.site/v0/b/kyte-7c484.appspot.com/o/ZFyc7Bt6RkXUMOZjV0nJrgbWuBK2%2Fthumb_280_txGmvMHUz73A9bCkuCwY4w%3D%3D.jpg?alt=media,OR-BD40A BALANZA COMERCIAL DIGITAL 40KG ORYX,ORYX,"ARS 66,150.00",,,COD: OR-BD40A
,https://firebasestorage.stagebeta.kyte.site/v0/b/kyte-7c484.appspot.com/o/ZFyc7Bt6RkXUMOZjV0nJrgbWuBK2%2Fthumb_280_21tJXjTiSI1Oy7BCKAueQ%3D%3D.jpg?alt=media,OR-WET01 KIT DE HERRAMIENTAS 8 en 1,ORYX,"ARS 250,845.00",,,COD: OR-WET01
,https://firebasestorage.stagebeta.kyte.site/v0/b/kyte-7c484.appspot.com/o/uNiBt23xEeTLHc6qq0SczvMaNPf1%2Fthumb_280_127D93A8-C574-4A7B-800A-06EA5C530039.jpg?alt=media,Parlante 8” 30w c/ Micrófono Oryx va SP1146-5,ORYX,"ARS 34,650.00",,,
,https://firebasestorage.stagebeta.kyte.site/v0/b/kyte-7c484.appspot.com/o/uNiBt23xEeTLHc6qq0SczvMaNPf1%2Fthumb_280_127D93A8-C574-4A7B-800A-06EA5C530039.jpg?alt=media,Parlante JUPITER 12” 40w c/ Micrófono Oryx va SP-1163,ORYX,"ARS 110,250.00",,,
,https://firebasestorage.stagebeta.kyte.site/v0/b/kyte-7c484.appspot.com/o/z8ceXb8w02TssUbULtdA08LxbUz1%2Fthumb_280_0C462800-63CF-4D58-8923-84B83762333E.jpg?alt=media,Pava Corte Mate Eléctrica Oryx,ORYX,"ARS 15,015.00",,,
,https://firebasestorage.stagebeta.kyte.site/v0/b/kyte-7c484.appspot.com/o/kO7PxYkhJuh8ulF3RSBup3HgPoo1%2Fthumb_280_0C6IcacVgYuFiCgq7F9Kw%3D%3D.jpg?alt=media,Pava Electrica Oryx OSR9145,ORYX,"ARS 17,848.95",,$13.700 c/u BULTO x16u,
Pilas AA Oryx (caja x60 unidades),,Pilas AA Oryx (caja x60 unidades),ORYX,"ARS 9,800.00",,,
,https://firebasestorage.stagebeta.kyte.site/v0/b/kyte-7c484.appspot.com/o/uNiBt23xEeTLHc6qq0SczvMaNPf1%2Fthumb_280_A0EA0386-19DC-4A58-8FE9-323C375E0253.jpg?alt=media,Pistola de Pintura 650w Oryx TL0503,ORYX,"ARS 27,300.00",,,
,https://firebasestorage.stagebeta.kyte.site/v0/b/kyte-7c484.appspot.com/o/z8ceXb8w02TssUbULtdA08LxbUz1%2Fthumb_280_ADC39821-C6B5-4F0F-8B19-29B35EB0D6D9.jpg?alt=media,Pistola Equipo de Pintar Oryx TL0501,ORYX,"ARS 26,460.00",,,
,https://firebasestorage.stagebeta.kyte.site/v0/b/kyte-7c484.appspot.com/o/z8ceXb8w02TssUbULtdA08LxbUz1%2Fthumb_280_91544D8B-FDBC-4FE7-86F4-436DEDE056E5.jpg?alt=media,Pistola Equipo de Pintar Oryx TL0502,ORYX,"ARS 26,460.00",,,
,https://firebasestorage.stagebeta.kyte.site/v0/b/kyte-7c484.appspot.com/o/kO7PxYkhJuh8ulF3RSBup3HgPoo1%2Fthumb_280_UhgNF3QEDRqEehaRQMbahw%3D%3D.jpg?alt=media,Pulidora Lustradora 1400W Oryx OR-CAP04,ORYX,"ARS 89,250.00",,,
,https://firebasestorage.stagebeta.kyte.site/v0/b/kyte-7c484.appspot.com/o/uNiBt23xEeTLHc6qq0SczvMaNPf1%2Fthumb_280_A9F1DF52-D83F-47F9-8CC5-493DF385F58A.jpg?alt=media,Pulverizador 5lts a Presión Oryx OR-MSG5,ORYX,"ARS 26,355.00",,,
,https://firebasestorage.stagebeta.kyte.site/v0/b/kyte-7c484.appspot.com/o/uNiBt23xEeTLHc6qq0SczvMaNPf1%2Fthumb_280_2FA31C84-8768-4DBE-B1A9-0D1D59CF337B.jpg?alt=media,Rotomartillo 850w Oryx OR502,ORYX,"ARS 81,375.00",,,
,https://firebasestorage.stagebeta.kyte.site/v0/b/kyte-7c484.appspot.com/o/uNiBt23xEeTLHc6qq0SczvMaNPf1%2Fthumb_280_FA463965-01F4-4ADE-8090-846FF5AC8261.jpg?alt=media,Soplador Inalámbrico 21v Oryx,ORYX,"ARS 45,900.00",,,
,https://firebasestorage.stagebeta.kyte.site/v0/b/kyte-7c484.appspot.com/o/uNiBt23xEeTLHc6qq0SczvMaNPf1%2Fthumb_280_66257E12-6850-4B70-929B-A548A016CF61.jpg?alt=media,Taladro 21v Inalámbrico Oryx EL669,ORYX,"ARS 69,900.00",,,
,https://firebasestorage.stagebeta.kyte.site/v0/b/kyte-7c484.appspot.com/o/kO7PxYkhJuh8ulF3RSBup3HgPoo1%2Fthumb_280_0A5F1592-4209-48B6-942B-FE42668C456E.jpg?alt=media,Termofusora 1500w Oryx OR312WM,ORYX,"ARS 58,700.00",,,
,https://firebasestorage.stagebeta.kyte.site/v0/b/kyte-7c484.appspot.com/o/z8ceXb8w02TssUbULtdA08LxbUz1%2Fthumb_280_TrwESbp76l9XCs8W4IruQ%3D%3D.jpg?alt=media,Ventilador Retractil con Luminaria Oryx,ORYX,"ARS 99,750.00",,,
,https://firebasestorage.stagebeta.kyte.site/v0/b/kyte-7c484.appspot.com/o/kO7PxYkhJuh8ulF3RSBup3HgPoo1%2Fthumb_280_12F26A59-4B13-4E0C-8FD2-08603400A08E.jpg?alt=media,LATEX POLLUX x10 Lts,POLLUX,"ARS 18,375.00",,,
,https://firebasestorage.stagebeta.kyte.site/v0/b/kyte-7c484.appspot.com/o/kO7PxYkhJuh8ulF3RSBup3HgPoo1%2Fthumb_280_333D5C11-FB0C-4372-89C0-A95F4BF12444.jpg?alt=media,LATEX POLLUX x20 LTS,POLLUX,"ARS 28,560.00",,,
Membrana POLLUX 4KG X195 UNIDADES,,Membrana POLLUX 4KG X195 UNIDADES,POLLUX,ARS 0.00,,,
,https://firebasestorage.stagebeta.kyte.site/v0/b/kyte-7c484.appspot.com/o/kO7PxYkhJuh8ulF3RSBup3HgPoo1%2Fthumb_280_8C42E889-2A86-4EA9-A548-69E81A24B068.jpg?alt=media,"MEMBRANA TECHOS Y TERRAZAS POLLUX , BLANCO 20lts x36 unidades",POLLUX,"ARS 1,148,070.00",,,
,https://firebasestorage.stagebeta.kyte.site/v0/b/kyte-7c484.appspot.com/o/kO7PxYkhJuh8ulF3RSBup3HgPoo1%2Fthumb_280_5FD6D30E-1751-4397-822D-F838D982A110.jpg?alt=media,ARCO SIERRA 12” Pretul 20017,PRETUL,"ARS 7,738.50",,COMPRA MÍNIMA 6 unidades PRECIO SIN IVA INCLUIDO,COD: 17501206602208
,https://firebasestorage.stagebeta.kyte.site/v0/b/kyte-7c484.appspot.com/o/kO7PxYkhJuh8ulF3RSBup3HgPoo1%2Fthumb_280_92C9543F-58CC-4D01-81F4-E907E261D108.jpg?alt=media,B0502 INODORO LARGO DOMANI (SIN ASIENTO Y SIN DEPOSITO),SANITARIO,"ARS 95,760.00",,,
,https://firebasestorage.stagebeta.kyte.site/v0/b/kyte-7c484.appspot.com/o/kO7PxYkhJuh8ulF3RSBup3HgPoo1%2Fthumb_280_7C80308F-172A-483D-8F10-C427C236C5DD.jpg?alt=media,B0503 BIDET 3 AGUJEROS DOMANI,SANITARIO,"ARS 99,330.00",,,
,https://firebasestorage.stagebeta.kyte.site/v0/b/kyte-7c484.appspot.com/o/kO7PxYkhJuh8ulF3RSBup3HgPoo1%2Fthumb_280_89E68AA0-A4BA-4A2B-944A-8DF314D1B667.jpg?alt=media,B0504 BIDET 1 AGUJERO domani,SANITARIO,"ARS 99,330.00",,,
,https://firebasestorage.stagebeta.kyte.site/v0/b/kyte-7c484.appspot.com/o/kO7PxYkhJuh8ulF3RSBup3HgPoo1%2Fthumb_280_DDA3112D-DDC2-43BB-901A-E8C612A56CE1.jpg?alt=media,B0505 DEPOSITO DE APOYAR CON SIMPLE DESCARGA,SANITARIO,"ARS 85,575.00",,,
,https://firebasestorage.stagebeta.kyte.site/v0/b/kyte-7c484.appspot.com/o/kO7PxYkhJuh8ulF3RSBup3HgPoo1%2Fthumb_280_251FEBC2-DB15-4876-879E-6D472DC9FBA5.jpg?alt=media,SELLADOR H3 125cc (25un),SANITARIO,"ARS 121,590.00",,Venta mínima pack 24u,COD: 000007402423220000014743
,https://firebasestorage.stagebeta.kyte.site/v0/b/kyte-7c484.appspot.com/o/kO7PxYkhJuh8ulF3RSBup3HgPoo1%2Fthumb_280_F0FE1C96-8CD9-4A61-87FC-AC8FAFEABF58.jpg?alt=media,SELLADOR H3 25cc,SANITARIO,"ARS 1,743.00",,Compra mínima 25 unidades,COD: 17798072470820
,https://firebasestorage.stagebeta.kyte.site/v0/b/kyte-7c484.appspot.com/o/kO7PxYkhJuh8ulF3RSBup3HgPoo1%2Fthumb_280_A7135A5C-7508-4DD0-AE46-25FB13F72547.jpg?alt=media,TI-2020 ASIENTO DE INODORO UNIVERSAL LATYN,SANITARIO,"ARS 23,415.00",,Madera laqueada,
,https://firebasestorage.stagebeta.kyte.site/v0/b/kyte-7c484.appspot.com/o/ZFyc7Bt6RkXUMOZjV0nJrgbWuBK2%2Fthumb_280_9227C7B4-E74B-48AD-873F-34F40BF9E911.jpg?alt=media,10437 Candado Sueco Serie 120 40 mm,YALE,"ARS 15,750.00",,,COD: 10437
,https://firebasestorage.stagebeta.kyte.site/v0/b/kyte-7c484.appspot.com/o/ZFyc7Bt6RkXUMOZjV0nJrgbWuBK2%2Fthumb_280_96C46766-B1CB-4324-B672-792CBBC6294F.jpg?alt=media,10439 Candado Sueco Serie 120 60 mm,YALE,"ARS 30,975.00",,,COD: 10439
,https://firebasestorage.stagebeta.kyte.site/v0/b/kyte-7c484.appspot.com/o/ZFyc7Bt6RkXUMOZjV0nJrgbWuBK2%2Fthumb_280_0k3SIJGM4V7nEtG3ZKoV0g%3D%3D.jpg?alt=media,10564 Italiano 110 25 mm,YALE,"ARS 4,305.00",,,COD: 10564
,https://firebasestorage.stagebeta.kyte.site/v0/b/kyte-7c484.appspot.com/o/ZFyc7Bt6RkXUMOZjV0nJrgbWuBK2%2Fthumb_280_7fWybsV1BWpmYDH5mhVQ%3D%3D.jpg?alt=media,1107 Italiano 110 40 mm,YALE,"ARS 8,767.50",,,COD: 1107
,https://firebasestorage.stagebeta.kyte.site/v0/b/kyte-7c484.appspot.com/o/ZFyc7Bt6RkXUMOZjV0nJrgbWuBK2%2Fthumb_280_KGVwqasbuHM50o9s76if6g%3D%3D.jpg?alt=media,1108 Italiano 110 50 mm,YALE,"ARS 13,755.00",,,COD: 1108
,https://firebasestorage.stagebeta.kyte.site/v0/b/kyte-7c484.appspot.com/o/ZFyc7Bt6RkXUMOZjV0nJrgbWuBK2%2Fthumb_280_1McsFDIqN6oBLZol773IGg%3D%3D.jpg?alt=media,1513 Serie 1002 Cierrapuerta,YALE,"ARS 42,420.00",,,COD: 1513
,https://firebasestorage.stagebeta.kyte.site/v0/b/kyte-7c484.appspot.com/o/ZFyc7Bt6RkXUMOZjV0nJrgbWuBK2%2Fthumb_280_MclbiMzUXKBi6HYoXt7D4Q%3D%3D.jpg?alt=media,16665 Cerradura 2111,YALE,"ARS 9,240.00",,,COD: 16665
,https://firebasestorage.stagebeta.kyte.site/v0/b/kyte-7c484.appspot.com/o/ZFyc7Bt6RkXUMOZjV0nJrgbWuBK2%2Fthumb_280_Kv9R0CFvpjasSt2auded5A%3D%3D.jpg?alt=media,16666 Cerradura 2211,YALE,"ARS 9,240.00",,,COD: 16666
,https://firebasestorage.stagebeta.kyte.site/v0/b/kyte-7c484.appspot.com/o/ZFyc7Bt6RkXUMOZjV0nJrgbWuBK2%2Fthumb_280_xVcW8tB9Xuq9K2zD8rflw%3D%3D.jpg?alt=media,16674 Manija Milan PK Silver,YALE,"ARS 9,922.50",,,COD: 16674
,https://firebasestorage.stagebeta.kyte.site/v0/b/kyte-7c484.appspot.com/o/ZFyc7Bt6RkXUMOZjV0nJrgbWuBK2%2Fthumb_280_BD842950-332F-479C-91E4-10D906BD3595.jpg?alt=media,16719 CERRADURA 9224A,YALE,"ARS 18,795.00",,,
,https://firebasestorage.stagebeta.kyte.site/v0/b/kyte-7c484.appspot.com/o/ZFyc7Bt6RkXUMOZjV0nJrgbWuBK2%2Fthumb_280_RYjojifLA0mVH72iMpI4gQ%3D%3D.jpg?alt=media,16720 CERRADURA 9214A,YALE,"ARS 18,795.00",,,COD: 16720
,https://firebasestorage.stagebeta.kyte.site/v0/b/kyte-7c484.appspot.com/o/ZFyc7Bt6RkXUMOZjV0nJrgbWuBK2%2Fthumb_280_SgsR8sP7G2jXgrz9mQsFBw%3D%3D.jpg?alt=media,16721 CERRADURA 9114A,YALE,"ARS 19,110.00",,,COD: 16721
,https://firebasestorage.stagebeta.kyte.site/v0/b/kyte-7c484.appspot.com/o/ZFyc7Bt6RkXUMOZjV0nJrgbWuBK2%2Fthumb_280_Ur1JZkim%2BeXXbK9p9xgHw%3D%3D.jpg?alt=media,16723 CERROJO 8426A,YALE,"ARS 18,480.00",,,COD: 16723
,https://firebasestorage.stagebeta.kyte.site/v0/b/kyte-7c484.appspot.com/o/ZFyc7Bt6RkXUMOZjV0nJrgbWuBK2%2Fthumb_280_H50bpOgafl3AnHsIu2enWA%3D%3D.jpg?alt=media,35100 Caja Fuerte Medium,YALE,"ARS 78,225.00",,,COD: 35100
,https://firebasestorage.stagebeta.kyte.site/v0/b/kyte-7c484.appspot.com/o/yqjNgIWNHSPtDU8IsxdtNJ9QjBh2%2Fthumb_280_5z5kZecMpgdHdZo1u5oUw%3D%3D.jpg?alt=media,35101 Caja Fuerte Laptop,YALE,"ARS 110,250.00",,,COD: 35101
,https://firebasestorage.stagebeta.kyte.site/v0/b/kyte-7c484.appspot.com/o/yqjNgIWNHSPtDU8IsxdtNJ9QjBh2%2Fthumb_280_4FE315E5-7973-47F2-82FC-7B9CE6876640.jpg?alt=media,16716 Cerrojo 8424A,,ARS 0.01,,,
,https://firebasestorage.stagebeta.kyte.site/v0/b/kyte-7c484.appspot.com/o/ZFyc7Bt6RkXUMOZjV0nJrgbWuBK2%2Fthumb_280_1tJxSIzEvP6Kq408Dx35Sw%3D%3D.jpg?alt=media,6005BJ PARRILLA ENCASTRABLE PORTATIL- BOCA JUNIORS,,"ARS 39,999.00",,,COD: 6005BJ
Aerógrafo Lusqtoff LK04,,Aerógrafo Lusqtoff LK04,,"ARS 54,000.00",,,
,https://firebasestorage.stagebeta.kyte.site/v0/b/kyte-7c484.appspot.com/o/yqjNgIWNHSPtDU8IsxdtNJ9QjBh2%2Fthumb_280_3578016D-9E2A-4167-9B70-C7603E078B64.jpg?alt=media,AML850-9 Amoladora 850w Lusqtoff,,"ARS 60,200.00",,,
Amoladora 1300w 115mm Brushless Lusqtoff A...,,Amoladora 1300w 115mm Brushless Lusqtoff AML1300B-8,,"ARS 74,300.00",,,
,https://firebasestorage.stagebeta.kyte.site/v0/b/kyte-7c484.appspot.com/o/z8ceXb8w02TssUbULtdA08LxbUz1%2Fthumb_280_388FC4E8-3DF0-4C60-997F-BBB80E3F57AC.jpg?alt=media,Amoladora 7” 2000W Orebro AA-7200,,"ARS 91,600.00",,,
,https://firebasestorage.stagebeta.kyte.site/v0/b/kyte-7c484.appspot.com/o/uNiBt23xEeTLHc6qq0SczvMaNPf1%2Fthumb_280_05E31901-3CF4-4820-8E47-740D85DF3C2F.jpg?alt=media,Amoladora 750w Orebro AAS-750,,"ARS 28,300.00",,,
,https://firebasestorage.stagebeta.kyte.site/v0/b/kyte-7c484.appspot.com/o/yqjNgIWNHSPtDU8IsxdtNJ9QjBh2%2Fthumb_280_8871F54A-6ECB-496F-A09E-6522B1F733E4.jpg?alt=media,Atornillador Recargable de Precisión 26 piezas L6995,,"ARS 68,000.00",,,
,https://firebasestorage.stagebeta.kyte.site/v0/b/kyte-7c484.appspot.com/o/uNiBt23xEeTLHc6qq0SczvMaNPf1%2Fthumb_280_4F6E9056-5D17-4D11-820F-AB18D17CEC92.jpg?alt=media,Banqueta Reforzada Apilable,,"ARS 2,867.81",,,
Batería de Litio 40V 5ah Lusqtoff LB4050-8,,Batería de Litio 40V 5ah Lusqtoff LB4050-8,,"ARS 261,000.00",,,
,https://firebasestorage.stagebeta.kyte.site/v0/b/kyte-7c484.appspot.com/o/z8ceXb8w02TssUbULtdA08LxbUz1%2Fthumb_280_3b9b6335-23cf-4a3d-92e3-fc9a83afb57b.jpg?alt=media,BATIDORA DE MANO 200W,,"ARS 16,789.50",,,
,https://firebasestorage.stagebeta.kyte.site/v0/b/kyte-7c484.appspot.com/o/z8ceXb8w02TssUbULtdA08LxbUz1%2Fthumb_280_53a3db3d-22a9-4aea-b8a1-cd7c5e284bfe.jpg?alt=media,Bicicleta R29 MTB,,"ARS 249,900.00",,,
,https://firebasestorage.stagebeta.kyte.site/v0/b/kyte-7c484.appspot.com/o/yqjNgIWNHSPtDU8IsxdtNJ9QjBh2%2Fthumb_280_B178C543-A2CE-4553-892A-1F4D53F2409A.jpg?alt=media,Bomba centrífuga 1hp Garden Plus BC158G-7,,ARS 0.01,,,
,https://firebasestorage.stagebeta.kyte.site/v0/b/kyte-7c484.appspot.com/o/uNiBt23xEeTLHc6qq0SczvMaNPf1%2Fthumb_280_ANBvYiD%2BZ73m5J5amfkRA%3D%3D.jpg?alt=media,Bomba Sumergible 750w Lusqtoff LSP-750,,"ARS 88,095.00",,,
Bomba sumergible Lusqtoff LSP-400,,Bomba sumergible Lusqtoff LSP-400,,ARS 0.01,,,
Boquilla magnética 1/4 65mm x 5 u,,Boquilla magnética 1/4 65mm x 5 u,,"ARS 9,345.00",,,
Bordeadora a Batería Lusqtoff BL18-8B,,Bordeadora a Batería Lusqtoff BL18-8B,,"ARS 71,300.00",,,
,https://firebasestorage.stagebeta.kyte.site/v0/b/kyte-7c484.appspot.com/o/yqjNgIWNHSPtDU8IsxdtNJ9QjBh2%2Fthumb_280_281AA567-12E9-4777-8F31-01DC4E1F6B22.jpg?alt=media,BSB1820-9 BATERÍA 2AMP,,"ARS 31,000.00",,,
,https://firebasestorage.stagebeta.kyte.site/v0/b/kyte-7c484.appspot.com/o/uNiBt23xEeTLHc6qq0SczvMaNPf1%2Fthumb_280_4555D377-FF40-43C5-A53C-FC053AA8DF67.jpg?alt=media,Cable 1.5mm Normalizado x100mts,,"ARS 44,164.31",,,
"CABLE 2,5mm AZUL X 100m",,"CABLE 2,5mm AZUL X 100m",,ARS 0.01,,,
"CABLE 2,5mm MARRÓN X 100m",,"CABLE 2,5mm MARRÓN X 100m",,ARS 0.01,,,
"CABLE 2,5mm ROJO X 100m",,"CABLE 2,5mm ROJO X 100m",,ARS 0.01,,,
,https://firebasestorage.stagebeta.kyte.site/v0/b/kyte-7c484.appspot.com/o/uNiBt23xEeTLHc6qq0SczvMaNPf1%2Fthumb_280_4555D377-FF40-43C5-A53C-FC053AA8DF67.jpg?alt=media,Cable 4mm Normalizado x100mts,,"ARS 44,164.31",,,
,https://firebasestorage.stagebeta.kyte.site/v0/b/kyte-7c484.appspot.com/o/uNiBt23xEeTLHc6qq0SczvMaNPf1%2Fthumb_280_4555D377-FF40-43C5-A53C-FC053AA8DF67.jpg?alt=media,Cable 6mm Normalizado x100mts,,"ARS 44,164.31",,,
,https://firebasestorage.stagebeta.kyte.site/v0/b/kyte-7c484.appspot.com/o/yqjNgIWNHSPtDU8IsxdtNJ9QjBh2%2Fthumb_280_366E973C-8DDE-4EAE-922C-B86EB9E8CCBC.jpg?alt=media,Cable portátil Yale YFX1000,,"ARS 19,500.00",,,
CABLE TALLE 2* 1.5 NORMALIZADO,,CABLE TALLE 2* 1.5 NORMALIZADO,,"ARS 52,395.00",,,
,https://firebasestorage.stagebeta.kyte.site/v0/b/kyte-7c484.appspot.com/o/z8ceXb8w02TssUbULtdA08LxbUz1%2Fthumb_280_39A895E1-4C16-4792-84E7-F331F210B3FB.jpg?alt=media,Cable Taller 2x4mm,,"ARS 171,954.04",,,
,https://firebasestorage.stagebeta.kyte.site/v0/b/kyte-7c484.appspot.com/o/z8ceXb8w02TssUbULtdA08LxbUz1%2Fthumb_280_gZ2HwVs351g7VILNWgKm7w%3D%3D.jpg?alt=media,Cable Taller 2x6mm,,"ARS 253,514.63",,,
CABLE TALLER 5*1.5,,CABLE TALLER 5*1.5,,"ARS 199,500.00",,,
,https://firebasestorage.stagebeta.kyte.site/v0/b/kyte-7c484.appspot.com/o/z8ceXb8w02TssUbULtdA08LxbUz1%2Fthumb_280_9a4bda10-22c5-4b39-8cf7-81520f37627e.jpg?alt=media,Caja 16' para herramientas,,"ARS 22,942.50",,,
,https://firebasestorage.stagebeta.kyte.site/v0/b/kyte-7c484.appspot.com/o/yqjNgIWNHSPtDU8IsxdtNJ9QjBh2%2Fthumb_280_ECA26D10-FD77-4220-8DB2-E96902F1FFD7.jpg?alt=media,Caja Herramientas Chica Utility Box (copia),,ARS 0.01,,,
,https://firebasestorage.stagebeta.kyte.site/v0/b/kyte-7c484.appspot.com/o/yqjNgIWNHSPtDU8IsxdtNJ9QjBh2%2Fthumb_280_ECA26D10-FD77-4220-8DB2-E96902F1FFD7.jpg?alt=media,Caja Herramientas Grande Utility Box,,ARS 0.01,,,
Caja x50u Lapiz Carpintero “BAHCO”,,Caja x50u Lapiz Carpintero “BAHCO”,,"ARS 47,250.00",,,
,https://firebasestorage.stagebeta.kyte.site/v0/b/kyte-7c484.appspot.com/o/yqjNgIWNHSPtDU8IsxdtNJ9QjBh2%2Fthumb_280_F7269BAE-1C98-4263-8C73-B630E50411EC.jpg?alt=media,Calibre Pretul,,"ARS 7,875.00",,,
Camiseta Oficial 2026,,Camiseta Oficial 2026,,ARS 0.01,,,
Canilla 264a monocomando,,Canilla 264a monocomando,,"ARS 11,445.00",,,
Cargador de Batería ECOLINE LCBH-120,,Cargador de Batería ECOLINE LCBH-120,,"ARS 120,000.00",,,
,https://firebasestorage.stagebeta.kyte.site/v0/b/kyte-7c484.appspot.com/o/uNiBt23xEeTLHc6qq0SczvMaNPf1%2Fthumb_280_wkwUwv79XuG8fa%2BGWErZIg%3D%3D.jpg?alt=media,Cargador Mantenedor de Baterías 12/6V Gamma G2717AR,,"ARS 44,100.00",,,
,https://firebasestorage.stagebeta.kyte.site/v0/b/kyte-7c484.appspot.com/o/z8ceXb8w02TssUbULtdA08LxbUz1%2Fthumb_280_3256C89D-177E-479C-8895-855BB727E602.jpg?alt=media,Carreta Reforzada 1.30mts,,"ARS 79,073.62",,,
Carretel Cabezal Automático Desmalezadora ...,,Carretel Cabezal Automático Desmalezadora Universal,,"ARS 7,885.50",,,
,https://firebasestorage.stagebeta.kyte.site/v0/b/kyte-7c484.appspot.com/o/UxJDx4tXqVMwdhW1pLbTXZQNXC03%2Fthumb_280_R77YGv2HfIvuCQQMIpSN2g%3D%3D.jpg?alt=media,Carretel manual DE001.065 desmalezadora,,"ARS 8,190.00",,,
,https://firebasestorage.stagebeta.kyte.site/v0/b/kyte-7c484.appspot.com/o/uNiBt23xEeTLHc6qq0SczvMaNPf1%2Fthumb_280_6A84B55D-2BB9-4D65-B203-74A516209212.jpg?alt=media,CARRETILLA PLASTICA 120 LTS RUEDA NEUMATICA NEGRO TRUPER 11777,,"ARS 139,860.00",,,
,https://firebasestorage.stagebeta.kyte.site/v0/b/kyte-7c484.appspot.com/o/yqjNgIWNHSPtDU8IsxdtNJ9QjBh2%2Fthumb_280_020FB1F2-FEEF-4F1B-9849-168D3635FECC.jpg?alt=media,CEL620-8 CEPILLO 620w.,,"ARS 138,500.00",,,
,https://firebasestorage.stagebeta.kyte.site/v0/b/kyte-7c484.appspot.com/o/yqjNgIWNHSPtDU8IsxdtNJ9QjBh2%2Fthumb_280_9ACDECBB-A417-4871-A881-D7A5BBB9965D.jpg?alt=media,Cerradura Inteligente con cámara LQE-SM-0111,,"ARS 301,000.00",,,
Cerradura Inteligente con cámara LQE-SM-02...,,Cerradura Inteligente con cámara LQE-SM-0205TC,,"ARS 199,500.00",,,
Cerradura Inteligente LQE-SM-0204T,,Cerradura Inteligente LQE-SM-0204T,,"ARS 96,800.00",,,
,https://firebasestorage.stagebeta.kyte.site/v0/b/kyte-7c484.appspot.com/o/yqjNgIWNHSPtDU8IsxdtNJ9QjBh2%2Fthumb_280_014751C1-1C4F-47CA-A03B-BA0570BA167B.jpg?alt=media,Cerradura Inteligente LQE-SM-0205T,,"ARS 133,000.00",,,
,https://firebasestorage.stagebeta.kyte.site/v0/b/kyte-7c484.appspot.com/o/yqjNgIWNHSPtDU8IsxdtNJ9QjBh2%2Fthumb_280_1F3751E5-B2C2-4271-94BD-318B0A26A029.jpg?alt=media,Cerradura Inteligente Picaporte LQE-SM-9401,,"ARS 69,700.00",,,
,https://firebasestorage.stagebeta.kyte.site/v0/b/kyte-7c484.appspot.com/o/yqjNgIWNHSPtDU8IsxdtNJ9QjBh2%2Fthumb_280_BB8A4BEB-53FB-49E9-B0B9-559F635202C2.jpg?alt=media,CHL400-8 CORTADORA DE CÉSPED HELICOIDAL,,"ARS 127,050.00",,,
Cincel Plano SDS-MAX,,Cincel Plano SDS-MAX,,"ARS 17,000.00",,,
,https://firebasestorage.stagebeta.kyte.site/v0/b/kyte-7c484.appspot.com/o/z8ceXb8w02TssUbULtdA08LxbUz1%2Fthumb_280_r4KQrc0Dfm5%2BTtUrNX5Rgw%3D%3D.jpg?alt=media,Cinta cubre Cerco,,"ARS 13,765.50",,,
Cinta de papel 18mm,,Cinta de papel 18mm,,"ARS 2,730.00",,,
Cinta de papel 24mm,,Cinta de papel 24mm,,"ARS 3,675.00",,,
Cinta de papel 36mm,,Cinta de papel 36mm,,"ARS 4,200.00",,,
Cinta de papel 48mm,,Cinta de papel 48mm,,"ARS 5,250.00",,,
Cinta Peligro x200M,,Cinta Peligro x200M,,"ARS 5,659.50",,,
CONO 75 CM SEGURIDAD VIAL,,CONO 75 CM SEGURIDAD VIAL,,"ARS 38,196.90",,,
,https://firebasestorage.stagebeta.kyte.site/v0/b/kyte-7c484.appspot.com/o/yqjNgIWNHSPtDU8IsxdtNJ9QjBh2%2Fthumb_280_C14D487A-329C-4E47-A0E3-07264A1DC325.jpg?alt=media,Corta Caño Omaha 3-32mm CUT-01,,"ARS 9,800.00",,,
,https://firebasestorage.stagebeta.kyte.site/v0/b/kyte-7c484.appspot.com/o/z8ceXb8w02TssUbULtdA08LxbUz1%2Fthumb_280_ofCP4tr5SphxaS6PZeQrZQ%3D%3D.jpg?alt=media,CRIQUE OMAHA 2T,,"ARS 43,312.50",,,
,https://firebasestorage.stagebeta.kyte.site/v0/b/kyte-7c484.appspot.com/o/yqjNgIWNHSPtDU8IsxdtNJ9QjBh2%2Fthumb_280_3526A1A7-28CA-4B4F-A215-0D835C9C6B4B.jpg?alt=media,CSL1200-8 Sierra Circular 1200w 185mm,,"ARS 77,900.00",,,
Cúter EISENPRO,,Cúter EISENPRO,,"ARS 2,625.00",,,
Cúter TOOLMAK,,Cúter TOOLMAK,,"ARS 5,250.00",,,
cutter,,cutter,,"ARS 3,150.00",,,
,https://firebasestorage.stagebeta.kyte.site/v0/b/kyte-7c484.appspot.com/o/ZFyc7Bt6RkXUMOZjV0nJrgbWuBK2%2Fthumb_280_MO5RIPiPvRSebEl5Jk1OEQ%3D%3D.jpg?alt=media,DE001.016 ARRANQUE DESMALEZADORA GAMMA ELITE,,"ARS 5,355.00",,,
,https://firebasestorage.stagebeta.kyte.site/v0/b/kyte-7c484.appspot.com/o/yqjNgIWNHSPtDU8IsxdtNJ9QjBh2%2Fthumb_280_dZPKLuZheyBHOhum4p6tlQ%3D%3D.jpg?alt=media,DE001.065 CABEZAL MANUAL DESMALEZADORA,,"ARS 9,975.00",,,
Desmalezadora Naftera 52cc OSR + Aceite 2T...,,Desmalezadora Naftera 52cc OSR + Aceite 2T 100cc + Tanza,,"ARS 120,000.00",,,
,https://firebasestorage.stagebeta.kyte.site/v0/b/kyte-7c484.appspot.com/o/yqjNgIWNHSPtDU8IsxdtNJ9QjBh2%2Fthumb_280_502CD18A-633F-4E43-9A9E-3BCDAE9E73D2.jpg?alt=media,Destornillador de precisión 17 piezas L6929,,"ARS 11,000.00",,,
,https://firebasestorage.stagebeta.kyte.site/v0/b/kyte-7c484.appspot.com/o/yqjNgIWNHSPtDU8IsxdtNJ9QjBh2%2Fthumb_280_B1EBB306-62D0-47DD-A66A-BBDB53EF6094.jpg?alt=media,Destornillador de precisión 66 piezas L6930,,"ARS 22,300.00",,,
DIFERENCIA A FAVOR,,DIFERENCIA A FAVOR,,"ARS 109,250.00",,,
"Disco de corte 115 1,2 abrasivo",,"Disco de corte 115 1,2 abrasivo",,ARS 604.96,,,
"Disco de Corte 9” 1,9mm Bremen 7420",,"Disco de Corte 9” 1,9mm Bremen 7420",,"ARS 2,856.00",,,
Disco de corte Multiproposito 115mm Lusqto...,,Disco de corte Multiproposito 115mm Lusqtoff,,"ARS 8,000.00",,,
,https://firebasestorage.stagebeta.kyte.site/v0/b/kyte-7c484.appspot.com/o/yqjNgIWNHSPtDU8IsxdtNJ9QjBh2%2Fthumb_280_8219EB7E-8F44-4362-9816-CEB761083FFA.jpg?alt=media,Disco de corte Multiproposito DMP115-9,,"ARS 6,500.00",,,
Disco de Corte para Madera 115mm Lusqtoff ...,,Disco de Corte para Madera 115mm Lusqtoff DMS115-9,,"ARS 4,600.00",,,
,https://firebasestorage.stagebeta.kyte.site/v0/b/kyte-7c484.appspot.com/o/yqjNgIWNHSPtDU8IsxdtNJ9QjBh2%2Fthumb_280_1E099583-423A-4D9C-B1C8-41311C3EFB13.jpg?alt=media,Disco de corte para Vidrio DVC115-9,,"ARS 4,800.00",,,
,https://firebasestorage.stagebeta.kyte.site/v0/b/kyte-7c484.appspot.com/o/z8ceXb8w02TssUbULtdA08LxbUz1%2Fthumb_280_6BB495BD-1CE1-45AD-BC89-85FE9814737F.jpg?alt=media,Disco de desbaste Lusqtoff,,ARS 975.06,,,
Disco Sierra Circular 9” 40D Rhein 09130,,Disco Sierra Circular 9” 40D Rhein 09130,,"ARS 15,750.00",,,
,https://firebasestorage.stagebeta.kyte.site/v0/b/kyte-7c484.appspot.com/o/yqjNgIWNHSPtDU8IsxdtNJ9QjBh2%2Fthumb_280_66A8D498-C65C-46D8-8E76-68D10C4E5798.jpg?alt=media,Engrampadora Clavadora Manual con maletín y accesorios L7740,,"ARS 11,500.00",,,
,https://firebasestorage.stagebeta.kyte.site/v0/b/kyte-7c484.appspot.com/o/yqjNgIWNHSPtDU8IsxdtNJ9QjBh2%2Fthumb_280_0B673EF6-00FC-4AE2-9559-E40B07D825E4.jpg?alt=media,Engrampadora manual metálica L7720,,"ARS 11,000.00",,,
Envío,,Envío,,ARS 0.01,,,
Escalera hogar 3 escalones RAMOS,,Escalera hogar 3 escalones RAMOS,,"ARS 45,360.00",,,
Escalera Hogareña 4 Escalones RAMOS,,Escalera Hogareña 4 Escalones RAMOS,,"ARS 57,750.00",,,
Escalera Hogareña 5 Escalones RAMOS,,Escalera Hogareña 5 Escalones RAMOS,,ARS 0.01,,,
Escalera Tipo Banco 2 Escalones RAMOS,,Escalera Tipo Banco 2 Escalones RAMOS,,"ARS 39,270.00",,,
"Escuadra TRUPER 12""",,"Escuadra TRUPER 12""",,"ARS 15,360.01",,,
Estaño,,Estaño,,ARS 945.00,,,
Exhibidor,,Exhibidor,,"ARS 223,689.38",,,
EXTRACTOR DE ACEITE LUSQTOFF,,EXTRACTOR DE ACEITE LUSQTOFF,,"ARS 839,475.00",,,
Extractor de jugos LQ-JE070,,Extractor de jugos LQ-JE070,,ARS 0.01,,,
FREIDORA GRILL 7L,,FREIDORA GRILL 7L,,"ARS 127,216.16",,,
Gas butano x4 unidades Brogas,,Gas butano x4 unidades Brogas,,"ARS 10,000.00",,,
Giber,,Giber,,"ARS 20,475.00",,,
,https://firebasestorage.stagebeta.kyte.site/v0/b/kyte-7c484.appspot.com/o/z8ceXb8w02TssUbULtdA08LxbUz1%2Fthumb_280_Pj8REiugXuXXQTA1SZx3RQ%3D%3D.jpg?alt=media,Gorra LUSQTOFF,,"ARS 8,820.00",,,
Grifería Cuello de Cisne ITALOMIX,,Grifería Cuello de Cisne ITALOMIX,,ARS 0.01,,,
GRIFERIA DE COCINA BAJA,,GRIFERIA DE COCINA BAJA,,ARS 0.01,,,
GRIFERÍA DE COCINA BAJA LQ401,,GRIFERÍA DE COCINA BAJA LQ401,,ARS 0.01,,,
GRIFERÍA DE COCINA CUELLO ALTO LQ402,,GRIFERÍA DE COCINA CUELLO ALTO LQ402,,ARS 0.01,,,
GUANTE MOTEADO LANA X 180 PARES,,GUANTE MOTEADO LANA X 180 PARES,,"ARS 88,593.75",,,
,https://firebasestorage.stagebeta.kyte.site/v0/b/kyte-7c484.appspot.com/o/yqjNgIWNHSPtDU8IsxdtNJ9QjBh2%2Fthumb_280_2492B82C-A0CB-41B9-92BD-02318C44EC31.jpg?alt=media,Guante Soldador Naranja,,ARS 0.00,,,
GUANTE VERDE 45CM,,GUANTE VERDE 45CM,,ARS 638.14,,,
HCR_90K VINRO APISONADOR CON MOTOR HONDA,,HCR_90K VINRO APISONADOR CON MOTOR HONDA,,ARS 10.40,,,
Horno Air Fryer 10L 1400W Lusqtoff TRI-FOR...,,Horno Air Fryer 10L 1400W Lusqtoff TRI-FORCE,,"ARS 109,100.00",,,
HRZ_90 PLACA COMPACTADORA 5.5HP,,HRZ_90 PLACA COMPACTADORA 5.5HP,,ARS 861.00,,,
Inodoro piazza BO501 ( domani ),,Inodoro piazza BO501 ( domani ),,"ARS 65,001.84",,,
Interruptor para RML850-7 Lusqtoff Repuest...,,Interruptor para RML850-7 Lusqtoff Repuestos RRML8507R82,,"ARS 19,500.00",,,
,https://firebasestorage.stagebeta.kyte.site/v0/b/kyte-7c484.appspot.com/o/yqjNgIWNHSPtDU8IsxdtNJ9QjBh2%2Fthumb_280_E2A5F4E2-6413-412F-A985-AA7C97F58E8E.jpg?alt=media,Iron-180 Soldadora Inverter 160A,,"ARS 165,400.00",,,
"IVA 10,5%",,"IVA 10,5%",,ARS 0.00,,,
Juego 4 Pinzas PETRUL,,Juego 4 Pinzas PETRUL,,"ARS 39,690.00",,,
Juego 8 Destornilladores + 6 de Precisión ...,,Juego 8 Destornilladores + 6 de Precisión TRUPER,,"ARS 60,795.00",,,
,https://firebasestorage.stagebeta.kyte.site/v0/b/kyte-7c484.appspot.com/o/yqjNgIWNHSPtDU8IsxdtNJ9QjBh2%2Fthumb_280_0938BFF0-13A7-47B4-8CF2-4EE6C9C8C327.jpg?alt=media,Juego de 9 Llaves Allen L6940,,"ARS 6,800.00",,,
,https://firebasestorage.stagebeta.kyte.site/v0/b/kyte-7c484.appspot.com/o/yqjNgIWNHSPtDU8IsxdtNJ9QjBh2%2Fthumb_280_5120FF07-0D92-455E-A6B4-36F292A79AB6.jpg?alt=media,Juego de 9 Llaves Torx L6946,,"ARS 8,000.00",,,
,https://firebasestorage.stagebeta.kyte.site/v0/b/kyte-7c484.appspot.com/o/yqjNgIWNHSPtDU8IsxdtNJ9QjBh2%2Fthumb_280_4F097CA5-C6E1-458E-8B45-7503663033B4.jpg?alt=media,Juego de Broca TRUPER KITB-5X,,"ARS 50,295.00",,,
,https://firebasestorage.stagebeta.kyte.site/v0/b/kyte-7c484.appspot.com/o/uNiBt23xEeTLHc6qq0SczvMaNPf1%2Fthumb_280_BD7DDBAE-F215-4006-903E-FA529149F1D3.jpg?alt=media,Juego de Brocas Copa Truper 15405,,"ARS 78,435.00",,,
KDS-101 Set de herramientas 101 Piezas,,KDS-101 Set de herramientas 101 Piezas,,"ARS 45,630.00",,,
,https://firebasestorage.stagebeta.kyte.site/v0/b/kyte-7c484.appspot.com/o/z8ceXb8w02TssUbULtdA08LxbUz1%2Fthumb_280_1Fr1l4mI2WJyZahVLytXQ%3D%3D.jpg?alt=media,Kiar 9W,,ARS 625.18,,,
,https://firebasestorage.stagebeta.kyte.site/v0/b/kyte-7c484.appspot.com/o/z8ceXb8w02TssUbULtdA08LxbUz1%2Fthumb_280_F2296DB6-E8B0-424B-8528-6C7BC2A74209.jpg?alt=media,Kit 40piezas Llaves Tubos,,"ARS 7,245.00",,,
KIT FULL REPARACIÓN MOTOR,,KIT FULL REPARACIÓN MOTOR,,"ARS 25,557.00",,,
,https://firebasestorage.stagebeta.kyte.site/v0/b/kyte-7c484.appspot.com/o/z8ceXb8w02TssUbULtdA08LxbUz1%2Fthumb_280_4b52f006-c2d4-4376-99e4-6b1f7a8e3581.jpg?alt=media,Kit herramientas lusqtoff,,"ARS 195,011.25",,,
,https://firebasestorage.stagebeta.kyte.site/v0/b/kyte-7c484.appspot.com/o/yqjNgIWNHSPtDU8IsxdtNJ9QjBh2%2Fthumb_280_883D54A7-96C1-4AF5-97E1-CE4FBAC080AB.jpg?alt=media,KITMGS Kit de mantenimiento motosierra,,ARS 0.01,,,
,https://firebasestorage.stagebeta.kyte.site/v0/b/kyte-7c484.appspot.com/o/yqjNgIWNHSPtDU8IsxdtNJ9QjBh2%2Fthumb_280_817916D0-4158-4229-9ECC-E9E595ABDF75.jpg?alt=media,KITMLD Kit de mantenimiento para desmalezadora,,ARS 0.01,,,
,https://firebasestorage.stagebeta.kyte.site/v0/b/kyte-7c484.appspot.com/o/yqjNgIWNHSPtDU8IsxdtNJ9QjBh2%2Fthumb_280_BB5FE8EF-E031-415B-B44E-FA702863CF5E.jpg?alt=media,L1014 Corta Remacha Cadenas,,"ARS 37,200.00",,,
,https://firebasestorage.stagebeta.kyte.site/v0/b/kyte-7c484.appspot.com/o/yqjNgIWNHSPtDU8IsxdtNJ9QjBh2%2Fthumb_280_ACE7CA8F-74A1-48DA-85BB-7C22669A635F.jpg?alt=media,L5700 Juego de Bocallaves + Accesorios,,"ARS 48,100.00",,,
,https://firebasestorage.stagebeta.kyte.site/v0/b/kyte-7c484.appspot.com/o/yqjNgIWNHSPtDU8IsxdtNJ9QjBh2%2Fthumb_280_B0A22806-6B32-4E6F-AEC6-6E4B750C3F38.jpg?alt=media,L5706 Juego de Bocallave y llave Crique 12 pzas. Enc. 1/4,,"ARS 24,000.00",,,
,https://firebasestorage.stagebeta.kyte.site/v0/b/kyte-7c484.appspot.com/o/yqjNgIWNHSPtDU8IsxdtNJ9QjBh2%2Fthumb_280_8F4CD813-8CFB-493A-AA82-DF5304BC9F58.jpg?alt=media,L5712 Juego de Bocallave y llave Crique 12 pzas. Enc. 3/8,,"ARS 31,000.00",,,
,https://firebasestorage.stagebeta.kyte.site/v0/b/kyte-7c484.appspot.com/o/yqjNgIWNHSPtDU8IsxdtNJ9QjBh2%2Fthumb_280_1EF079E3-BC96-4D7D-AEB7-4E354298D37F.jpg?alt=media,L5725 Juego de Bocallave y llave Crique 12 pzas. Encastre 1/2,,"ARS 37,500.00",,,
L5824 Torquimetro digital 1/2” profesional,,L5824 Torquimetro digital 1/2” profesional,,"ARS 243,750.00",,,
,https://firebasestorage.stagebeta.kyte.site/v0/b/kyte-7c484.appspot.com/o/yqjNgIWNHSPtDU8IsxdtNJ9QjBh2%2Fthumb_280_A767F1E8-2819-4247-857F-EA8006042207.jpg?alt=media,L6025 Set destornilladores 18 pcs,,"ARS 21,500.00",,,
,https://firebasestorage.stagebeta.kyte.site/v0/b/kyte-7c484.appspot.com/o/yqjNgIWNHSPtDU8IsxdtNJ9QjBh2%2Fthumb_280_0D570754-6EFE-48C1-8B26-FC37F8FB45F9.jpg?alt=media,L6028 Set destornilladores 10 pcs,,"ARS 15,300.00",,,
,https://firebasestorage.stagebeta.kyte.site/v0/b/kyte-7c484.appspot.com/o/yqjNgIWNHSPtDU8IsxdtNJ9QjBh2%2Fthumb_280_FvQMKRHd3tWJYjvsMj5rEQ%3D%3D.jpg?alt=media,L6912 Set Destornilladores x 4 Lusqtoff,,"ARS 7,900.00",,,
,https://firebasestorage.stagebeta.kyte.site/v0/b/kyte-7c484.appspot.com/o/yqjNgIWNHSPtDU8IsxdtNJ9QjBh2%2Fthumb_280_51609B7A-472A-4F7B-A3F7-B2ECEEC73059.jpg?alt=media,L7104 CUCHARA ALBAÑIL 180mm,,"ARS 13,100.00",,,
,https://firebasestorage.stagebeta.kyte.site/v0/b/kyte-7c484.appspot.com/o/yqjNgIWNHSPtDU8IsxdtNJ9QjBh2%2Fthumb_280_A8987097-E187-458D-91D2-E4902481104E.jpg?alt=media,L7106 CUCHARA ALBAÑIL 200mm,,"ARS 13,100.00",,,
,https://firebasestorage.stagebeta.kyte.site/v0/b/kyte-7c484.appspot.com/o/yqjNgIWNHSPtDU8IsxdtNJ9QjBh2%2Fthumb_280_02BF16E3-FB17-41E3-95E2-17172F6EE080.jpg?alt=media,L7905 Linterna led vincha minero recargable,,"ARS 16,300.00",,,
,https://firebasestorage.stagebeta.kyte.site/v0/b/kyte-7c484.appspot.com/o/yqjNgIWNHSPtDU8IsxdtNJ9QjBh2%2Fthumb_280_D7F761D4-6243-4761-90DC-3AB1AFF4B3CC.jpg?alt=media,L8100 Caja de herramientas 14” Lusqtoff,,"ARS 14,500.00",,,
,https://firebasestorage.stagebeta.kyte.site/v0/b/kyte-7c484.appspot.com/o/yqjNgIWNHSPtDU8IsxdtNJ9QjBh2%2Fthumb_280_E8404E91-7DA9-47A1-B447-6EE39D8F04C2.jpg?alt=media,L8102 Caja de herramientas 17” Lusqtoff,,"ARS 20,700.00",,,
,https://firebasestorage.stagebeta.kyte.site/v0/b/kyte-7c484.appspot.com/o/yqjNgIWNHSPtDU8IsxdtNJ9QjBh2%2Fthumb_280_0C6F37B2-C06E-4927-BCB0-B01262965FDB.jpg?alt=media,L8104 Caja de Herramientas 19”,,"ARS 25,800.00",,,
,https://firebasestorage.stagebeta.kyte.site/v0/b/kyte-7c484.appspot.com/o/yqjNgIWNHSPtDU8IsxdtNJ9QjBh2%2Fthumb_280_56A0E7FF-77BB-4856-B7A6-022197EBC155.jpg?alt=media,L8120 Caja de Herramientas 23”,,"ARS 41,200.00",,,
,https://firebasestorage.stagebeta.kyte.site/v0/b/kyte-7c484.appspot.com/o/yqjNgIWNHSPtDU8IsxdtNJ9QjBh2%2Fthumb_280_38EA23DC-EA51-45E9-BD7D-0A0F597E583B.jpg?alt=media,L820-7 Amoladora angular 115mm,,"ARS 41,700.00",,,
,https://firebasestorage.stagebeta.kyte.site/v0/b/kyte-7c484.appspot.com/o/yqjNgIWNHSPtDU8IsxdtNJ9QjBh2%2Fthumb_280_DD18EBA4-1979-4CC1-A451-FA36214E7C0E.jpg?alt=media,LA3.8-8BK Aspiradora a Batería Lusqtoff,,"ARS 93,900.00",,,
,https://firebasestorage.stagebeta.kyte.site/v0/b/kyte-7c484.appspot.com/o/yqjNgIWNHSPtDU8IsxdtNJ9QjBh2%2Fthumb_280_E251D063-80AD-48AD-B854-EAB5448596D1.jpg?alt=media,LAM2100 Amoladora angular 2100w,,ARS 0.01,,,
,https://firebasestorage.stagebeta.kyte.site/v0/b/kyte-7c484.appspot.com/o/yqjNgIWNHSPtDU8IsxdtNJ9QjBh2%2Fthumb_280_B0E81BA1-1485-4C54-A57C-81C0009AFF59.jpg?alt=media,Lámpara 5w Neutro,,"ARS 1,008.90",,,
,https://firebasestorage.stagebeta.kyte.site/v0/b/kyte-7c484.appspot.com/o/yqjNgIWNHSPtDU8IsxdtNJ9QjBh2%2Fthumb_280_BDB7B514-ED6D-43EA-ADA1-6E4ADCE26F41.jpg?alt=media,Lámpara de mesa Vintage LQE-LVIN-DOR,,"ARS 33,000.00",,,
,https://firebasestorage.stagebeta.kyte.site/v0/b/kyte-7c484.appspot.com/o/yqjNgIWNHSPtDU8IsxdtNJ9QjBh2%2Fthumb_280_4B877DE0-90B2-4AF1-9586-8A7BC9F13808.jpg?alt=media,Lámpara de mesa Vintage LQE-LVIN-NEG,,"ARS 33,000.00",,,
LBC1820-8 Set cargador + batería 2.0 A,,LBC1820-8 Set cargador + batería 2.0 A,,"ARS 42,745.50",,,
LBC1840-9 Set de Bateria y Cargador 4.0A L...,,LBC1840-9 Set de Bateria y Cargador 4.0A Lusqtoff,,"ARS 61,320.00",,,
LC2550B-8 COMPRESOR DE AIRE 50 L + KIT DE ...,,LC2550B-8 COMPRESOR DE AIRE 50 L + KIT DE ACC P/COMPRESOR 5 PIEZAS,,"ARS 242,600.00",,,
,https://firebasestorage.stagebeta.kyte.site/v0/b/kyte-7c484.appspot.com/o/yqjNgIWNHSPtDU8IsxdtNJ9QjBh2%2Fthumb_280_qVW7p2rjv7hepkf26DIjw%3D%3D.jpg?alt=media,Lentes de Seguridad Ahumado,,"ARS 1,312.50",,,
LIJA AL AGUA GR 60 AA AX51,,LIJA AL AGUA GR 60 AA AX51,,ARS 870.19,,,
LIJA AL AGUA GR120 AA AX51,,LIJA AL AGUA GR120 AA AX51,,ARS 870.19,,,
LIJA AL AGUA GR80 AA AX51,,LIJA AL AGUA GR80 AA AX51,,ARS 870.19,,,
,https://firebasestorage.stagebeta.kyte.site/v0/b/kyte-7c484.appspot.com/o/yqjNgIWNHSPtDU8IsxdtNJ9QjBh2%2Fthumb_280_AVyDV1Xf6rwSDYfZfVmbDw%3D%3D.jpg?alt=media,LINL28-9B Linterna led a bateria,,"ARS 72,345.00",,,
,https://firebasestorage.stagebeta.kyte.site/v0/b/kyte-7c484.appspot.com/o/yqjNgIWNHSPtDU8IsxdtNJ9QjBh2%2Fthumb_280_4AD4BAC5-C8B6-49B3-A1A0-ED5B57699150.jpg?alt=media,Linterna LED aluminio recargable L7924,,"ARS 44,000.00",,,
,https://firebasestorage.stagebeta.kyte.site/v0/b/kyte-7c484.appspot.com/o/yqjNgIWNHSPtDU8IsxdtNJ9QjBh2%2Fthumb_280_41193C89-AFCB-4EF2-ABD2-816F1D4125C6.jpg?alt=media,Linterna LED aluminio recargable L7926,,ARS 0.01,,,
Linterna Led Lusqtoff L7922,,Linterna Led Lusqtoff L7922,,"ARS 31,100.00",,,
,https://firebasestorage.stagebeta.kyte.site/v0/b/kyte-7c484.appspot.com/o/yqjNgIWNHSPtDU8IsxdtNJ9QjBh2%2Fthumb_280_A20728A5-D02A-4652-ACB8-87EE579E7966.jpg?alt=media,LINTERNA RECARGABLE CON IMÁN MULTIPOSICION L7909,,"ARS 17,000.00",,,
,https://firebasestorage.stagebeta.kyte.site/v0/b/kyte-7c484.appspot.com/o/yqjNgIWNHSPtDU8IsxdtNJ9QjBh2%2Fthumb_280_058D0E2B-7768-4F64-BCD4-A76C500C60D6.jpg?alt=media,LINTERNA RECARGABLE CON IMÁN PLEGABLE L7907,,"ARS 16,000.00",,,
,https://firebasestorage.stagebeta.kyte.site/v0/b/kyte-7c484.appspot.com/o/yqjNgIWNHSPtDU8IsxdtNJ9QjBh2%2Fthumb_280_8AE4AACE-C8D7-452F-A261-6C4FFA9BB5CC.jpg?alt=media,Llave Crique a Batería 1/2” LCL120-B,,"ARS 110,900.00",,,
,https://firebasestorage.stagebeta.kyte.site/v0/b/kyte-7c484.appspot.com/o/yqjNgIWNHSPtDU8IsxdtNJ9QjBh2%2Fthumb_280_D639A4C9-71F0-4DD2-A441-1B4DCE5A4B30.jpg?alt=media,LP-43 PODADORA DE ALTURA 43cc,,"ARS 254,500.00",,,
,https://firebasestorage.stagebeta.kyte.site/v0/b/kyte-7c484.appspot.com/o/yqjNgIWNHSPtDU8IsxdtNJ9QjBh2%2Fthumb_280_DB342F60-4AE1-4403-A0AE-38714FC70BD1.jpg?alt=media,LQ-600 Listón bajo mesada con sensor 60cm Lusqtoff,,"ARS 31,900.00",,,
,https://firebasestorage.stagebeta.kyte.site/v0/b/kyte-7c484.appspot.com/o/yqjNgIWNHSPtDU8IsxdtNJ9QjBh2%2Fthumb_280_29742784-C1DC-4C90-BA3C-491D3729DF09.jpg?alt=media,LQ-800 Listón bajo mesada con sensor 80cm Lusqtoff,,"ARS 39,700.00",,,
,https://firebasestorage.stagebeta.kyte.site/v0/b/kyte-7c484.appspot.com/o/yqjNgIWNHSPtDU8IsxdtNJ9QjBh2%2Fthumb_280_0BB1B577-12F4-4578-A8E1-935D1CA8BBB2.jpg?alt=media,LQ-A802 Parlante LUSQTOFF 15200w,,"ARS 125,989.50",,,
,https://firebasestorage.stagebeta.kyte.site/v0/b/kyte-7c484.appspot.com/o/yqjNgIWNHSPtDU8IsxdtNJ9QjBh2%2Fthumb_280_3A02B0EE-CBCE-4658-AD52-7D8CD46B7BC5.jpg?alt=media,LQ-ADAPTWIFI Adaptador Smart Wifi,,"ARS 19,800.00",,,
,https://firebasestorage.stagebeta.kyte.site/v0/b/kyte-7c484.appspot.com/o/yqjNgIWNHSPtDU8IsxdtNJ9QjBh2%2Fthumb_280_E5ACC9A7-3961-45F1-AFF8-72A7B3C3D7A7.jpg?alt=media,LQ-BLB9S Lámpara 9w RGBW SMART,,"ARS 11,200.00",,,
,https://firebasestorage.stagebeta.kyte.site/v0/b/kyte-7c484.appspot.com/o/yqjNgIWNHSPtDU8IsxdtNJ9QjBh2%2Fthumb_280_4967925D-B85E-4781-8F3D-AE5EBFF606DD.jpg?alt=media,LQC2.5-8 Crique Extra Chato 2.5T.,,"ARS 88,900.00",,,
,https://firebasestorage.stagebeta.kyte.site/v0/b/kyte-7c484.appspot.com/o/yqjNgIWNHSPtDU8IsxdtNJ9QjBh2%2Fthumb_280_E00C2425-4DFB-4457-95C1-423E99D5FADE.jpg?alt=media,LQC2-7 Crique Hidráulico 2TN,,"ARS 51,500.00",,,
,https://firebasestorage.stagebeta.kyte.site/v0/b/kyte-7c484.appspot.com/o/yqjNgIWNHSPtDU8IsxdtNJ9QjBh2%2Fthumb_280_A9AEE954-7537-42B7-8E3A-137D73D93BAF.jpg?alt=media,LQ-EB4015 EXTRACTOR DE BAÑO 4” 15w Lusqtoff (copia),,"ARS 19,700.00",,,
,https://firebasestorage.stagebeta.kyte.site/v0/b/kyte-7c484.appspot.com/o/yqjNgIWNHSPtDU8IsxdtNJ9QjBh2%2Fthumb_280_D7A31410-57A1-4B72-90E8-56BAFE9AC76E.jpg?alt=media,LQ-EB6025 EXTRACTOR DE BAÑO 6” 25w Lusqtoff,,"ARS 25,300.00",,,
,https://firebasestorage.stagebeta.kyte.site/v0/b/kyte-7c484.appspot.com/o/yqjNgIWNHSPtDU8IsxdtNJ9QjBh2%2Fthumb_280_9E8F81B9-3C7C-45B9-BD48-046245C4B4F0.jpg?alt=media,LQE-CRWIFI Control remoto WIFI,,"ARS 19,900.00",,,
,https://firebasestorage.stagebeta.kyte.site/v0/b/kyte-7c484.appspot.com/o/yqjNgIWNHSPtDU8IsxdtNJ9QjBh2%2Fthumb_280_A801A90E-BAA2-4086-AA57-D39ED46BB564.jpg?alt=media,LQ-EME60F Luz de emergencia 2 cabezales,,"ARS 29,600.00",,,
,https://firebasestorage.stagebeta.kyte.site/v0/b/kyte-7c484.appspot.com/o/yqjNgIWNHSPtDU8IsxdtNJ9QjBh2%2Fthumb_280_81EE0BD9-DFD6-4180-AE55-C304D80C10C1.jpg?alt=media,LQE-TLED-IP20C Tira Led 3000K,,"ARS 16,600.00",,,
,https://firebasestorage.stagebeta.kyte.site/v0/b/kyte-7c484.appspot.com/o/yqjNgIWNHSPtDU8IsxdtNJ9QjBh2%2Fthumb_280_CFAAF5EE-1ADC-41A2-829E-6B068F28C777.jpg?alt=media,LQE-TLED-IP20F Tira Led 6500K Luz Fría,,"ARS 16,600.00",,,
,https://firebasestorage.stagebeta.kyte.site/v0/b/kyte-7c484.appspot.com/o/yqjNgIWNHSPtDU8IsxdtNJ9QjBh2%2Fthumb_280_A3CCB369-41A7-4850-BE8B-BCF169DAEF32.jpg?alt=media,LQ-FUELED120 Fuente de alimentación para tira led IP120 60w.,,"ARS 19,200.00",,,
,https://firebasestorage.stagebeta.kyte.site/v0/b/kyte-7c484.appspot.com/o/yqjNgIWNHSPtDU8IsxdtNJ9QjBh2%2Fthumb_280_6123D8DE-A7E7-44E2-967E-6E9103743621.jpg?alt=media,LQ-FUELED60 Fuente de alimentación para tira led IP20 60w.,,"ARS 12,300.00",,,
,https://firebasestorage.stagebeta.kyte.site/v0/b/kyte-7c484.appspot.com/o/yqjNgIWNHSPtDU8IsxdtNJ9QjBh2%2Fthumb_280_BD26F84D-07CB-4A3A-BEB4-EFD57728E26C.jpg?alt=media,LQ-GU5S Lámpara Dicroica GU10 5w. SMART RGBW,,"ARS 11,700.00",,,
,https://firebasestorage.stagebeta.kyte.site/v0/b/kyte-7c484.appspot.com/o/yqjNgIWNHSPtDU8IsxdtNJ9QjBh2%2Fthumb_280_2522A499-41FC-4C6C-B9CE-DF97EA54134D.jpg?alt=media,LQ-KTLED-IP20 KIT TIRA LED RGB 5mts. IP20,,"ARS 20,500.00",,,
,https://firebasestorage.stagebeta.kyte.site/v0/b/kyte-7c484.appspot.com/o/yqjNgIWNHSPtDU8IsxdtNJ9QjBh2%2Fthumb_280_AB22B8D7-37C3-4325-AF1A-8132FA3216ED.jpg?alt=media,LQ-KTLED-IP65 KIT TIRA LED RGB 5mts. IP65,,"ARS 20,500.00",,,
,https://firebasestorage.stagebeta.kyte.site/v0/b/kyte-7c484.appspot.com/o/yqjNgIWNHSPtDU8IsxdtNJ9QjBh2%2Fthumb_280_520601E0-493F-42BD-B121-6B3387876C60.jpg?alt=media,LQ-WIFI-302 Detector de Humo Wifi,,"ARS 52,300.00",,,
,https://firebasestorage.stagebeta.kyte.site/v0/b/kyte-7c484.appspot.com/o/yqjNgIWNHSPtDU8IsxdtNJ9QjBh2%2Fthumb_280_50A38868-034F-4329-8704-0AB96CAD47EB.jpg?alt=media,LQ-XY222-IP Conectores Empalmables Carcasa,,ARS 330.00,,,
,https://firebasestorage.stagebeta.kyte.site/v0/b/kyte-7c484.appspot.com/o/yqjNgIWNHSPtDU8IsxdtNJ9QjBh2%2Fthumb_280_vZ5XFLLkJzfSpKiBI05UA%3D%3D.jpg?alt=media,LTA750 Taladro con percutor 750w LUSQTOFF,,"ARS 47,700.00",,,
,https://firebasestorage.stagebeta.kyte.site/v0/b/kyte-7c484.appspot.com/o/yqjNgIWNHSPtDU8IsxdtNJ9QjBh2%2Fthumb_280_74492AC0-EA8B-41BB-A116-BF185F6B9527.jpg?alt=media,Luz led larga rígida con imán L7913,,"ARS 41,000.00",,,
,https://firebasestorage.stagebeta.kyte.site/v0/b/kyte-7c484.appspot.com/o/yqjNgIWNHSPtDU8IsxdtNJ9QjBh2%2Fthumb_280_DF6FF3FD-0FB1-4891-BA5A-3567130F8C39.jpg?alt=media,Luz led tira flex. Con imán L7911,,ARS 0.01,,,
MANGUERA 1/2 X15MTS,,MANGUERA 1/2 X15MTS,,"ARS 4,819.50",,,
Manguera de Riego 3/4 50M,,Manguera de Riego 3/4 50M,,"ARS 50,536.50",,,
MANGUERA P/LTL20-8 LUSQTOFF RLTL208R68,,MANGUERA P/LTL20-8 LUSQTOFF RLTL208R68,,"ARS 29,000.00",,,
Manguera Reforzada 1/2 25M,,Manguera Reforzada 1/2 25M,,"ARS 37,695.00",,,
Martillo Demoledor 1500w BlackSeries Lusqt...,,Martillo Demoledor 1500w BlackSeries Lusqtoff MDL1500-9,,"ARS 334,600.00",,,
Martillo Demoledor 1700w Lusqtoff MDL1750-...,,Martillo Demoledor 1700w Lusqtoff MDL1750-8,,ARS 0.01,,,
Mecha 10 160mm,,Mecha 10 160mm,,"ARS 4,336.50",,,
Mecha 10 200mm,,Mecha 10 200mm,,"ARS 6,919.50",,,
Mecha 6 150mm,,Mecha 6 150mm,,"ARS 3,601.50",,,
Mecha 6 sds plus 150mm,,Mecha 6 sds plus 150mm,,ARS 0.01,,,
Mecha 8 150mm,,Mecha 8 150mm,,"ARS 4,147.50",,,
Mecha Acero Rápido 4mm EZ,,Mecha Acero Rápido 4mm EZ,,"ARS 2,614.50",,,
MEDIA SOMBRA 2*50M NEGRA,,MEDIA SOMBRA 2*50M NEGRA,,"ARS 88,434.15",,,
MEDIA SOMBRA NEGRA 80% 4.2*50M,,MEDIA SOMBRA NEGRA 80% 4.2*50M,,"ARS 146,748.00",,,
,https://firebasestorage.stagebeta.kyte.site/v0/b/kyte-7c484.appspot.com/o/yqjNgIWNHSPtDU8IsxdtNJ9QjBh2%2Fthumb_280_3C3A20B8-883D-4B19-921A-E31471E0E1B6.jpg?alt=media,MEDL50-8 Medidor láser. 120mts.,,"ARS 41,000.00",,,
Membrana Aluminizada Premium Flex 4mm 32kg...,,Membrana Aluminizada Premium Flex 4mm 32kg BRIXTER,,"ARS 41,990.00",,,
MER05L Bandera 126x165 Lusqtoff,,MER05L Bandera 126x165 Lusqtoff,,"ARS 15,750.00",,,
,https://firebasestorage.stagebeta.kyte.site/v0/b/kyte-7c484.appspot.com/o/z8ceXb8w02TssUbULtdA08LxbUz1%2Fthumb_280_5c2d0291-2243-4a96-b97d-7b064e48d91f.jpg?alt=media,MIXER LICUADORA DE MANO,,"ARS 18,165.00",,,
MOTOR FUERA DE BORDA LL621,,MOTOR FUERA DE BORDA LL621,,ARS 200.55,,,
,https://firebasestorage.stagebeta.kyte.site/v0/b/kyte-7c484.appspot.com/o/yqjNgIWNHSPtDU8IsxdtNJ9QjBh2%2Fthumb_280_408C2514-B12E-4BCA-8E73-BEC2BAF1DA29.jpg?alt=media,Motosierra Gamma 38cc. G1850AR,,"ARS 102,000.00",,,
Motosierra Naftera 52cc 20” Lusqtoff GS52-...,,Motosierra Naftera 52cc 20” Lusqtoff GS52-7,,"ARS 99,800.00",,,
Muela Copa Turbo 4 1/2” Bremen 7928,,Muela Copa Turbo 4 1/2” Bremen 7928,,"ARS 54,600.00",,,
NV11L-9 Nivelador láser a batería,,NV11L-9 Nivelador láser a batería,,ARS 0.01,,,
Nylon negro 3x200x50m,,Nylon negro 3x200x50m,,"ARS 52,395.08",,,
,https://firebasestorage.stagebeta.kyte.site/v0/b/kyte-7c484.appspot.com/o/yqjNgIWNHSPtDU8IsxdtNJ9QjBh2%2Fthumb_280_800C23F8-C133-4A01-888F-A3F1676ABEE4.jpg?alt=media,OR-17LD ASPIRADORA ORYX 12lts,,"ARS 72,000.00",,,
,https://firebasestorage.stagebeta.kyte.site/v0/b/kyte-7c484.appspot.com/o/yqjNgIWNHSPtDU8IsxdtNJ9QjBh2%2Fthumb_280_8D8D78F7-F7A7-466C-8F35-B8C8500A7ADD.jpg?alt=media,OR-CAG135 Set 4 en 1 Herramientas Inalámbricas ORYX,,"ARS 256,415.25",,,
,https://firebasestorage.stagebeta.kyte.site/v0/b/kyte-7c484.appspot.com/o/yqjNgIWNHSPtDU8IsxdtNJ9QjBh2%2Fthumb_280_36030473-B7B7-4110-B01C-AB76086C1D7C.jpg?alt=media,OR-SC01 Set 5 en 1 Herramientas Inalámbricas ORYX,,"ARS 355,036.50",,,
,https://firebasestorage.stagebeta.kyte.site/v0/b/kyte-7c484.appspot.com/o/yqjNgIWNHSPtDU8IsxdtNJ9QjBh2%2Fthumb_280_Wob5D7oVgVmketC9GltHWw%3D%3D.jpg?alt=media,OR-TS105 Juego de tubos 108 oryx,,"ARS 66,675.00",,,
,https://firebasestorage.stagebeta.kyte.site/v0/b/kyte-7c484.appspot.com/o/z8ceXb8w02TssUbULtdA08LxbUz1%2Fthumb_280_24358E11-4D1B-4C0B-A79A-3953E87AFF05.jpg?alt=media,ORVC500 ASPIRADORA INALAMBRICA,,"ARS 37,695.00",,,
P798 CANILLA NEGRA,,P798 CANILLA NEGRA,,"ARS 16,789.50",,,
,https://firebasestorage.stagebeta.kyte.site/v0/b/kyte-7c484.appspot.com/o/yqjNgIWNHSPtDU8IsxdtNJ9QjBh2%2Fthumb_280_6DE37139-1096-4700-AB16-CDB6E2296B1D.jpg?alt=media,PADL600-9 Pinza Amperimetrica Digital 600v,,"ARS 37,485.00",,,
PAR DE GUANTE MOTEADO LANA GRIS,,PAR DE GUANTE MOTEADO LANA GRIS,,ARS 0.01,,,
Par Guante Rojo 35cm,,Par Guante Rojo 35cm,,"ARS 4,060.88",,,
,https://firebasestorage.stagebeta.kyte.site/v0/b/kyte-7c484.appspot.com/o/yqjNgIWNHSPtDU8IsxdtNJ9QjBh2%2Fthumb_280_05D9D65D-E75D-41DA-AFE3-B739B8EE3BF2.jpg?alt=media,"Parlante bluetooth 6,5 10w. Oryx",,"ARS 21,525.00",,,
,https://firebasestorage.stagebeta.kyte.site/v0/b/kyte-7c484.appspot.com/o/z8ceXb8w02TssUbULtdA08LxbUz1%2Fthumb_280_mbhb%2BaDPq9Vj9ckcUXt3%2Bg%3D%3D.jpg?alt=media,Pava 1.8L Negra StarTrak STJCN150,,"ARS 15,739.50",,,
,https://firebasestorage.stagebeta.kyte.site/v0/b/kyte-7c484.appspot.com/o/yqjNgIWNHSPtDU8IsxdtNJ9QjBh2%2Fthumb_280_F711F329-82D7-466A-9F8C-C8AEC786F6F3.jpg?alt=media,Pegamento Flash SUPRABOND,,"ARS 4,200.00",,,
Pilas AAA Oryx (caja 60 unidades),,Pilas AAA Oryx (caja 60 unidades),,"ARS 8,900.00",,,
PISTOLA AIRE PICO LARGO Y CORTO,,PISTOLA AIRE PICO LARGO Y CORTO,,ARS 0.01,,,
,https://firebasestorage.stagebeta.kyte.site/v0/b/kyte-7c484.appspot.com/o/UxJDx4tXqVMwdhW1pLbTXZQNXC03%2Fthumb_280_13f94f16-5712-4429-88d0-2ffbf0fcf253.jpg?alt=media,Pistola p/sopletear compresor,,"ARS 7,875.00",,,
Punta PH 2x50mm Bremen,,Punta PH 2x50mm Bremen,,"ARS 1,155.00",,,
Punta Philips PH 3 X 5 U,,Punta Philips PH 3 X 5 U,,"ARS 3,675.00",,,
Punta Philips PH0 x5 u,,Punta Philips PH0 x5 u,,"ARS 3,675.00",,,
Punta Philips PH1 X 5U,,Punta Philips PH1 X 5U,,"ARS 3,675.00",,,
Rallador eléctrico LQ-RL030,,Rallador eléctrico LQ-RL030,,ARS 0.01,,,
,https://firebasestorage.stagebeta.kyte.site/v0/b/kyte-7c484.appspot.com/o/z8ceXb8w02TssUbULtdA08LxbUz1%2Fthumb_280_oMV692p8PrJyzQr9mT62w%3D%3D.jpg?alt=media,Raqueta MataMosquitos con Linterna,,"ARS 6,667.50",,,
Reflector Solar de Pie 260w,,Reflector Solar de Pie 260w,,"ARS 194,000.00",,,
Remachadora Manual Profesional Lusqtoff L7...,,Remachadora Manual Profesional Lusqtoff L7703,,"ARS 17,600.00",,,
Repuesto Arranque Lusqtoff,,Repuesto Arranque Lusqtoff,,"ARS 9,000.00",,,
,https://firebasestorage.stagebeta.kyte.site/v0/b/kyte-7c484.appspot.com/o/uNiBt23xEeTLHc6qq0SczvMaNPf1%2Fthumb_280_ypRdaQ9L2tS0k0E9E2PW1Q%3D%3D.jpg?alt=media,Repuesto Espada Lusqtoff,,"ARS 29,299.20",,,
REPUESTO PISTOLA COMPLETA P/ HTEP-1007 LUS...,,REPUESTO PISTOLA COMPLETA P/ HTEP-1007 LUSQTOFF RHTEP1007R27,,"ARS 57,900.00",,,
,https://firebasestorage.stagebeta.kyte.site/v0/b/kyte-7c484.appspot.com/o/yqjNgIWNHSPtDU8IsxdtNJ9QjBh2%2Fthumb_280_22140917-3661-485D-AE84-776E92FE2DF5.jpg?alt=media,RLD52RKIT08 Kit full reparación motor,,"ARS 27,300.00",,,
Servicio Técnico REVISIÓN,,Servicio Técnico REVISIÓN,,"ARS 15,000.00",,,
,https://firebasestorage.stagebeta.kyte.site/v0/b/kyte-7c484.appspot.com/o/yqjNgIWNHSPtDU8IsxdtNJ9QjBh2%2Fthumb_280_EBC5C435-538E-44E7-9D87-432423DD29A5.jpg?alt=media,Set 4 pinzas + 1 perico PRETUL,,ARS 0.01,,,
,https://firebasestorage.stagebeta.kyte.site/v0/b/kyte-7c484.appspot.com/o/yqjNgIWNHSPtDU8IsxdtNJ9QjBh2%2Fthumb_280_AE580D19-89EC-4848-9343-A93A5ED70626.jpg?alt=media,Set destornilladores TRUPER,,ARS 0.01,,,
,https://firebasestorage.stagebeta.kyte.site/v0/b/kyte-7c484.appspot.com/o/yqjNgIWNHSPtDU8IsxdtNJ9QjBh2%2Fthumb_280_8B2B13D6-8F16-4C5C-AAAF-1A384E0D8C19.jpg?alt=media,SETLPA10-9 SER DE LIMPIEZA PARA AUTO,,"ARS 34,900.00",,,
Sierra Ingletadora Lusqtoff LQI1700-8,,Sierra Ingletadora Lusqtoff LQI1700-8,,"ARS 259,800.00",,,
Silicona Acética Transparente Philco V.20/...,,Silicona Acética Transparente Philco V.20/07,,"ARS 1,000.00",,,
,https://firebasestorage.stagebeta.kyte.site/v0/b/kyte-7c484.appspot.com/o/z8ceXb8w02TssUbULtdA08LxbUz1%2Fthumb_280_w5JZVHeKqmcIj61g7cBzA%3D%3D.jpg?alt=media,SILICONA GARDEN PLUS ACÉTICA TRANSPARENTE,,"ARS 2,152.50",,,
SILOC CANALETAS,,SILOC CANALETAS,,"ARS 20,475.00",,,
sintenac cable x50 M 3*6mm,,sintenac cable x50 M 3*6mm,,"ARS 325,500.00",,,
Soldador de estaño 40w Lusqtoff L7952,,Soldador de estaño 40w Lusqtoff L7952,,"ARS 11,900.00",,,
SONDA MILIMETRICA L1013,,SONDA MILIMETRICA L1013,,ARS 0.01,,,
SP48102 PALA RETROEXCAVADORA,,SP48102 PALA RETROEXCAVADORA,,"ARS 34,943,595.57",,,
,https://firebasestorage.stagebeta.kyte.site/v0/b/kyte-7c484.appspot.com/o/yqjNgIWNHSPtDU8IsxdtNJ9QjBh2%2Fthumb_280_C27910BE-990B-4B0C-98E2-7F03DB80CCDB.jpg?alt=media,SPL2000-7 SOPLADOR 2000w.,,"ARS 44,500.00",,,
Sumergible gamma turbia,,Sumergible gamma turbia,,"ARS 143,903.39",,,
Taladro 18v Brushless Lusqtoff TIL45-9BK,,Taladro 18v Brushless Lusqtoff TIL45-9BK,,"ARS 122,800.00",,,
,https://firebasestorage.stagebeta.kyte.site/v0/b/kyte-7c484.appspot.com/o/yqjNgIWNHSPtDU8IsxdtNJ9QjBh2%2Fthumb_280_F3F7537D-BCE5-4C31-B431-43237C9E75DA.jpg?alt=media,TDPL3-8 Tester Digital + Pinza Amperometrica,,"ARS 38,900.00",,,
,https://firebasestorage.stagebeta.kyte.site/v0/b/kyte-7c484.appspot.com/o/kO7PxYkhJuh8ulF3RSBup3HgPoo1%2Fthumb_280_52B57C0F-C269-49BF-9337-A016DABEDE1C.jpg?alt=media,Tee RED ECO 20,,ARS 246.63,,,
Termica 15 amp.,,Termica 15 amp.,,"ARS 3,780.00",,,
,https://firebasestorage.stagebeta.kyte.site/v0/b/kyte-7c484.appspot.com/o/yqjNgIWNHSPtDU8IsxdtNJ9QjBh2%2Fthumb_280_53E51082-C35F-4C49-B082-114846AC8079.jpg?alt=media,TGMCA18 CARGADOR BATERÍA 18V POWER LINK,,ARS 0.01,,,
Tornillo T1 Punta Aguja 8x1/2”,,Tornillo T1 Punta Aguja 8x1/2”,,ARS 16.80,,,
Tornillo T2 DriWall P/F 6x1”,,Tornillo T2 DriWall P/F 6x1”,,ARS 12.60,,,
,https://firebasestorage.stagebeta.kyte.site/v0/b/kyte-7c484.appspot.com/o/yqjNgIWNHSPtDU8IsxdtNJ9QjBh2%2Fthumb_280_83B77293-9C35-46F4-91B9-C02F274E6F4F.jpg?alt=media,TPL710-7 Taladro de impacto 710w Percutor,,"ARS 39,900.00",,,
Traka traka,,Traka traka,,ARS 0.00,,,
,https://firebasestorage.stagebeta.kyte.site/v0/b/kyte-7c484.appspot.com/o/yqjNgIWNHSPtDU8IsxdtNJ9QjBh2%2Fthumb_280_2B702784-A5B6-4605-A31A-6C6BFF004733.jpg?alt=media,Trincheta con repuestos.,,"ARS 3,600.00",,,
,https://firebasestorage.stagebeta.kyte.site/v0/b/kyte-7c484.appspot.com/o/kO7PxYkhJuh8ulF3RSBup3HgPoo1%2Fthumb_280_D3D85F5D-4E34-4FBE-B5C7-88FF488559E5.jpg?alt=media,TUBO R.H 25x 3/4 RED ECO,,"ARS 1,789.52",,,
,https://firebasestorage.stagebeta.kyte.site/v0/b/kyte-7c484.appspot.com/o/kO7PxYkhJuh8ulF3RSBup3HgPoo1%2Fthumb_280_1774C70B-72BA-49FF-A17D-7F49F5714AFB.jpg?alt=media,TUBO R.H 32x1 RED ECO,,"ARS 3,561.82",,,
,https://firebasestorage.stagebeta.kyte.site/v0/b/kyte-7c484.appspot.com/o/kO7PxYkhJuh8ulF3RSBup3HgPoo1%2Fthumb_280_B201EE0B-7C80-4B50-A824-F76D706EB7B0.jpg?alt=media,TUBO R.H 32x3/4 RED ECO,,"ARS 2,856.35",,,
,https://firebasestorage.stagebeta.kyte.site/v0/b/kyte-7c484.appspot.com/o/kO7PxYkhJuh8ulF3RSBup3HgPoo1%2Fthumb_280_4F08C973-3C72-4689-8255-91375F0311DA.jpg?alt=media,TUBO R.M 32x1 RED ECO,,"ARS 4,667.65",,,
,https://firebasestorage.stagebeta.kyte.site/v0/b/kyte-7c484.appspot.com/o/kO7PxYkhJuh8ulF3RSBup3HgPoo1%2Fthumb_280_7F18ECE5-B2E3-4525-8B21-C3260C9D7291.jpg?alt=media,VALVULA ESFERICA 25mm RED ECO,,"ARS 8,633.27",,,
Varios Ferretería,,Varios Ferretería,,ARS 0.01,,,
,https://firebasestorage.stagebeta.kyte.site/v0/b/kyte-7c484.appspot.com/o/UxJDx4tXqVMwdhW1pLbTXZQNXC03%2Fthumb_280_951f5bd6-780b-427a-bed0-b577407384bd.jpg?alt=media,Vaso pistola de pintar,,"ARS 10,500.00",,,
Venda Sintética 1m x 25mts Brixter,,Venda Sintética 1m x 25mts Brixter,,"ARS 5,688.00",,,
Venda Sintética 20cm x 25mts Brixter,,Venda Sintética 20cm x 25mts Brixter,,"ARS 1,204.00",,,
,https://firebasestorage.stagebeta.kyte.site/v0/b/kyte-7c484.appspot.com/o/yqjNgIWNHSPtDU8IsxdtNJ9QjBh2%2Fthumb_280_BD531A3A-18C3-461D-8882-32A091EA4F7E.jpg?alt=media,Ventosa de Aluminio Doble L7602,,"ARS 22,500.00",,,
,https://firebasestorage.stagebeta.kyte.site/v0/b/kyte-7c484.appspot.com/o/yqjNgIWNHSPtDU8IsxdtNJ9QjBh2%2Fthumb_280_2A168ABB-D319-436B-878D-F9EB4B4EA377.jpg?alt=media,Ventosa de Aluminio Triple L7604,,"ARS 29,000.00",,,
Yogurtera 7 Frascos Vidrio Lusqtoff LQ-YT7...,,Yogurtera 7 Frascos Vidrio Lusqtoff LQ-YT700,,"ARS 32,300.00",,,
Yogurtera Digital 7 Frascos Vidrio Lusqtof...,,Yogurtera Digital 7 Frascos Vidrio Lusqtoff LQ-YT701,,"ARS 44,600.00",,,
zorra ancha Helly 2500kg,,zorra ancha Helly 2500kg,,ARS 336.00,,,
ZORRA HELLI  2.5 T,,ZORRA HELLI 2.5 T,,"ARS 577,395.00",,,
